id,product_nk,style_name,category,gender,material_family,unit_weight_kg,list_price,recycled_content_pct,circularity_score,take_back_eligible,valid_from,valid_to,is_current
1,1,realize,SANDAL,MENS,TENCEL Lyocell,0.45,189.99,54.64,54,TRUE,2023-01-01,2024-01-01,FALSE
2,1,production,SANDAL,UNISEX,Bio-EVA,1.6,133.44,34.86,11,TRUE,2024-01-01,2024-12-31,FALSE
3,1,body,SLIPPER,UNISEX,Natural Rubber,1.37,162.46,35.06,90,FALSE,2024-12-31,9999-12-31,TRUE
4,2,sport,RUNNING,MENS,TENCEL Lyocell,1.38,208.14,57.01,68,TRUE,2023-01-01,2024-01-01,FALSE
5,2,party,RUNNING,WOMENS,Hemp Canvas,0.75,95.14,85.8,86,FALSE,2024-01-01,2024-12-31,FALSE
6,2,simple,SNEAKER,UNISEX,Chrome-free Leather,0.47,97.24,65.59,89,FALSE,2024-12-31,9999-12-31,TRUE
7,3,something,SNEAKER,MENS,TENCEL Lyocell,1.31,181.01,48.95,73,FALSE,2023-01-01,2024-01-01,FALSE
8,3,go,BOOT,MENS,Recycled PET,1.35,200.47,40.29,95,TRUE,2024-01-01,2024-12-31,FALSE
9,3,cell,FORMAL,MENS,Apple Leather,0.79,39.52,77.41,93,TRUE,2024-12-31,9999-12-31,TRUE
10,4,another,SLIPPER,MENS,Hemp Canvas,1.42,206.09,39.77,54,FALSE,2023-01-01,2024-01-01,FALSE
11,4,he,RUNNING,WOMENS,Bio-EVA,1.06,66.42,85.24,100,TRUE,2024-01-01,2024-12-31,FALSE
12,4,office,BOOT,WOMENS,Organic Cotton,1.34,135.51,12.42,20,TRUE,2024-12-31,9999-12-31,TRUE
13,5,ground,SNEAKER,KIDS,Natural Rubber,1.23,66.7,65.0,20,FALSE,2023-01-01,2024-01-01,FALSE
14,5,teach,FORMAL,WOMENS,Chrome-free Leather,0.5,178.55,64.89,6,TRUE,2024-01-01,2024-12-31,FALSE
15,5,question,RUNNING,MENS,Natural Rubber,1.19,186.78,0.11,61,TRUE,2024-12-31,9999-12-31,TRUE
16,6,continue,BOOT,MENS,Cork,0.41,111.15,12.06,54,FALSE,2023-01-01,2024-01-01,FALSE
17,6,then,RUNNING,WOMENS,Organic Cotton,1.37,60.67,36.76,38,TRUE,2024-01-01,2024-12-31,FALSE
18,6,start,SANDAL,UNISEX,Organic Cotton,1.59,69.0,53.05,1,FALSE,2024-12-31,9999-12-31,TRUE
19,7,reveal,SNEAKER,WOMENS,Natural Rubber,1.3,232.18,61.61,56,FALSE,2023-01-01,2024-01-01,FALSE
20,7,majority,SNEAKER,WOMENS,TENCEL Lyocell,1.11,119.65,96.32,40,FALSE,2024-01-01,2024-12-31,FALSE
21,7,safe,SNEAKER,MENS,Natural Rubber,1.12,190.45,28.49,88,TRUE,2024-12-31,9999-12-31,TRUE
22,8,measure,SANDAL,UNISEX,Natural Rubber,1.13,78.62,39.18,82,TRUE,2023-01-01,2024-01-01,FALSE
23,8,program,FORMAL,KIDS,Cork,0.54,143.91,59.39,67,FALSE,2024-01-01,2024-12-31,FALSE
24,8,court,SNEAKER,WOMENS,Bio-EVA,0.86,215.18,42.09,69,FALSE,2024-12-31,9999-12-31,TRUE
25,9,talk,SANDAL,KIDS,TENCEL Lyocell,0.42,53.18,26.22,5,FALSE,2023-01-01,2024-01-01,FALSE
26,9,central,FORMAL,MENS,Bio-EVA,1.26,200.09,42.36,51,TRUE,2024-01-01,2024-12-31,FALSE
27,9,at,RUNNING,MENS,Bio-EVA,0.77,146.37,20.32,19,FALSE,2024-12-31,9999-12-31,TRUE
28,10,sense,RUNNING,MENS,Recycled Nylon,1.22,52.88,69.87,93,FALSE,2023-01-01,2024-01-01,FALSE
29,10,stand,SNEAKER,WOMENS,Apple Leather,0.54,167.58,5.5,85,FALSE,2024-01-01,2024-12-31,FALSE
30,10,yet,SANDAL,WOMENS,Hemp Canvas,1.24,73.4,95.3,66,FALSE,2024-12-31,9999-12-31,TRUE
31,11,lot,SANDAL,WOMENS,Chrome-free Leather,1.3,222.43,73.29,15,FALSE,2023-01-01,2024-01-01,FALSE
32,11,although,SNEAKER,UNISEX,Bio-EVA,0.48,188.59,57.67,9,TRUE,2024-01-01,2024-12-31,FALSE
33,11,finally,RUNNING,WOMENS,Recycled Nylon,0.6,72.04,77.33,73,FALSE,2024-12-31,9999-12-31,TRUE
34,12,defense,SNEAKER,UNISEX,Recycled PET,1.43,41.58,4.6,46,TRUE,2023-01-01,2024-01-01,FALSE
35,12,animal,SNEAKER,KIDS,Recycled Nylon,1.06,230.93,74.07,53,TRUE,2024-01-01,2024-12-31,FALSE
36,12,strong,SNEAKER,KIDS,Bio-EVA,1.39,159.02,11.94,86,FALSE,2024-12-31,9999-12-31,TRUE
37,13,decision,SNEAKER,UNISEX,Apple Leather,1.54,53.47,46.51,36,FALSE,2023-01-01,2024-01-01,FALSE
38,13,various,RUNNING,WOMENS,Cork,0.84,100.23,78.45,94,FALSE,2024-01-01,2024-12-31,FALSE
39,13,analysis,RUNNING,MENS,Cork,1.33,80.04,90.04,97,FALSE,2024-12-31,9999-12-31,TRUE
40,14,four,SNEAKER,KIDS,Recycled PET,1.05,172.55,69.35,1,FALSE,2023-01-01,2024-01-01,FALSE
41,14,worker,SNEAKER,MENS,Recycled Nylon,1.27,60.83,52.98,30,TRUE,2024-01-01,2024-12-31,FALSE
42,14,force,SLIPPER,KIDS,Organic Cotton,0.74,48.22,23.15,66,TRUE,2024-12-31,9999-12-31,TRUE
43,15,myself,FORMAL,MENS,Hemp Canvas,1.1,145.14,63.72,50,TRUE,2023-01-01,2024-01-01,FALSE
44,15,information,BOOT,MENS,Apple Leather,0.68,93.81,31.5,50,FALSE,2024-01-01,2024-12-31,FALSE
45,15,teacher,SANDAL,WOMENS,Bio-EVA,0.49,81.57,77.99,74,TRUE,2024-12-31,9999-12-31,TRUE
46,16,of,SNEAKER,MENS,Bio-EVA,0.54,114.24,77.03,57,TRUE,2023-01-01,2024-01-01,FALSE
47,16,material,SNEAKER,WOMENS,Organic Cotton,1.22,212.54,69.69,5,TRUE,2024-01-01,2024-12-31,FALSE
48,16,environment,FORMAL,WOMENS,Hemp Canvas,1.56,122.21,4.9,38,TRUE,2024-12-31,9999-12-31,TRUE
49,17,although,SLIPPER,WOMENS,Chrome-free Leather,0.94,196.1,24.99,59,TRUE,2023-01-01,2024-01-01,FALSE
50,17,some,SANDAL,WOMENS,Recycled PET,1.34,85.68,19.81,51,TRUE,2024-01-01,2024-12-31,FALSE
51,17,radio,BOOT,MENS,Algae Foam,0.71,209.68,2.18,8,TRUE,2024-12-31,9999-12-31,TRUE
52,18,cut,BOOT,UNISEX,Organic Cotton,1.42,208.87,12.25,59,TRUE,2023-01-01,2024-01-01,FALSE
53,18,feeling,FORMAL,MENS,Hemp Canvas,1.0,119.37,42.67,45,TRUE,2024-01-01,2024-12-31,FALSE
54,18,heavy,SNEAKER,WOMENS,Recycled Nylon,0.44,169.03,24.58,37,TRUE,2024-12-31,9999-12-31,TRUE
55,19,training,FORMAL,MENS,Organic Cotton,0.86,127.04,64.27,67,TRUE,2023-01-01,2024-01-01,FALSE
56,19,statement,SLIPPER,MENS,Recycled PET,0.86,188.81,47.97,100,TRUE,2024-01-01,2024-12-31,FALSE
57,19,anyone,FORMAL,MENS,Chrome-free Leather,0.62,105.96,21.9,99,TRUE,2024-12-31,9999-12-31,TRUE
58,20,tree,SANDAL,MENS,Chrome-free Leather,1.1,87.88,15.96,31,FALSE,2023-01-01,2024-01-01,FALSE
59,20,reality,SNEAKER,UNISEX,Apple Leather,0.47,248.24,21.94,49,TRUE,2024-01-01,2024-12-31,FALSE
60,20,glass,SANDAL,UNISEX,Natural Rubber,1.11,208.3,69.76,75,TRUE,2024-12-31,9999-12-31,TRUE
61,21,explain,SANDAL,KIDS,Algae Foam,1.08,78.53,98.8,63,FALSE,2023-01-01,2024-01-01,FALSE
62,21,capital,SNEAKER,WOMENS,Recycled PET,1.12,43.18,47.8,42,FALSE,2024-01-01,2024-12-31,FALSE
63,21,successful,SNEAKER,WOMENS,Hemp Canvas,1.5,216.3,32.36,2,TRUE,2024-12-31,9999-12-31,TRUE
64,22,hold,SANDAL,WOMENS,Organic Cotton,1.03,115.63,7.25,90,FALSE,2023-01-01,2024-01-01,FALSE
65,22,leave,RUNNING,WOMENS,Bio-EVA,0.56,72.08,94.87,81,FALSE,2024-01-01,2024-12-31,FALSE
66,22,visit,BOOT,WOMENS,Apple Leather,1.23,234.06,78.7,28,FALSE,2024-12-31,9999-12-31,TRUE
67,23,instead,SANDAL,MENS,Hemp Canvas,0.75,76.32,0.18,89,FALSE,2023-01-01,2024-01-01,FALSE
68,23,six,RUNNING,KIDS,Apple Leather,0.44,165.5,92.1,78,TRUE,2024-01-01,2024-12-31,FALSE
69,23,less,BOOT,KIDS,Organic Cotton,1.29,88.98,98.24,21,FALSE,2024-12-31,9999-12-31,TRUE
70,24,want,SLIPPER,UNISEX,Hemp Canvas,1.28,109.51,1.14,26,TRUE,2023-01-01,2024-01-01,FALSE
71,24,imagine,SNEAKER,WOMENS,Organic Cotton,0.4,120.05,73.26,21,FALSE,2024-01-01,2024-12-31,FALSE
72,24,group,RUNNING,MENS,Algae Foam,0.52,139.69,86.41,83,FALSE,2024-12-31,9999-12-31,TRUE
73,25,culture,SNEAKER,MENS,TENCEL Lyocell,0.44,43.22,26.11,13,TRUE,2023-01-01,2024-01-01,FALSE
74,25,model,SNEAKER,MENS,Hemp Canvas,1.06,227.61,9.31,76,FALSE,2024-01-01,2024-12-31,FALSE
75,25,role,FORMAL,MENS,Cork,1.18,166.54,43.42,6,TRUE,2024-12-31,9999-12-31,TRUE
76,26,modern,SNEAKER,WOMENS,Hemp Canvas,1.27,192.29,26.53,36,TRUE,2023-01-01,2024-01-01,FALSE
77,26,hold,SNEAKER,MENS,Algae Foam,0.99,50.45,0.38,11,TRUE,2024-01-01,2024-12-31,FALSE
78,26,window,BOOT,MENS,Natural Rubber,0.43,74.87,29.18,10,TRUE,2024-12-31,9999-12-31,TRUE
79,27,subject,SNEAKER,UNISEX,Cork,1.47,94.65,64.19,49,TRUE,2023-01-01,2024-01-01,FALSE
80,27,natural,FORMAL,MENS,Cork,0.72,136.66,22.62,34,FALSE,2024-01-01,2024-12-31,FALSE
81,27,example,SNEAKER,MENS,Organic Cotton,1.2,208.72,41.4,96,FALSE,2024-12-31,9999-12-31,TRUE
82,28,suddenly,BOOT,UNISEX,TENCEL Lyocell,0.9,151.46,86.69,60,FALSE,2023-01-01,2024-01-01,FALSE
83,28,beautiful,SNEAKER,WOMENS,Chrome-free Leather,1.42,46.29,57.12,66,FALSE,2024-01-01,2024-12-31,FALSE
84,28,short,BOOT,MENS,Organic Cotton,1.31,75.3,98.44,27,FALSE,2024-12-31,9999-12-31,TRUE
85,29,language,SNEAKER,MENS,Apple Leather,0.92,248.43,62.72,76,TRUE,2023-01-01,2024-01-01,FALSE
86,29,bar,FORMAL,KIDS,Recycled PET,0.87,122.44,32.61,35,FALSE,2024-01-01,2024-12-31,FALSE
87,29,law,FORMAL,WOMENS,Hemp Canvas,1.11,203.15,11.25,19,TRUE,2024-12-31,9999-12-31,TRUE
88,30,play,BOOT,UNISEX,Apple Leather,1.51,157.16,10.1,36,FALSE,2023-01-01,2024-01-01,FALSE
89,30,test,FORMAL,UNISEX,Bio-EVA,1.19,159.12,47.3,22,TRUE,2024-01-01,2024-12-31,FALSE
90,30,couple,SNEAKER,MENS,Hemp Canvas,0.45,225.81,33.15,30,TRUE,2024-12-31,9999-12-31,TRUE
91,31,offer,RUNNING,WOMENS,Chrome-free Leather,0.81,205.67,31.09,62,FALSE,2023-01-01,2024-01-01,FALSE
92,31,finally,BOOT,KIDS,Natural Rubber,0.76,195.18,77.4,41,TRUE,2024-01-01,2024-12-31,FALSE
93,31,full,RUNNING,MENS,Natural Rubber,0.65,212.03,74.09,97,FALSE,2024-12-31,9999-12-31,TRUE
94,32,board,RUNNING,WOMENS,TENCEL Lyocell,0.48,188.01,40.34,99,FALSE,2023-01-01,2024-01-01,FALSE
95,32,base,FORMAL,WOMENS,Natural Rubber,1.4,214.77,24.95,58,TRUE,2024-01-01,2024-12-31,FALSE
96,32,generation,RUNNING,WOMENS,Chrome-free Leather,0.96,122.36,92.31,87,TRUE,2024-12-31,9999-12-31,TRUE
97,33,recent,RUNNING,MENS,Natural Rubber,1.44,162.24,34.98,20,FALSE,2023-01-01,2024-01-01,FALSE
98,33,find,SNEAKER,UNISEX,Organic Cotton,0.43,49.43,85.38,99,FALSE,2024-01-01,2024-12-31,FALSE
99,33,follow,FORMAL,MENS,Hemp Canvas,0.72,125.0,2.01,99,FALSE,2024-12-31,9999-12-31,TRUE
100,34,like,BOOT,MENS,Organic Cotton,0.61,207.18,22.38,77,FALSE,2023-01-01,2024-01-01,FALSE
101,34,player,RUNNING,KIDS,Recycled Rubber,0.91,118.06,34.87,32,TRUE,2024-01-01,2024-12-31,FALSE
102,34,series,RUNNING,MENS,Recycled Rubber,1.1,40.54,99.94,47,FALSE,2024-12-31,9999-12-31,TRUE
103,35,last,BOOT,WOMENS,Hemp Canvas,0.98,109.62,27.65,41,FALSE,2023-01-01,2024-01-01,FALSE
104,35,compare,SNEAKER,MENS,Recycled Nylon,0.76,70.49,76.55,7,FALSE,2024-01-01,2024-12-31,FALSE
105,35,road,SANDAL,MENS,Recycled Rubber,1.22,190.47,65.54,37,TRUE,2024-12-31,9999-12-31,TRUE
106,36,life,RUNNING,MENS,Recycled PET,1.25,159.13,18.99,92,FALSE,2023-01-01,2024-01-01,FALSE
107,36,have,BOOT,MENS,Cork,1.53,114.28,30.02,21,FALSE,2024-01-01,2024-12-31,FALSE
108,36,likely,FORMAL,WOMENS,Organic Cotton,0.55,93.32,80.83,97,FALSE,2024-12-31,9999-12-31,TRUE
109,37,and,FORMAL,UNISEX,Recycled Rubber,0.67,85.9,87.14,53,FALSE,2023-01-01,2024-01-01,FALSE
110,37,short,RUNNING,WOMENS,Bio-EVA,1.42,137.81,86.64,74,FALSE,2024-01-01,2024-12-31,FALSE
111,37,true,BOOT,MENS,Natural Rubber,0.54,181.95,52.98,52,TRUE,2024-12-31,9999-12-31,TRUE
112,38,which,FORMAL,WOMENS,Natural Rubber,0.89,158.57,90.66,58,TRUE,2023-01-01,2024-01-01,FALSE
113,38,head,FORMAL,WOMENS,Recycled PET,0.8,246.19,31.34,7,TRUE,2024-01-01,2024-12-31,FALSE
114,38,possible,SNEAKER,UNISEX,Natural Rubber,1.32,141.81,76.36,11,TRUE,2024-12-31,9999-12-31,TRUE
115,39,learn,RUNNING,MENS,Cork,0.97,39.98,53.38,93,TRUE,2023-01-01,2024-01-01,FALSE
116,39,face,SNEAKER,WOMENS,TENCEL Lyocell,0.63,181.12,62.67,31,TRUE,2024-01-01,2024-12-31,FALSE
117,39,purpose,FORMAL,WOMENS,Organic Cotton,1.0,103.28,6.53,5,TRUE,2024-12-31,9999-12-31,TRUE
118,40,strong,SNEAKER,UNISEX,Recycled Rubber,0.81,225.47,99.55,43,FALSE,2023-01-01,2024-01-01,FALSE
119,40,yourself,RUNNING,UNISEX,Organic Cotton,1.49,209.52,1.91,28,FALSE,2024-01-01,2024-12-31,FALSE
120,40,art,SNEAKER,UNISEX,Recycled Rubber,0.6,115.98,65.05,4,TRUE,2024-12-31,9999-12-31,TRUE
121,41,bad,BOOT,UNISEX,Recycled Rubber,1.11,49.07,10.81,2,TRUE,2023-01-01,2024-01-01,FALSE
122,41,remain,SNEAKER,MENS,Organic Cotton,0.7,186.39,20.55,87,FALSE,2024-01-01,2024-12-31,FALSE
123,41,public,RUNNING,MENS,Recycled Rubber,0.72,166.18,13.72,13,FALSE,2024-12-31,9999-12-31,TRUE
124,42,into,BOOT,WOMENS,TENCEL Lyocell,1.0,166.89,77.8,66,FALSE,2023-01-01,2024-01-01,FALSE
125,42,himself,RUNNING,MENS,Organic Cotton,1.06,230.17,68.82,61,TRUE,2024-01-01,2024-12-31,FALSE
126,42,must,SNEAKER,MENS,Recycled Nylon,1.4,179.49,14.91,11,FALSE,2024-12-31,9999-12-31,TRUE
127,43,suddenly,SNEAKER,MENS,Recycled Nylon,1.17,134.92,97.73,33,TRUE,2023-01-01,2024-01-01,FALSE
128,43,so,SNEAKER,WOMENS,Recycled PET,0.75,207.34,31.27,94,TRUE,2024-01-01,2024-12-31,FALSE
129,43,respond,FORMAL,UNISEX,Recycled PET,0.57,174.91,32.87,56,FALSE,2024-12-31,9999-12-31,TRUE
130,44,collection,SNEAKER,UNISEX,Chrome-free Leather,0.81,62.9,40.03,58,TRUE,2023-01-01,2024-01-01,FALSE
131,44,allow,RUNNING,UNISEX,TENCEL Lyocell,1.18,206.35,11.31,89,FALSE,2024-01-01,2024-12-31,FALSE
132,44,character,SLIPPER,UNISEX,Organic Cotton,1.49,140.36,56.89,56,TRUE,2024-12-31,9999-12-31,TRUE
133,45,time,RUNNING,WOMENS,Recycled PET,1.22,215.09,97.34,16,TRUE,2023-01-01,2024-01-01,FALSE
134,45,political,RUNNING,UNISEX,Cork,0.48,176.54,1.24,86,FALSE,2024-01-01,2024-12-31,FALSE
135,45,resource,SANDAL,MENS,Natural Rubber,1.55,222.36,51.91,88,FALSE,2024-12-31,9999-12-31,TRUE
136,46,station,SNEAKER,MENS,Natural Rubber,0.81,181.02,38.49,71,FALSE,2023-01-01,2024-01-01,FALSE
137,46,left,BOOT,WOMENS,Apple Leather,1.01,137.55,49.58,21,TRUE,2024-01-01,2024-12-31,FALSE
138,46,already,RUNNING,WOMENS,Apple Leather,0.46,85.77,64.33,51,FALSE,2024-12-31,9999-12-31,TRUE
139,47,card,SNEAKER,MENS,Algae Foam,0.51,143.68,31.61,63,FALSE,2023-01-01,2024-01-01,FALSE
140,47,audience,SNEAKER,MENS,Recycled PET,1.06,212.44,79.18,79,FALSE,2024-01-01,2024-12-31,FALSE
141,47,eat,FORMAL,MENS,Recycled Rubber,0.95,110.58,82.53,28,FALSE,2024-12-31,9999-12-31,TRUE
142,48,start,RUNNING,UNISEX,Recycled Rubber,1.26,115.29,45.25,12,FALSE,2023-01-01,2024-01-01,FALSE
143,48,quite,SNEAKER,WOMENS,TENCEL Lyocell,1.56,100.32,52.2,89,TRUE,2024-01-01,2024-12-31,FALSE
144,48,hit,FORMAL,MENS,TENCEL Lyocell,1.29,124.93,25.43,25,TRUE,2024-12-31,9999-12-31,TRUE
145,49,high,FORMAL,MENS,Cork,1.34,189.53,10.78,53,TRUE,2023-01-01,2024-01-01,FALSE
146,49,identify,BOOT,MENS,Organic Cotton,1.47,135.05,58.93,64,TRUE,2024-01-01,2024-12-31,FALSE
147,49,our,RUNNING,MENS,Recycled PET,1.52,215.15,48.29,65,FALSE,2024-12-31,9999-12-31,TRUE
148,50,alone,FORMAL,MENS,Natural Rubber,1.38,60.75,65.75,77,FALSE,2023-01-01,2024-01-01,FALSE
149,50,point,RUNNING,MENS,Apple Leather,1.5,199.1,27.36,43,FALSE,2024-01-01,2024-12-31,FALSE
150,50,class,RUNNING,WOMENS,Chrome-free Leather,1.24,196.17,29.89,89,FALSE,2024-12-31,9999-12-31,TRUE
151,51,respond,RUNNING,UNISEX,Algae Foam,0.66,83.04,71.44,87,TRUE,2023-01-01,2024-01-01,FALSE
152,51,listen,BOOT,KIDS,Recycled Rubber,1.55,144.82,69.43,41,FALSE,2024-01-01,2024-12-31,FALSE
153,51,hospital,SANDAL,MENS,Algae Foam,1.53,188.13,67.42,68,TRUE,2024-12-31,9999-12-31,TRUE
154,52,hot,SANDAL,UNISEX,Algae Foam,0.43,69.52,67.03,25,TRUE,2023-01-01,2024-01-01,FALSE
155,52,life,SANDAL,KIDS,Hemp Canvas,0.58,52.03,78.44,26,FALSE,2024-01-01,2024-12-31,FALSE
156,52,source,SNEAKER,UNISEX,Organic Cotton,1.44,194.29,86.48,95,FALSE,2024-12-31,9999-12-31,TRUE
157,53,ball,RUNNING,MENS,TENCEL Lyocell,1.24,184.52,4.7,48,TRUE,2023-01-01,2024-01-01,FALSE
158,53,painting,SLIPPER,KIDS,Bio-EVA,1.06,41.72,25.13,79,FALSE,2024-01-01,2024-12-31,FALSE
159,53,certain,FORMAL,MENS,Natural Rubber,1.16,188.0,36.77,75,FALSE,2024-12-31,9999-12-31,TRUE
160,54,next,BOOT,UNISEX,Apple Leather,0.75,76.26,68.27,23,FALSE,2023-01-01,2024-01-01,FALSE
161,54,hit,SANDAL,WOMENS,Recycled PET,0.73,94.49,16.09,32,TRUE,2024-01-01,2024-12-31,FALSE
162,54,information,RUNNING,KIDS,Recycled PET,1.51,164.34,77.37,80,FALSE,2024-12-31,9999-12-31,TRUE
163,55,former,BOOT,MENS,Algae Foam,0.83,203.65,31.79,28,FALSE,2023-01-01,2024-01-01,FALSE
164,55,rate,RUNNING,UNISEX,Organic Cotton,1.05,123.72,34.94,27,FALSE,2024-01-01,2024-12-31,FALSE
165,55,family,RUNNING,WOMENS,Apple Leather,1.14,138.72,56.13,96,FALSE,2024-12-31,9999-12-31,TRUE
166,56,enjoy,SNEAKER,MENS,Cork,1.49,167.88,62.11,5,FALSE,2023-01-01,2024-01-01,FALSE
167,56,build,RUNNING,KIDS,Apple Leather,0.86,152.45,28.28,66,FALSE,2024-01-01,2024-12-31,FALSE
168,56,agree,RUNNING,UNISEX,Cork,0.45,227.64,19.25,65,TRUE,2024-12-31,9999-12-31,TRUE
169,57,simply,SNEAKER,KIDS,TENCEL Lyocell,1.04,170.66,21.08,80,FALSE,2023-01-01,2024-01-01,FALSE
170,57,cultural,FORMAL,MENS,Organic Cotton,1.05,186.58,97.62,99,TRUE,2024-01-01,2024-12-31,FALSE
171,57,money,SANDAL,WOMENS,Hemp Canvas,0.43,189.54,3.79,9,TRUE,2024-12-31,9999-12-31,TRUE
172,58,national,SANDAL,MENS,Algae Foam,0.67,93.32,38.8,80,TRUE,2023-01-01,2024-01-01,FALSE
173,58,impact,RUNNING,MENS,Organic Cotton,0.41,190.26,6.32,95,FALSE,2024-01-01,2024-12-31,FALSE
174,58,white,SANDAL,WOMENS,Apple Leather,0.53,204.25,30.14,11,TRUE,2024-12-31,9999-12-31,TRUE
175,59,or,FORMAL,MENS,TENCEL Lyocell,0.44,71.83,21.99,95,TRUE,2023-01-01,2024-01-01,FALSE
176,59,buy,SANDAL,MENS,Apple Leather,0.57,181.23,91.42,93,FALSE,2024-01-01,2024-12-31,FALSE
177,59,everybody,SLIPPER,WOMENS,Recycled Nylon,0.57,47.77,57.27,50,FALSE,2024-12-31,9999-12-31,TRUE
178,60,stage,FORMAL,WOMENS,Hemp Canvas,1.48,111.21,41.27,82,FALSE,2023-01-01,2024-01-01,FALSE
179,60,ever,SNEAKER,WOMENS,Recycled Rubber,0.7,63.07,67.1,72,FALSE,2024-01-01,2024-12-31,FALSE
180,60,score,FORMAL,KIDS,Apple Leather,0.95,154.43,29.07,8,TRUE,2024-12-31,9999-12-31,TRUE
181,61,like,SNEAKER,MENS,Apple Leather,0.83,179.97,23.45,36,FALSE,2023-01-01,2024-01-01,FALSE
182,61,difficult,FORMAL,WOMENS,Cork,1.14,103.19,58.42,72,FALSE,2024-01-01,2024-12-31,FALSE
183,61,population,SANDAL,KIDS,Natural Rubber,0.78,203.99,71.22,82,TRUE,2024-12-31,9999-12-31,TRUE
184,62,feeling,SANDAL,WOMENS,Hemp Canvas,1.45,136.2,35.87,39,TRUE,2023-01-01,2024-01-01,FALSE
185,62,rule,SNEAKER,MENS,Recycled PET,0.74,212.55,89.13,25,TRUE,2024-01-01,2024-12-31,FALSE
186,62,whom,FORMAL,WOMENS,Recycled PET,0.42,145.51,3.12,74,FALSE,2024-12-31,9999-12-31,TRUE
187,63,military,SANDAL,WOMENS,Recycled PET,0.71,226.74,53.97,83,FALSE,2023-01-01,2024-01-01,FALSE
188,63,decision,RUNNING,WOMENS,TENCEL Lyocell,1.28,100.11,46.47,65,TRUE,2024-01-01,2024-12-31,FALSE
189,63,can,RUNNING,WOMENS,Natural Rubber,1.56,245.19,68.42,96,FALSE,2024-12-31,9999-12-31,TRUE
190,64,central,RUNNING,WOMENS,Apple Leather,1.19,242.22,73.59,61,FALSE,2023-01-01,2024-01-01,FALSE
191,64,tonight,SNEAKER,UNISEX,Natural Rubber,0.72,88.14,66.86,66,FALSE,2024-01-01,2024-12-31,FALSE
192,64,back,RUNNING,MENS,Cork,0.46,244.92,32.41,90,FALSE,2024-12-31,9999-12-31,TRUE
193,65,live,BOOT,WOMENS,Hemp Canvas,1.09,158.73,37.67,48,TRUE,2023-01-01,2024-01-01,FALSE
194,65,consider,BOOT,UNISEX,Algae Foam,0.85,229.52,51.64,45,FALSE,2024-01-01,2024-12-31,FALSE
195,65,way,RUNNING,UNISEX,Recycled Nylon,0.41,224.23,43.99,29,TRUE,2024-12-31,9999-12-31,TRUE
196,66,sell,BOOT,WOMENS,Natural Rubber,0.83,189.63,11.83,29,TRUE,2023-01-01,2024-01-01,FALSE
197,66,light,RUNNING,WOMENS,Hemp Canvas,0.97,163.07,64.73,52,TRUE,2024-01-01,2024-12-31,FALSE
198,66,begin,SNEAKER,MENS,Organic Cotton,1.16,47.23,57.23,7,TRUE,2024-12-31,9999-12-31,TRUE
199,67,take,FORMAL,MENS,Chrome-free Leather,1.56,172.9,87.85,93,FALSE,2023-01-01,2024-01-01,FALSE
200,67,rest,SNEAKER,WOMENS,Cork,1.59,221.13,17.06,52,FALSE,2024-01-01,2024-12-31,FALSE
201,67,through,SANDAL,UNISEX,Natural Rubber,1.19,94.55,72.42,43,FALSE,2024-12-31,9999-12-31,TRUE
202,68,front,BOOT,WOMENS,Chrome-free Leather,0.56,42.48,52.27,64,FALSE,2023-01-01,2024-01-01,FALSE
203,68,region,SANDAL,MENS,Natural Rubber,1.48,164.96,87.78,68,FALSE,2024-01-01,2024-12-31,FALSE
204,68,hand,SNEAKER,MENS,Organic Cotton,1.12,212.78,89.7,99,FALSE,2024-12-31,9999-12-31,TRUE
205,69,security,RUNNING,MENS,Recycled Nylon,1.24,129.08,93.84,61,FALSE,2023-01-01,2024-01-01,FALSE
206,69,attention,RUNNING,MENS,Hemp Canvas,1.31,185.31,9.77,17,TRUE,2024-01-01,2024-12-31,FALSE
207,69,oil,SANDAL,KIDS,Organic Cotton,1.12,153.18,25.78,0,FALSE,2024-12-31,9999-12-31,TRUE
208,70,occur,SANDAL,MENS,Organic Cotton,0.41,176.45,68.78,40,TRUE,2023-01-01,2024-01-01,FALSE
209,70,fill,SNEAKER,MENS,Recycled Rubber,0.71,151.58,56.47,78,TRUE,2024-01-01,2024-12-31,FALSE
210,70,vote,BOOT,UNISEX,Chrome-free Leather,1.34,140.32,37.02,71,TRUE,2024-12-31,9999-12-31,TRUE
211,71,first,SLIPPER,MENS,TENCEL Lyocell,0.88,67.99,86.38,15,FALSE,2023-01-01,2024-01-01,FALSE
212,71,today,RUNNING,MENS,Organic Cotton,0.66,123.12,33.84,70,FALSE,2024-01-01,2024-12-31,FALSE
213,71,coach,BOOT,WOMENS,Chrome-free Leather,1.16,207.92,82.33,60,FALSE,2024-12-31,9999-12-31,TRUE
214,72,seek,RUNNING,WOMENS,Natural Rubber,0.5,46.93,38.43,51,FALSE,2023-01-01,2024-01-01,FALSE
215,72,security,RUNNING,MENS,Recycled Rubber,1.53,211.25,64.03,56,TRUE,2024-01-01,2024-12-31,FALSE
216,72,within,FORMAL,KIDS,Algae Foam,0.63,203.63,51.05,89,TRUE,2024-12-31,9999-12-31,TRUE
217,73,school,SNEAKER,WOMENS,Natural Rubber,0.4,72.06,99.68,99,TRUE,2023-01-01,2024-01-01,FALSE
218,73,pull,BOOT,MENS,Natural Rubber,0.42,186.76,91.92,70,TRUE,2024-01-01,2024-12-31,FALSE
219,73,contain,SANDAL,KIDS,Chrome-free Leather,1.56,97.07,60.64,24,TRUE,2024-12-31,9999-12-31,TRUE
220,74,student,RUNNING,WOMENS,Natural Rubber,1.01,156.31,50.32,43,FALSE,2023-01-01,2024-01-01,FALSE
221,74,high,SANDAL,KIDS,Recycled Nylon,1.38,159.73,69.42,48,FALSE,2024-01-01,2024-12-31,FALSE
222,74,movie,SANDAL,UNISEX,Apple Leather,0.95,135.75,58.68,3,TRUE,2024-12-31,9999-12-31,TRUE
223,75,door,SNEAKER,MENS,TENCEL Lyocell,0.66,186.25,80.02,52,FALSE,2023-01-01,2024-01-01,FALSE
224,75,campaign,RUNNING,WOMENS,TENCEL Lyocell,0.7,58.53,67.37,43,TRUE,2024-01-01,2024-12-31,FALSE
225,75,deep,FORMAL,MENS,Chrome-free Leather,1.47,95.51,94.71,87,FALSE,2024-12-31,9999-12-31,TRUE
226,76,structure,SNEAKER,UNISEX,Natural Rubber,0.69,94.74,22.92,31,FALSE,2023-01-01,2024-01-01,FALSE
227,76,chair,RUNNING,UNISEX,Organic Cotton,0.49,239.71,49.27,0,FALSE,2024-01-01,2024-12-31,FALSE
228,76,economic,RUNNING,WOMENS,Cork,1.14,142.39,98.54,73,FALSE,2024-12-31,9999-12-31,TRUE
229,77,street,RUNNING,KIDS,Recycled Nylon,0.74,85.64,57.67,6,FALSE,2023-01-01,2024-01-01,FALSE
230,77,minute,RUNNING,KIDS,Recycled PET,0.82,219.68,77.59,58,FALSE,2024-01-01,2024-12-31,FALSE
231,77,agree,BOOT,MENS,Hemp Canvas,0.41,83.26,58.1,41,TRUE,2024-12-31,9999-12-31,TRUE
232,78,herself,FORMAL,WOMENS,Bio-EVA,0.72,240.29,34.31,23,TRUE,2023-01-01,2024-01-01,FALSE
233,78,once,SNEAKER,MENS,Chrome-free Leather,1.43,97.72,17.99,16,FALSE,2024-01-01,2024-12-31,FALSE
234,78,page,BOOT,UNISEX,Hemp Canvas,1.36,155.62,85.63,25,TRUE,2024-12-31,9999-12-31,TRUE
235,79,home,SLIPPER,WOMENS,TENCEL Lyocell,0.61,143.92,99.56,80,FALSE,2023-01-01,2024-01-01,FALSE
236,79,manage,SANDAL,UNISEX,Bio-EVA,1.07,158.25,39.84,88,TRUE,2024-01-01,2024-12-31,FALSE
237,79,suggest,SNEAKER,WOMENS,Recycled Nylon,0.52,195.36,25.98,46,FALSE,2024-12-31,9999-12-31,TRUE
238,80,ok,FORMAL,WOMENS,Recycled PET,0.55,221.15,96.31,25,FALSE,2023-01-01,2024-01-01,FALSE
239,80,carry,BOOT,MENS,Apple Leather,0.74,107.27,51.04,99,FALSE,2024-01-01,2024-12-31,FALSE
240,80,population,FORMAL,MENS,Bio-EVA,1.16,69.42,16.76,43,TRUE,2024-12-31,9999-12-31,TRUE
241,81,usually,BOOT,MENS,Recycled Nylon,0.49,111.16,31.35,83,TRUE,2023-01-01,2024-01-01,FALSE
242,81,before,SNEAKER,MENS,Bio-EVA,0.93,220.19,36.32,75,FALSE,2024-01-01,2024-12-31,FALSE
243,81,attorney,RUNNING,WOMENS,Recycled Nylon,0.55,88.27,25.16,95,FALSE,2024-12-31,9999-12-31,TRUE
244,82,for,SNEAKER,WOMENS,Organic Cotton,0.48,223.53,54.84,3,FALSE,2023-01-01,2024-01-01,FALSE
245,82,information,RUNNING,KIDS,Organic Cotton,1.14,56.71,93.16,49,TRUE,2024-01-01,2024-12-31,FALSE
246,82,series,SNEAKER,WOMENS,Recycled Rubber,0.56,215.09,2.86,84,TRUE,2024-12-31,9999-12-31,TRUE
247,83,serve,FORMAL,UNISEX,Cork,1.45,235.32,54.85,17,FALSE,2023-01-01,2024-01-01,FALSE
248,83,measure,BOOT,WOMENS,Recycled Rubber,1.16,172.53,56.4,67,FALSE,2024-01-01,2024-12-31,FALSE
249,83,never,RUNNING,UNISEX,Cork,0.67,57.81,30.79,52,TRUE,2024-12-31,9999-12-31,TRUE
250,84,item,RUNNING,WOMENS,TENCEL Lyocell,1.42,111.22,46.92,1,FALSE,2023-01-01,2024-01-01,FALSE
251,84,specific,RUNNING,UNISEX,Bio-EVA,1.32,206.57,59.7,0,FALSE,2024-01-01,2024-12-31,FALSE
252,84,it,SNEAKER,UNISEX,Cork,0.7,189.14,64.6,48,TRUE,2024-12-31,9999-12-31,TRUE
253,85,than,SNEAKER,MENS,Algae Foam,1.36,167.78,69.39,34,TRUE,2023-01-01,2024-01-01,FALSE
254,85,paper,SANDAL,UNISEX,Chrome-free Leather,1.42,77.31,28.96,81,TRUE,2024-01-01,2024-12-31,FALSE
255,85,back,RUNNING,MENS,Cork,0.78,70.95,96.97,2,TRUE,2024-12-31,9999-12-31,TRUE
256,86,car,SNEAKER,WOMENS,Hemp Canvas,1.27,87.89,15.07,63,TRUE,2023-01-01,2024-01-01,FALSE
257,86,free,RUNNING,UNISEX,Cork,0.85,185.36,3.17,10,FALSE,2024-01-01,2024-12-31,FALSE
258,86,quality,SLIPPER,WOMENS,TENCEL Lyocell,0.49,137.73,19.22,32,FALSE,2024-12-31,9999-12-31,TRUE
259,87,back,SANDAL,WOMENS,TENCEL Lyocell,0.7,200.96,44.3,94,FALSE,2023-01-01,2024-01-01,FALSE
260,87,listen,SNEAKER,UNISEX,Organic Cotton,1.2,82.77,38.91,39,FALSE,2024-01-01,2024-12-31,FALSE
261,87,man,SNEAKER,UNISEX,Hemp Canvas,1.06,64.65,48.12,38,TRUE,2024-12-31,9999-12-31,TRUE
262,88,response,FORMAL,UNISEX,Natural Rubber,0.54,171.91,32.45,21,FALSE,2023-01-01,2024-01-01,FALSE
263,88,nation,BOOT,MENS,Natural Rubber,1.56,161.03,69.08,88,FALSE,2024-01-01,2024-12-31,FALSE
264,88,guy,RUNNING,WOMENS,Organic Cotton,0.51,168.92,93.08,97,FALSE,2024-12-31,9999-12-31,TRUE
265,89,career,SNEAKER,MENS,Hemp Canvas,1.35,65.42,23.27,71,FALSE,2023-01-01,2024-01-01,FALSE
266,89,unit,SANDAL,UNISEX,Cork,0.63,183.74,35.82,17,TRUE,2024-01-01,2024-12-31,FALSE
267,89,them,SNEAKER,MENS,Algae Foam,1.05,141.92,56.67,69,TRUE,2024-12-31,9999-12-31,TRUE
268,90,state,SANDAL,WOMENS,TENCEL Lyocell,1.5,155.45,6.89,19,TRUE,2023-01-01,2024-01-01,FALSE
269,90,ok,SANDAL,MENS,Cork,1.33,145.25,73.37,2,FALSE,2024-01-01,2024-12-31,FALSE
270,90,push,RUNNING,MENS,Bio-EVA,0.48,242.1,81.9,24,FALSE,2024-12-31,9999-12-31,TRUE
271,91,people,RUNNING,MENS,Recycled Rubber,0.79,173.59,11.05,66,FALSE,2023-01-01,2024-01-01,FALSE
272,91,court,SNEAKER,KIDS,Natural Rubber,0.44,61.48,19.16,4,FALSE,2024-01-01,2024-12-31,FALSE
273,91,special,SANDAL,MENS,Algae Foam,1.24,92.75,36.64,77,FALSE,2024-12-31,9999-12-31,TRUE
274,92,carry,SNEAKER,KIDS,Recycled Rubber,1.51,213.74,46.81,81,TRUE,2023-01-01,2024-01-01,FALSE
275,92,lead,BOOT,KIDS,Chrome-free Leather,0.84,187.77,82.36,34,FALSE,2024-01-01,2024-12-31,FALSE
276,92,morning,SANDAL,UNISEX,Recycled PET,0.66,148.09,10.12,29,FALSE,2024-12-31,9999-12-31,TRUE
277,93,whether,SNEAKER,MENS,Natural Rubber,1.15,76.57,74.92,53,FALSE,2023-01-01,2024-01-01,FALSE
278,93,trouble,SANDAL,MENS,Hemp Canvas,1.24,128.69,10.41,23,FALSE,2024-01-01,2024-12-31,FALSE
279,93,around,RUNNING,MENS,Algae Foam,1.12,235.04,90.25,70,FALSE,2024-12-31,9999-12-31,TRUE
280,94,theory,RUNNING,MENS,TENCEL Lyocell,0.92,191.43,60.84,72,FALSE,2023-01-01,2024-01-01,FALSE
281,94,capital,RUNNING,MENS,Hemp Canvas,0.83,134.0,95.98,0,FALSE,2024-01-01,2024-12-31,FALSE
282,94,national,SLIPPER,MENS,Algae Foam,1.59,102.39,30.03,28,TRUE,2024-12-31,9999-12-31,TRUE
283,95,claim,RUNNING,UNISEX,Apple Leather,1.39,232.01,51.13,73,FALSE,2023-01-01,2024-01-01,FALSE
284,95,fly,SNEAKER,WOMENS,Chrome-free Leather,0.57,116.09,58.22,29,TRUE,2024-01-01,2024-12-31,FALSE
285,95,community,RUNNING,MENS,Algae Foam,0.66,55.21,32.47,61,TRUE,2024-12-31,9999-12-31,TRUE
286,96,color,SANDAL,MENS,Algae Foam,1.49,164.0,30.04,93,FALSE,2023-01-01,2024-01-01,FALSE
287,96,future,RUNNING,UNISEX,Apple Leather,0.8,223.76,43.43,15,FALSE,2024-01-01,2024-12-31,FALSE
288,96,worry,SNEAKER,MENS,Recycled Rubber,0.41,202.26,38.25,39,FALSE,2024-12-31,9999-12-31,TRUE
289,97,security,RUNNING,MENS,Bio-EVA,1.24,71.17,67.36,50,FALSE,2023-01-01,2024-01-01,FALSE
290,97,down,SANDAL,MENS,Organic Cotton,0.92,204.14,14.8,43,TRUE,2024-01-01,2024-12-31,FALSE
291,97,half,BOOT,WOMENS,Chrome-free Leather,0.5,144.38,77.38,16,FALSE,2024-12-31,9999-12-31,TRUE
292,98,yourself,RUNNING,WOMENS,Chrome-free Leather,1.09,156.85,99.71,67,TRUE,2023-01-01,2024-01-01,FALSE
293,98,yeah,SNEAKER,UNISEX,Bio-EVA,1.51,57.81,67.17,54,TRUE,2024-01-01,2024-12-31,FALSE
294,98,natural,SNEAKER,WOMENS,Recycled Rubber,1.32,74.54,34.97,56,FALSE,2024-12-31,9999-12-31,TRUE
295,99,want,RUNNING,KIDS,Natural Rubber,1.22,71.76,72.85,10,TRUE,2023-01-01,2024-01-01,FALSE
296,99,federal,SNEAKER,KIDS,Apple Leather,1.44,211.23,1.37,88,FALSE,2024-01-01,2024-12-31,FALSE
297,99,throughout,RUNNING,MENS,Bio-EVA,1.29,83.49,54.64,96,TRUE,2024-12-31,9999-12-31,TRUE
298,100,bar,RUNNING,UNISEX,Organic Cotton,1.24,42.86,58.3,84,FALSE,2023-01-01,2024-01-01,FALSE
299,100,enough,SNEAKER,WOMENS,Natural Rubber,1.24,95.97,46.5,1,TRUE,2024-01-01,2024-12-31,FALSE
300,100,debate,BOOT,MENS,Recycled Nylon,0.83,61.66,29.25,83,TRUE,2024-12-31,9999-12-31,TRUE
301,101,prove,SLIPPER,MENS,Hemp Canvas,1.48,140.78,59.71,11,TRUE,2023-01-01,2024-01-01,FALSE
302,101,ok,RUNNING,MENS,Apple Leather,0.43,90.95,52.94,42,TRUE,2024-01-01,2024-12-31,FALSE
303,101,face,SANDAL,WOMENS,Hemp Canvas,0.83,102.49,99.6,64,TRUE,2024-12-31,9999-12-31,TRUE
304,102,car,SNEAKER,WOMENS,Chrome-free Leather,1.6,246.98,94.41,35,TRUE,2023-01-01,2024-01-01,FALSE
305,102,process,RUNNING,MENS,Organic Cotton,1.28,148.35,67.8,80,FALSE,2024-01-01,2024-12-31,FALSE
306,102,floor,RUNNING,MENS,Cork,0.77,166.13,44.92,16,TRUE,2024-12-31,9999-12-31,TRUE
307,103,possible,SNEAKER,MENS,TENCEL Lyocell,1.44,103.89,70.51,67,FALSE,2023-01-01,2024-01-01,FALSE
308,103,none,RUNNING,UNISEX,TENCEL Lyocell,1.19,157.62,15.8,8,FALSE,2024-01-01,2024-12-31,FALSE
309,103,better,FORMAL,WOMENS,Bio-EVA,1.46,191.69,76.54,52,FALSE,2024-12-31,9999-12-31,TRUE
310,104,morning,RUNNING,UNISEX,TENCEL Lyocell,1.16,194.05,15.2,24,TRUE,2023-01-01,2024-01-01,FALSE
311,104,put,SNEAKER,UNISEX,Recycled Rubber,0.72,158.08,23.09,29,TRUE,2024-01-01,2024-12-31,FALSE
312,104,concern,SNEAKER,WOMENS,TENCEL Lyocell,0.56,216.69,46.88,83,TRUE,2024-12-31,9999-12-31,TRUE
313,105,person,FORMAL,MENS,Organic Cotton,0.63,45.77,76.45,1,FALSE,2023-01-01,2024-01-01,FALSE
314,105,year,SLIPPER,WOMENS,Hemp Canvas,0.64,81.96,17.71,56,FALSE,2024-01-01,2024-12-31,FALSE
315,105,partner,RUNNING,WOMENS,Cork,0.7,124.02,4.18,94,FALSE,2024-12-31,9999-12-31,TRUE
316,106,class,SANDAL,MENS,Apple Leather,1.09,151.59,64.14,90,FALSE,2023-01-01,2024-01-01,FALSE
317,106,Congress,RUNNING,MENS,TENCEL Lyocell,0.45,248.13,51.87,50,FALSE,2024-01-01,2024-12-31,FALSE
318,106,reason,SNEAKER,MENS,TENCEL Lyocell,1.56,78.87,43.96,38,FALSE,2024-12-31,9999-12-31,TRUE
319,107,probably,SNEAKER,WOMENS,Bio-EVA,1.5,183.89,90.37,59,FALSE,2023-01-01,2024-01-01,FALSE
320,107,service,RUNNING,MENS,Organic Cotton,1.33,235.95,69.61,17,TRUE,2024-01-01,2024-12-31,FALSE
321,107,week,RUNNING,WOMENS,Cork,1.48,227.12,88.25,11,TRUE,2024-12-31,9999-12-31,TRUE
322,108,point,BOOT,UNISEX,TENCEL Lyocell,1.26,64.94,11.42,57,FALSE,2023-01-01,2024-01-01,FALSE
323,108,green,SNEAKER,MENS,Hemp Canvas,1.57,167.54,15.99,70,TRUE,2024-01-01,2024-12-31,FALSE
324,108,thousand,SANDAL,KIDS,Algae Foam,1.19,70.52,86.88,22,FALSE,2024-12-31,9999-12-31,TRUE
325,109,window,SNEAKER,WOMENS,Hemp Canvas,1.55,99.64,18.07,16,FALSE,2023-01-01,2024-01-01,FALSE
326,109,organization,SNEAKER,UNISEX,Recycled PET,1.0,143.71,80.75,77,FALSE,2024-01-01,2024-12-31,FALSE
327,109,analysis,SNEAKER,MENS,Cork,0.89,55.68,60.01,31,FALSE,2024-12-31,9999-12-31,TRUE
328,110,that,SNEAKER,MENS,TENCEL Lyocell,0.65,77.82,5.51,44,TRUE,2023-01-01,2024-01-01,FALSE
329,110,treat,FORMAL,MENS,Recycled Nylon,0.76,232.28,4.9,53,FALSE,2024-01-01,2024-12-31,FALSE
330,110,air,SNEAKER,WOMENS,Recycled Rubber,1.24,159.18,56.22,58,FALSE,2024-12-31,9999-12-31,TRUE
331,111,beat,RUNNING,WOMENS,TENCEL Lyocell,0.79,227.48,82.03,97,TRUE,2023-01-01,2024-01-01,FALSE
332,111,answer,BOOT,WOMENS,Organic Cotton,1.23,96.63,52.71,67,TRUE,2024-01-01,2024-12-31,FALSE
333,111,put,SNEAKER,WOMENS,Algae Foam,1.58,150.08,8.77,92,FALSE,2024-12-31,9999-12-31,TRUE
334,112,spend,FORMAL,KIDS,Bio-EVA,1.13,105.46,52.54,79,TRUE,2023-01-01,2024-01-01,FALSE
335,112,part,SNEAKER,MENS,Algae Foam,1.16,142.43,17.99,78,TRUE,2024-01-01,2024-12-31,FALSE
336,112,evidence,SNEAKER,WOMENS,Organic Cotton,0.96,206.31,73.75,26,FALSE,2024-12-31,9999-12-31,TRUE
337,113,rather,SLIPPER,MENS,Chrome-free Leather,1.07,172.88,1.13,25,FALSE,2023-01-01,2024-01-01,FALSE
338,113,develop,SNEAKER,WOMENS,Bio-EVA,1.06,200.08,11.38,42,TRUE,2024-01-01,2024-12-31,FALSE
339,113,speak,SANDAL,MENS,Recycled PET,0.61,108.41,33.79,86,TRUE,2024-12-31,9999-12-31,TRUE
340,114,owner,RUNNING,WOMENS,Organic Cotton,0.59,135.73,86.52,42,TRUE,2023-01-01,2024-01-01,FALSE
341,114,keep,SANDAL,KIDS,Recycled PET,1.03,157.64,67.82,71,FALSE,2024-01-01,2024-12-31,FALSE
342,114,prepare,SNEAKER,MENS,TENCEL Lyocell,1.47,113.26,96.96,35,FALSE,2024-12-31,9999-12-31,TRUE
343,115,purpose,RUNNING,MENS,Algae Foam,0.6,166.19,18.74,14,FALSE,2023-01-01,2024-01-01,FALSE
344,115,allow,SANDAL,MENS,Bio-EVA,0.44,125.91,49.71,30,TRUE,2024-01-01,2024-12-31,FALSE
345,115,modern,SANDAL,WOMENS,Algae Foam,0.61,117.59,3.74,25,FALSE,2024-12-31,9999-12-31,TRUE
346,116,visit,RUNNING,WOMENS,Cork,1.0,78.94,92.36,93,FALSE,2023-01-01,2024-01-01,FALSE
347,116,product,RUNNING,WOMENS,TENCEL Lyocell,0.52,245.28,51.61,16,TRUE,2024-01-01,2024-12-31,FALSE
348,116,offer,SNEAKER,MENS,Recycled Nylon,0.54,104.31,4.4,76,FALSE,2024-12-31,9999-12-31,TRUE
349,117,figure,RUNNING,UNISEX,Organic Cotton,1.32,195.57,2.25,97,TRUE,2023-01-01,2024-01-01,FALSE
350,117,quality,FORMAL,WOMENS,Natural Rubber,0.73,106.02,44.11,15,TRUE,2024-01-01,2024-12-31,FALSE
351,117,five,SNEAKER,WOMENS,Apple Leather,1.07,60.5,54.25,70,TRUE,2024-12-31,9999-12-31,TRUE
352,118,meeting,SNEAKER,MENS,Bio-EVA,0.69,53.96,61.33,43,FALSE,2023-01-01,2024-01-01,FALSE
353,118,election,SNEAKER,WOMENS,Recycled Nylon,0.46,119.56,8.61,50,TRUE,2024-01-01,2024-12-31,FALSE
354,118,support,BOOT,MENS,Recycled Nylon,1.24,168.43,31.24,25,FALSE,2024-12-31,9999-12-31,TRUE
355,119,surface,BOOT,MENS,Apple Leather,1.31,136.8,13.18,89,TRUE,2023-01-01,2024-01-01,FALSE
356,119,reveal,RUNNING,MENS,Hemp Canvas,0.96,87.66,22.38,78,TRUE,2024-01-01,2024-12-31,FALSE
357,119,into,RUNNING,WOMENS,Apple Leather,0.8,219.77,32.48,62,TRUE,2024-12-31,9999-12-31,TRUE
358,120,finish,RUNNING,WOMENS,Cork,0.6,200.27,60.44,16,FALSE,2023-01-01,2024-01-01,FALSE
359,120,long,RUNNING,MENS,Organic Cotton,1.07,53.89,30.21,59,TRUE,2024-01-01,2024-12-31,FALSE
360,120,baby,RUNNING,MENS,Algae Foam,1.57,119.6,34.07,88,FALSE,2024-12-31,9999-12-31,TRUE
361,121,risk,SANDAL,MENS,TENCEL Lyocell,1.05,88.59,66.26,9,FALSE,2023-01-01,2024-01-01,FALSE
362,121,as,SANDAL,UNISEX,Organic Cotton,1.12,107.33,9.77,56,TRUE,2024-01-01,2024-12-31,FALSE
363,121,coach,SLIPPER,WOMENS,Organic Cotton,1.38,200.98,37.89,63,FALSE,2024-12-31,9999-12-31,TRUE
364,122,less,SNEAKER,WOMENS,Organic Cotton,1.1,197.55,80.98,96,TRUE,2023-01-01,2024-01-01,FALSE
365,122,just,SNEAKER,MENS,Chrome-free Leather,1.09,80.09,68.15,40,TRUE,2024-01-01,2024-12-31,FALSE
366,122,member,SANDAL,MENS,Apple Leather,1.52,189.74,91.51,11,FALSE,2024-12-31,9999-12-31,TRUE
367,123,majority,BOOT,MENS,Recycled Nylon,1.42,52.11,90.11,6,TRUE,2023-01-01,2024-01-01,FALSE
368,123,Democrat,BOOT,KIDS,Organic Cotton,0.74,45.55,43.17,75,TRUE,2024-01-01,2024-12-31,FALSE
369,123,grow,RUNNING,MENS,Chrome-free Leather,1.05,178.12,47.49,24,FALSE,2024-12-31,9999-12-31,TRUE
370,124,policy,SANDAL,WOMENS,Cork,0.75,222.27,12.55,1,TRUE,2023-01-01,2024-01-01,FALSE
371,124,charge,SNEAKER,MENS,Cork,0.92,246.95,8.47,82,FALSE,2024-01-01,2024-12-31,FALSE
372,124,form,FORMAL,UNISEX,Hemp Canvas,1.52,169.88,45.44,54,FALSE,2024-12-31,9999-12-31,TRUE
373,125,training,RUNNING,WOMENS,Natural Rubber,1.13,160.37,84.68,30,FALSE,2023-01-01,2024-01-01,FALSE
374,125,serious,SNEAKER,KIDS,Algae Foam,0.44,46.95,48.33,47,TRUE,2024-01-01,2024-12-31,FALSE
375,125,from,RUNNING,MENS,Organic Cotton,1.28,245.55,98.37,99,TRUE,2024-12-31,9999-12-31,TRUE
376,126,similar,RUNNING,MENS,Recycled Rubber,0.69,171.44,66.37,85,TRUE,2023-01-01,2024-01-01,FALSE
377,126,traditional,BOOT,UNISEX,Bio-EVA,0.46,111.14,77.85,60,TRUE,2024-01-01,2024-12-31,FALSE
378,126,hair,FORMAL,MENS,Bio-EVA,0.82,244.33,29.46,21,TRUE,2024-12-31,9999-12-31,TRUE
379,127,inside,FORMAL,UNISEX,Hemp Canvas,1.08,51.9,47.32,21,FALSE,2023-01-01,2024-01-01,FALSE
380,127,case,BOOT,WOMENS,Hemp Canvas,0.43,140.8,12.68,9,FALSE,2024-01-01,2024-12-31,FALSE
381,127,soon,SNEAKER,WOMENS,Bio-EVA,1.43,41.98,11.15,22,FALSE,2024-12-31,9999-12-31,TRUE
382,128,hospital,SANDAL,MENS,Chrome-free Leather,0.61,203.33,23.62,23,FALSE,2023-01-01,2024-01-01,FALSE
383,128,myself,FORMAL,WOMENS,Organic Cotton,0.57,235.13,15.42,63,FALSE,2024-01-01,2024-12-31,FALSE
384,128,or,RUNNING,MENS,Recycled Rubber,1.27,74.13,57.78,44,TRUE,2024-12-31,9999-12-31,TRUE
385,129,born,SNEAKER,UNISEX,Recycled PET,0.96,139.01,47.63,96,FALSE,2023-01-01,2024-01-01,FALSE
386,129,from,SNEAKER,MENS,Chrome-free Leather,0.72,150.39,43.47,36,FALSE,2024-01-01,2024-12-31,FALSE
387,129,effort,RUNNING,MENS,Apple Leather,1.22,47.61,91.77,81,TRUE,2024-12-31,9999-12-31,TRUE
388,130,man,SANDAL,MENS,Recycled Rubber,0.73,95.77,80.23,32,FALSE,2023-01-01,2024-01-01,FALSE
389,130,can,RUNNING,UNISEX,Hemp Canvas,1.28,162.63,19.49,43,FALSE,2024-01-01,2024-12-31,FALSE
390,130,example,SLIPPER,WOMENS,Recycled PET,0.41,53.27,41.12,67,TRUE,2024-12-31,9999-12-31,TRUE
391,131,listen,RUNNING,WOMENS,Bio-EVA,0.63,43.98,9.19,76,FALSE,2023-01-01,2024-01-01,FALSE
392,131,end,SANDAL,KIDS,Recycled Rubber,1.25,64.2,85.64,16,TRUE,2024-01-01,2024-12-31,FALSE
393,131,chance,SANDAL,MENS,TENCEL Lyocell,0.62,62.28,18.43,37,TRUE,2024-12-31,9999-12-31,TRUE
394,132,bill,FORMAL,MENS,Apple Leather,0.73,128.67,90.34,98,FALSE,2023-01-01,2024-01-01,FALSE
395,132,apply,SNEAKER,UNISEX,Bio-EVA,0.47,120.6,99.6,33,FALSE,2024-01-01,2024-12-31,FALSE
396,132,fill,SNEAKER,MENS,Cork,1.51,167.16,17.84,62,TRUE,2024-12-31,9999-12-31,TRUE
397,133,young,RUNNING,MENS,Recycled Rubber,0.53,131.73,25.9,4,TRUE,2023-01-01,2024-01-01,FALSE
398,133,if,BOOT,WOMENS,Cork,1.48,70.26,64.03,4,FALSE,2024-01-01,2024-12-31,FALSE
399,133,treat,SNEAKER,MENS,Recycled Nylon,1.09,147.23,93.99,62,TRUE,2024-12-31,9999-12-31,TRUE
400,134,power,RUNNING,UNISEX,TENCEL Lyocell,0.48,86.43,38.44,88,FALSE,2023-01-01,2024-01-01,FALSE
401,134,kid,RUNNING,MENS,Apple Leather,0.83,182.19,40.06,80,FALSE,2024-01-01,2024-12-31,FALSE
402,134,energy,BOOT,MENS,Recycled Nylon,0.81,215.65,76.05,37,FALSE,2024-12-31,9999-12-31,TRUE
403,135,tree,SNEAKER,WOMENS,Chrome-free Leather,0.63,185.14,89.65,80,FALSE,2023-01-01,2024-01-01,FALSE
404,135,week,RUNNING,UNISEX,Cork,0.63,46.5,2.54,75,TRUE,2024-01-01,2024-12-31,FALSE
405,135,collection,RUNNING,UNISEX,Recycled Rubber,1.0,241.64,81.18,2,TRUE,2024-12-31,9999-12-31,TRUE
406,136,teach,SNEAKER,UNISEX,Recycled PET,0.54,208.49,66.73,58,FALSE,2023-01-01,2024-01-01,FALSE
407,136,generation,FORMAL,MENS,Hemp Canvas,0.68,54.13,73.55,62,FALSE,2024-01-01,2024-12-31,FALSE
408,136,world,RUNNING,KIDS,Recycled PET,1.24,66.41,17.22,6,FALSE,2024-12-31,9999-12-31,TRUE
409,137,participant,SANDAL,WOMENS,Recycled Rubber,1.4,52.43,81.75,14,TRUE,2023-01-01,2024-01-01,FALSE
410,137,set,SANDAL,WOMENS,TENCEL Lyocell,0.91,209.42,98.22,86,TRUE,2024-01-01,2024-12-31,FALSE
411,137,form,SNEAKER,MENS,Algae Foam,0.79,241.59,21.32,5,FALSE,2024-12-31,9999-12-31,TRUE
412,138,customer,RUNNING,WOMENS,Organic Cotton,0.9,185.22,55.34,56,TRUE,2023-01-01,2024-01-01,FALSE
413,138,source,BOOT,WOMENS,TENCEL Lyocell,1.16,117.99,15.78,62,TRUE,2024-01-01,2024-12-31,FALSE
414,138,collection,SNEAKER,KIDS,Hemp Canvas,1.11,98.58,69.35,98,TRUE,2024-12-31,9999-12-31,TRUE
415,139,moment,SNEAKER,WOMENS,Bio-EVA,0.94,89.24,17.45,88,TRUE,2023-01-01,2024-01-01,FALSE
416,139,myself,SNEAKER,MENS,Apple Leather,1.15,203.34,34.79,0,FALSE,2024-01-01,2024-12-31,FALSE
417,139,manage,SNEAKER,KIDS,Apple Leather,1.14,220.17,98.68,64,TRUE,2024-12-31,9999-12-31,TRUE
418,140,moment,SANDAL,MENS,Bio-EVA,0.63,206.29,68.52,60,TRUE,2023-01-01,2024-01-01,FALSE
419,140,until,SNEAKER,KIDS,Recycled PET,0.84,83.01,25.14,78,FALSE,2024-01-01,2024-12-31,FALSE
420,140,foot,SANDAL,WOMENS,Hemp Canvas,1.51,75.94,78.55,62,FALSE,2024-12-31,9999-12-31,TRUE
421,141,modern,SNEAKER,WOMENS,Cork,1.1,127.0,74.71,41,TRUE,2023-01-01,2024-01-01,FALSE
422,141,agency,SNEAKER,WOMENS,Natural Rubber,0.9,80.99,89.14,9,TRUE,2024-01-01,2024-12-31,FALSE
423,141,believe,RUNNING,UNISEX,Organic Cotton,1.51,134.55,38.73,17,TRUE,2024-12-31,9999-12-31,TRUE
424,142,you,SNEAKER,WOMENS,Bio-EVA,0.8,45.74,56.87,35,TRUE,2023-01-01,2024-01-01,FALSE
425,142,increase,FORMAL,MENS,Natural Rubber,0.81,225.15,60.36,81,FALSE,2024-01-01,2024-12-31,FALSE
426,142,mouth,FORMAL,MENS,Algae Foam,0.68,125.46,52.18,27,FALSE,2024-12-31,9999-12-31,TRUE
427,143,lot,SANDAL,WOMENS,Hemp Canvas,1.28,90.8,32.73,74,TRUE,2023-01-01,2024-01-01,FALSE
428,143,effect,FORMAL,KIDS,Recycled Nylon,1.48,126.73,4.42,60,FALSE,2024-01-01,2024-12-31,FALSE
429,143,dinner,RUNNING,MENS,Chrome-free Leather,1.37,185.3,9.8,63,TRUE,2024-12-31,9999-12-31,TRUE
430,144,past,BOOT,WOMENS,Hemp Canvas,1.54,66.87,29.58,82,FALSE,2023-01-01,2024-01-01,FALSE
431,144,head,SNEAKER,MENS,Organic Cotton,0.95,158.78,58.37,58,TRUE,2024-01-01,2024-12-31,FALSE
432,144,anything,SNEAKER,MENS,Natural Rubber,1.45,170.63,70.39,0,FALSE,2024-12-31,9999-12-31,TRUE
433,145,apply,SNEAKER,UNISEX,Bio-EVA,0.44,128.44,26.98,78,FALSE,2023-01-01,2024-01-01,FALSE
434,145,father,SANDAL,UNISEX,Recycled PET,1.46,193.51,5.48,86,TRUE,2024-01-01,2024-12-31,FALSE
435,145,miss,SNEAKER,MENS,Cork,0.45,115.95,64.82,90,TRUE,2024-12-31,9999-12-31,TRUE
436,146,picture,SANDAL,WOMENS,Apple Leather,0.69,62.85,47.85,96,FALSE,2023-01-01,2024-01-01,FALSE
437,146,us,SLIPPER,WOMENS,Hemp Canvas,0.67,113.07,26.74,87,TRUE,2024-01-01,2024-12-31,FALSE
438,146,threat,SNEAKER,MENS,Cork,1.0,213.21,47.02,68,FALSE,2024-12-31,9999-12-31,TRUE
439,147,ready,RUNNING,WOMENS,Recycled Rubber,1.36,237.53,80.88,8,TRUE,2023-01-01,2024-01-01,FALSE
440,147,remember,FORMAL,WOMENS,Chrome-free Leather,0.61,240.23,7.69,21,TRUE,2024-01-01,2024-12-31,FALSE
441,147,many,BOOT,MENS,Recycled Nylon,1.02,170.73,29.32,87,FALSE,2024-12-31,9999-12-31,TRUE
442,148,feeling,SNEAKER,WOMENS,Cork,1.17,100.22,6.29,29,FALSE,2023-01-01,2024-01-01,FALSE
443,148,not,RUNNING,WOMENS,Algae Foam,1.19,204.23,48.61,85,FALSE,2024-01-01,2024-12-31,FALSE
444,148,across,SANDAL,MENS,Bio-EVA,0.56,204.76,17.17,33,TRUE,2024-12-31,9999-12-31,TRUE
445,149,throw,RUNNING,WOMENS,Recycled Nylon,0.58,98.72,95.62,79,FALSE,2023-01-01,2024-01-01,FALSE
446,149,box,SANDAL,WOMENS,Apple Leather,1.41,184.5,66.64,19,TRUE,2024-01-01,2024-12-31,FALSE
447,149,lawyer,SNEAKER,KIDS,Algae Foam,0.93,116.63,20.52,90,TRUE,2024-12-31,9999-12-31,TRUE
448,150,center,RUNNING,WOMENS,Chrome-free Leather,1.05,73.15,30.16,3,TRUE,2023-01-01,2024-01-01,FALSE
449,150,us,RUNNING,WOMENS,Cork,0.78,39.9,73.85,64,TRUE,2024-01-01,2024-12-31,FALSE
450,150,everything,SANDAL,MENS,Bio-EVA,1.53,244.94,57.37,18,FALSE,2024-12-31,9999-12-31,TRUE
451,151,short,SANDAL,KIDS,Chrome-free Leather,0.53,139.59,4.01,86,FALSE,2023-01-01,2024-01-01,FALSE
452,151,history,RUNNING,MENS,Recycled Nylon,0.94,58.42,5.5,82,TRUE,2024-01-01,2024-12-31,FALSE
453,151,south,RUNNING,UNISEX,TENCEL Lyocell,0.63,56.55,84.95,86,FALSE,2024-12-31,9999-12-31,TRUE
454,152,interesting,SNEAKER,MENS,Natural Rubber,0.78,166.07,94.34,85,TRUE,2023-01-01,2024-01-01,FALSE
455,152,history,SNEAKER,UNISEX,Chrome-free Leather,0.85,98.78,35.14,57,FALSE,2024-01-01,2024-12-31,FALSE
456,152,answer,SNEAKER,UNISEX,Cork,1.59,207.77,28.86,93,FALSE,2024-12-31,9999-12-31,TRUE
457,153,institution,RUNNING,UNISEX,Organic Cotton,1.1,57.08,20.78,60,FALSE,2023-01-01,2024-01-01,FALSE
458,153,approach,RUNNING,WOMENS,Apple Leather,1.11,117.91,0.66,81,FALSE,2024-01-01,2024-12-31,FALSE
459,153,over,RUNNING,MENS,Hemp Canvas,1.31,67.75,18.6,48,TRUE,2024-12-31,9999-12-31,TRUE
460,154,or,RUNNING,UNISEX,Bio-EVA,1.1,142.76,73.99,28,TRUE,2023-01-01,2024-01-01,FALSE
461,154,day,SNEAKER,WOMENS,Apple Leather,1.4,138.23,65.38,36,TRUE,2024-01-01,2024-12-31,FALSE
462,154,him,RUNNING,MENS,Natural Rubber,0.54,97.22,99.43,8,FALSE,2024-12-31,9999-12-31,TRUE
463,155,on,RUNNING,MENS,Cork,0.71,183.04,97.43,15,TRUE,2023-01-01,2024-01-01,FALSE
464,155,fight,SANDAL,WOMENS,Bio-EVA,1.1,69.69,46.1,88,TRUE,2024-01-01,2024-12-31,FALSE
465,155,back,SNEAKER,WOMENS,Cork,1.49,113.76,28.99,67,FALSE,2024-12-31,9999-12-31,TRUE
466,156,imagine,SNEAKER,WOMENS,Recycled Rubber,1.32,164.74,16.71,41,FALSE,2023-01-01,2024-01-01,FALSE
467,156,mother,SANDAL,MENS,Bio-EVA,1.22,183.55,9.58,74,TRUE,2024-01-01,2024-12-31,FALSE
468,156,little,SNEAKER,WOMENS,Bio-EVA,1.33,125.52,92.09,20,TRUE,2024-12-31,9999-12-31,TRUE
469,157,south,SNEAKER,WOMENS,Natural Rubber,1.48,167.82,83.14,67,FALSE,2023-01-01,2024-01-01,FALSE
470,157,oil,SANDAL,MENS,TENCEL Lyocell,0.9,231.37,11.66,16,FALSE,2024-01-01,2024-12-31,FALSE
471,157,far,RUNNING,WOMENS,Chrome-free Leather,1.38,225.84,59.76,97,FALSE,2024-12-31,9999-12-31,TRUE
472,158,that,SNEAKER,WOMENS,Hemp Canvas,0.54,66.03,69.42,88,TRUE,2023-01-01,2024-01-01,FALSE
473,158,price,SNEAKER,WOMENS,Recycled PET,1.23,203.65,7.77,99,TRUE,2024-01-01,2024-12-31,FALSE
474,158,response,RUNNING,WOMENS,Recycled PET,1.19,163.57,46.91,32,TRUE,2024-12-31,9999-12-31,TRUE
475,159,popular,RUNNING,WOMENS,Organic Cotton,0.55,165.38,58.76,25,TRUE,2023-01-01,2024-01-01,FALSE
476,159,by,RUNNING,WOMENS,Recycled Nylon,1.53,238.25,34.78,20,FALSE,2024-01-01,2024-12-31,FALSE
477,159,career,SANDAL,MENS,Algae Foam,0.48,211.11,76.32,67,TRUE,2024-12-31,9999-12-31,TRUE
478,160,bill,SNEAKER,WOMENS,Recycled Nylon,1.04,243.45,9.87,27,FALSE,2023-01-01,2024-01-01,FALSE
479,160,indeed,FORMAL,MENS,Hemp Canvas,0.62,180.44,10.73,45,FALSE,2024-01-01,2024-12-31,FALSE
480,160,hour,RUNNING,MENS,Chrome-free Leather,1.31,105.0,46.59,66,TRUE,2024-12-31,9999-12-31,TRUE
481,161,study,SANDAL,MENS,Algae Foam,0.45,107.9,11.57,36,TRUE,2023-01-01,2024-01-01,FALSE
482,161,group,SANDAL,MENS,Recycled Nylon,0.67,124.53,98.5,54,TRUE,2024-01-01,2024-12-31,FALSE
483,161,open,SNEAKER,UNISEX,Cork,1.21,76.65,99.87,62,FALSE,2024-12-31,9999-12-31,TRUE
484,162,wrong,RUNNING,MENS,Hemp Canvas,0.54,121.91,69.5,13,FALSE,2023-01-01,2024-01-01,FALSE
485,162,history,FORMAL,WOMENS,Chrome-free Leather,0.64,81.06,84.4,51,TRUE,2024-01-01,2024-12-31,FALSE
486,162,someone,SANDAL,MENS,Bio-EVA,1.26,161.2,27.3,82,FALSE,2024-12-31,9999-12-31,TRUE
487,163,charge,RUNNING,MENS,Apple Leather,1.59,146.4,14.74,58,TRUE,2023-01-01,2024-01-01,FALSE
488,163,decide,SNEAKER,MENS,Recycled Rubber,0.56,59.92,5.29,8,TRUE,2024-01-01,2024-12-31,FALSE
489,163,play,SNEAKER,WOMENS,Recycled Rubber,0.79,102.58,62.32,97,TRUE,2024-12-31,9999-12-31,TRUE
490,164,Mr,SANDAL,UNISEX,TENCEL Lyocell,0.64,178.04,49.03,33,FALSE,2023-01-01,2024-01-01,FALSE
491,164,interest,SANDAL,MENS,Recycled PET,1.32,247.05,88.01,15,TRUE,2024-01-01,2024-12-31,FALSE
492,164,month,RUNNING,MENS,Cork,0.44,155.9,86.04,38,FALSE,2024-12-31,9999-12-31,TRUE
493,165,amount,SNEAKER,MENS,Bio-EVA,0.87,199.44,56.89,62,FALSE,2023-01-01,2024-01-01,FALSE
494,165,answer,BOOT,MENS,Cork,1.43,145.4,39.14,63,FALSE,2024-01-01,2024-12-31,FALSE
495,165,American,RUNNING,MENS,TENCEL Lyocell,0.74,51.9,59.05,16,FALSE,2024-12-31,9999-12-31,TRUE
496,166,certain,RUNNING,UNISEX,Recycled PET,1.47,110.66,9.74,44,FALSE,2023-01-01,2024-01-01,FALSE
497,166,sell,RUNNING,WOMENS,Natural Rubber,0.68,104.54,8.49,88,TRUE,2024-01-01,2024-12-31,FALSE
498,166,goal,RUNNING,WOMENS,Recycled PET,0.79,135.79,86.34,72,FALSE,2024-12-31,9999-12-31,TRUE
499,167,summer,RUNNING,WOMENS,Cork,0.43,105.47,57.04,41,FALSE,2023-01-01,2024-01-01,FALSE
500,167,matter,SANDAL,WOMENS,Hemp Canvas,0.8,144.58,76.49,43,TRUE,2024-01-01,2024-12-31,FALSE
501,167,natural,SNEAKER,KIDS,Natural Rubber,1.16,243.56,7.53,68,TRUE,2024-12-31,9999-12-31,TRUE
502,168,loss,SNEAKER,WOMENS,Algae Foam,1.37,170.16,95.79,91,FALSE,2023-01-01,2024-01-01,FALSE
503,168,church,SNEAKER,WOMENS,Recycled PET,1.36,138.81,20.97,9,FALSE,2024-01-01,2024-12-31,FALSE
504,168,police,RUNNING,UNISEX,Cork,1.05,81.02,40.23,79,FALSE,2024-12-31,9999-12-31,TRUE
505,169,walk,BOOT,MENS,Recycled Nylon,1.15,147.41,18.65,63,TRUE,2023-01-01,2024-01-01,FALSE
506,169,myself,SLIPPER,UNISEX,Cork,1.52,150.87,61.44,98,FALSE,2024-01-01,2024-12-31,FALSE
507,169,challenge,FORMAL,MENS,Recycled PET,0.64,136.12,24.04,95,FALSE,2024-12-31,9999-12-31,TRUE
508,170,generation,RUNNING,MENS,Bio-EVA,1.4,52.53,20.36,52,TRUE,2023-01-01,2024-01-01,FALSE
509,170,word,SNEAKER,WOMENS,Hemp Canvas,0.68,89.08,15.0,3,TRUE,2024-01-01,2024-12-31,FALSE
510,170,position,SANDAL,MENS,Algae Foam,0.92,174.85,3.7,20,TRUE,2024-12-31,9999-12-31,TRUE
511,171,from,SNEAKER,UNISEX,Bio-EVA,1.06,174.3,4.22,92,TRUE,2023-01-01,2024-01-01,FALSE
512,171,commercial,SNEAKER,UNISEX,Organic Cotton,1.12,221.11,90.06,52,FALSE,2024-01-01,2024-12-31,FALSE
513,171,increase,BOOT,UNISEX,Chrome-free Leather,1.41,215.98,23.6,73,FALSE,2024-12-31,9999-12-31,TRUE
514,172,practice,FORMAL,MENS,TENCEL Lyocell,1.54,234.63,25.18,11,TRUE,2023-01-01,2024-01-01,FALSE
515,172,sister,SNEAKER,UNISEX,Bio-EVA,1.1,120.89,74.84,30,FALSE,2024-01-01,2024-12-31,FALSE
516,172,thousand,SNEAKER,WOMENS,Natural Rubber,0.73,124.76,86.29,7,TRUE,2024-12-31,9999-12-31,TRUE
517,173,firm,RUNNING,KIDS,Bio-EVA,0.91,182.38,96.33,100,FALSE,2023-01-01,2024-01-01,FALSE
518,173,personal,RUNNING,MENS,TENCEL Lyocell,0.43,242.03,60.58,94,FALSE,2024-01-01,2024-12-31,FALSE
519,173,great,FORMAL,MENS,TENCEL Lyocell,0.69,155.07,30.93,89,TRUE,2024-12-31,9999-12-31,TRUE
520,174,movement,SANDAL,WOMENS,Recycled Nylon,1.43,120.58,90.98,50,FALSE,2023-01-01,2024-01-01,FALSE
521,174,them,FORMAL,WOMENS,Apple Leather,1.31,101.46,85.94,20,FALSE,2024-01-01,2024-12-31,FALSE
522,174,Mr,BOOT,UNISEX,TENCEL Lyocell,0.89,46.12,86.64,99,FALSE,2024-12-31,9999-12-31,TRUE
523,175,no,RUNNING,MENS,Recycled Nylon,1.26,223.12,82.02,20,FALSE,2023-01-01,2024-01-01,FALSE
524,175,might,RUNNING,WOMENS,Recycled Rubber,1.38,193.93,45.33,3,FALSE,2024-01-01,2024-12-31,FALSE
525,175,section,BOOT,WOMENS,Cork,1.17,39.65,20.01,39,TRUE,2024-12-31,9999-12-31,TRUE
526,176,order,SNEAKER,WOMENS,Algae Foam,1.56,213.43,76.32,76,FALSE,2023-01-01,2024-01-01,FALSE
527,176,firm,SANDAL,WOMENS,Cork,1.28,93.74,68.75,41,FALSE,2024-01-01,2024-12-31,FALSE
528,176,may,SNEAKER,MENS,Natural Rubber,1.45,237.4,88.43,28,TRUE,2024-12-31,9999-12-31,TRUE
529,177,team,SNEAKER,MENS,Recycled Rubber,0.67,57.69,46.24,33,FALSE,2023-01-01,2024-01-01,FALSE
530,177,adult,SNEAKER,MENS,Cork,0.71,57.7,36.79,72,TRUE,2024-01-01,2024-12-31,FALSE
531,177,home,SANDAL,MENS,Apple Leather,0.94,180.46,11.85,91,TRUE,2024-12-31,9999-12-31,TRUE
532,178,glass,FORMAL,UNISEX,Bio-EVA,1.3,119.24,43.13,26,FALSE,2023-01-01,2024-01-01,FALSE
533,178,report,SLIPPER,WOMENS,Hemp Canvas,0.9,124.79,14.59,37,FALSE,2024-01-01,2024-12-31,FALSE
534,178,break,SNEAKER,MENS,Natural Rubber,1.1,174.92,8.57,60,TRUE,2024-12-31,9999-12-31,TRUE
535,179,keep,RUNNING,MENS,Hemp Canvas,1.26,187.78,73.61,32,TRUE,2023-01-01,2024-01-01,FALSE
536,179,past,BOOT,WOMENS,Apple Leather,0.97,113.4,60.64,85,FALSE,2024-01-01,2024-12-31,FALSE
537,179,foot,BOOT,UNISEX,Recycled PET,0.7,169.13,30.25,50,FALSE,2024-12-31,9999-12-31,TRUE
538,180,style,SNEAKER,UNISEX,Recycled PET,0.62,74.67,49.28,43,FALSE,2023-01-01,2024-01-01,FALSE
539,180,way,SNEAKER,WOMENS,Algae Foam,0.57,63.54,4.42,16,TRUE,2024-01-01,2024-12-31,FALSE
540,180,share,SLIPPER,WOMENS,Chrome-free Leather,0.92,228.59,26.32,97,FALSE,2024-12-31,9999-12-31,TRUE
541,181,turn,RUNNING,MENS,Organic Cotton,1.28,142.17,95.01,71,FALSE,2023-01-01,2024-01-01,FALSE
542,181,rise,BOOT,UNISEX,Recycled PET,0.58,87.27,3.59,33,TRUE,2024-01-01,2024-12-31,FALSE
543,181,professional,RUNNING,WOMENS,Recycled Nylon,0.99,131.72,98.88,71,TRUE,2024-12-31,9999-12-31,TRUE
544,182,agreement,RUNNING,UNISEX,Recycled Nylon,0.55,58.65,86.82,23,FALSE,2023-01-01,2024-01-01,FALSE
545,182,picture,SANDAL,UNISEX,Algae Foam,1.2,83.6,99.8,0,FALSE,2024-01-01,2024-12-31,FALSE
546,182,matter,BOOT,MENS,Recycled PET,1.32,181.15,88.74,3,TRUE,2024-12-31,9999-12-31,TRUE
547,183,evidence,SLIPPER,WOMENS,Chrome-free Leather,1.51,61.27,32.35,3,TRUE,2023-01-01,2024-01-01,FALSE
548,183,reality,SANDAL,MENS,Cork,1.55,163.78,0.58,5,FALSE,2024-01-01,2024-12-31,FALSE
549,183,stay,SLIPPER,WOMENS,Hemp Canvas,1.28,240.05,56.92,27,FALSE,2024-12-31,9999-12-31,TRUE
550,184,stand,SANDAL,WOMENS,TENCEL Lyocell,1.29,153.9,60.23,11,TRUE,2023-01-01,2024-01-01,FALSE
551,184,particular,SNEAKER,KIDS,Recycled Nylon,0.51,217.99,16.29,99,TRUE,2024-01-01,2024-12-31,FALSE
552,184,participant,BOOT,KIDS,Organic Cotton,0.76,207.23,73.59,39,FALSE,2024-12-31,9999-12-31,TRUE
553,185,drive,BOOT,WOMENS,Organic Cotton,0.84,80.97,44.54,49,TRUE,2023-01-01,2024-01-01,FALSE
554,185,set,BOOT,MENS,TENCEL Lyocell,1.37,167.91,43.41,54,TRUE,2024-01-01,2024-12-31,FALSE
555,185,approach,RUNNING,KIDS,Hemp Canvas,1.18,188.86,93.07,67,FALSE,2024-12-31,9999-12-31,TRUE
556,186,past,RUNNING,WOMENS,Cork,1.49,139.3,14.86,16,FALSE,2023-01-01,2024-01-01,FALSE
557,186,media,RUNNING,WOMENS,Cork,1.08,154.71,91.73,65,TRUE,2024-01-01,2024-12-31,FALSE
558,186,conference,RUNNING,WOMENS,Recycled Rubber,1.08,92.21,25.49,10,FALSE,2024-12-31,9999-12-31,TRUE
559,187,need,SNEAKER,UNISEX,Cork,1.34,216.01,4.53,53,FALSE,2023-01-01,2024-01-01,FALSE
560,187,professional,SNEAKER,MENS,Cork,1.2,170.0,26.51,23,TRUE,2024-01-01,2024-12-31,FALSE
561,187,set,SNEAKER,KIDS,Bio-EVA,1.21,130.1,1.79,50,TRUE,2024-12-31,9999-12-31,TRUE
562,188,president,SNEAKER,MENS,Hemp Canvas,1.44,241.82,60.19,62,TRUE,2023-01-01,2024-01-01,FALSE
563,188,stage,SANDAL,MENS,Hemp Canvas,1.56,180.77,80.46,11,TRUE,2024-01-01,2024-12-31,FALSE
564,188,thought,SNEAKER,WOMENS,Recycled PET,1.56,219.39,20.92,83,TRUE,2024-12-31,9999-12-31,TRUE
565,189,husband,SNEAKER,UNISEX,Recycled Nylon,1.05,57.08,76.97,18,TRUE,2023-01-01,2024-01-01,FALSE
566,189,choose,SNEAKER,WOMENS,Organic Cotton,1.24,241.41,47.15,57,FALSE,2024-01-01,2024-12-31,FALSE
567,189,term,SNEAKER,MENS,Recycled Nylon,0.46,40.65,63.04,91,TRUE,2024-12-31,9999-12-31,TRUE
568,190,responsibility,RUNNING,MENS,Algae Foam,1.28,248.8,3.7,51,TRUE,2023-01-01,2024-01-01,FALSE
569,190,eight,BOOT,MENS,Hemp Canvas,1.38,141.46,71.43,67,TRUE,2024-01-01,2024-12-31,FALSE
570,190,almost,BOOT,MENS,Bio-EVA,1.18,225.72,11.69,79,FALSE,2024-12-31,9999-12-31,TRUE
571,191,page,RUNNING,MENS,Recycled PET,0.75,79.36,34.38,29,FALSE,2023-01-01,2024-01-01,FALSE
572,191,yourself,BOOT,MENS,Apple Leather,1.42,189.19,46.85,37,FALSE,2024-01-01,2024-12-31,FALSE
573,191,school,RUNNING,MENS,Apple Leather,1.18,114.65,47.23,20,FALSE,2024-12-31,9999-12-31,TRUE
574,192,break,SNEAKER,UNISEX,Hemp Canvas,0.55,80.89,60.57,12,FALSE,2023-01-01,2024-01-01,FALSE
575,192,cut,FORMAL,MENS,Natural Rubber,1.07,248.84,35.88,33,TRUE,2024-01-01,2024-12-31,FALSE
576,192,after,SNEAKER,UNISEX,Recycled Nylon,0.44,52.37,43.06,79,TRUE,2024-12-31,9999-12-31,TRUE
577,193,let,BOOT,MENS,Apple Leather,1.34,200.57,77.01,71,TRUE,2023-01-01,2024-01-01,FALSE
578,193,former,SNEAKER,MENS,Algae Foam,1.2,187.35,92.66,56,FALSE,2024-01-01,2024-12-31,FALSE
579,193,kid,SLIPPER,UNISEX,Apple Leather,1.34,167.03,85.84,13,FALSE,2024-12-31,9999-12-31,TRUE
580,194,civil,SNEAKER,WOMENS,Recycled Rubber,1.45,230.31,15.7,37,FALSE,2023-01-01,2024-01-01,FALSE
581,194,itself,SANDAL,MENS,Recycled Nylon,0.59,115.38,81.92,15,FALSE,2024-01-01,2024-12-31,FALSE
582,194,rock,RUNNING,MENS,TENCEL Lyocell,0.69,208.92,34.13,64,TRUE,2024-12-31,9999-12-31,TRUE
583,195,Democrat,SNEAKER,MENS,Chrome-free Leather,1.16,90.54,75.32,67,TRUE,2023-01-01,2024-01-01,FALSE
584,195,item,SNEAKER,UNISEX,Chrome-free Leather,0.89,135.34,85.24,87,TRUE,2024-01-01,2024-12-31,FALSE
585,195,more,SNEAKER,WOMENS,Recycled PET,1.37,237.16,8.48,40,TRUE,2024-12-31,9999-12-31,TRUE
586,196,stage,SANDAL,MENS,Chrome-free Leather,0.44,232.73,15.1,73,TRUE,2023-01-01,2024-01-01,FALSE
587,196,population,BOOT,MENS,Recycled Rubber,1.02,101.1,40.2,87,FALSE,2024-01-01,2024-12-31,FALSE
588,196,wife,FORMAL,MENS,Bio-EVA,0.81,212.67,90.02,78,FALSE,2024-12-31,9999-12-31,TRUE
589,197,market,SANDAL,MENS,Natural Rubber,1.05,204.55,65.2,89,TRUE,2023-01-01,2024-01-01,FALSE
590,197,turn,SANDAL,MENS,TENCEL Lyocell,1.46,56.7,53.74,49,FALSE,2024-01-01,2024-12-31,FALSE
591,197,thus,SANDAL,WOMENS,Apple Leather,0.74,58.49,55.18,66,TRUE,2024-12-31,9999-12-31,TRUE
592,198,simply,BOOT,WOMENS,Recycled Nylon,1.05,93.32,83.22,38,FALSE,2023-01-01,2024-01-01,FALSE
593,198,short,SLIPPER,WOMENS,Recycled PET,0.85,170.67,35.45,6,FALSE,2024-01-01,2024-12-31,FALSE
594,198,assume,FORMAL,MENS,Algae Foam,0.41,110.19,23.61,95,FALSE,2024-12-31,9999-12-31,TRUE
595,199,season,BOOT,UNISEX,Recycled Rubber,1.04,164.07,35.03,36,FALSE,2023-01-01,2024-01-01,FALSE
596,199,certainly,SANDAL,MENS,Organic Cotton,0.85,193.88,10.52,66,FALSE,2024-01-01,2024-12-31,FALSE
597,199,natural,SANDAL,WOMENS,Organic Cotton,1.25,212.97,8.19,7,TRUE,2024-12-31,9999-12-31,TRUE
598,200,despite,SNEAKER,WOMENS,Recycled PET,1.21,123.58,55.9,99,TRUE,2023-01-01,2024-01-01,FALSE
599,200,option,SNEAKER,MENS,Cork,0.93,234.52,48.95,53,FALSE,2024-01-01,2024-12-31,FALSE
600,200,garden,SNEAKER,WOMENS,Hemp Canvas,0.56,186.95,86.33,15,FALSE,2024-12-31,9999-12-31,TRUE
601,201,recognize,RUNNING,WOMENS,Organic Cotton,1.07,232.56,11.88,52,TRUE,2023-01-01,2024-01-01,FALSE
602,201,mean,RUNNING,WOMENS,Algae Foam,0.54,103.03,37.45,37,TRUE,2024-01-01,2024-12-31,FALSE
603,201,never,SANDAL,WOMENS,Recycled Rubber,0.46,226.79,88.91,27,TRUE,2024-12-31,9999-12-31,TRUE
604,202,however,SANDAL,WOMENS,Algae Foam,0.48,48.38,48.12,39,FALSE,2023-01-01,2024-01-01,FALSE
605,202,former,FORMAL,UNISEX,Cork,1.26,166.2,76.2,64,FALSE,2024-01-01,2024-12-31,FALSE
606,202,consumer,SANDAL,MENS,Organic Cotton,1.27,57.76,62.48,79,TRUE,2024-12-31,9999-12-31,TRUE
607,203,machine,SNEAKER,MENS,Algae Foam,1.55,225.91,73.59,82,TRUE,2023-01-01,2024-01-01,FALSE
608,203,while,SNEAKER,WOMENS,Recycled Rubber,1.33,103.86,64.52,82,FALSE,2024-01-01,2024-12-31,FALSE
609,203,no,SNEAKER,MENS,Algae Foam,0.46,158.75,18.94,60,FALSE,2024-12-31,9999-12-31,TRUE
610,204,guess,SNEAKER,MENS,Algae Foam,1.55,96.74,20.58,90,FALSE,2023-01-01,2024-01-01,FALSE
611,204,office,BOOT,WOMENS,Algae Foam,0.78,162.67,49.15,2,TRUE,2024-01-01,2024-12-31,FALSE
612,204,health,SNEAKER,WOMENS,Algae Foam,0.86,58.12,97.98,69,TRUE,2024-12-31,9999-12-31,TRUE
613,205,require,SNEAKER,WOMENS,Organic Cotton,0.77,124.53,16.92,78,FALSE,2023-01-01,2024-01-01,FALSE
614,205,sport,SNEAKER,MENS,Bio-EVA,0.52,68.92,89.3,33,TRUE,2024-01-01,2024-12-31,FALSE
615,205,trip,SANDAL,WOMENS,Natural Rubber,1.3,162.07,49.3,96,FALSE,2024-12-31,9999-12-31,TRUE
616,206,set,FORMAL,WOMENS,Bio-EVA,1.06,52.75,2.89,81,TRUE,2023-01-01,2024-01-01,FALSE
617,206,responsibility,FORMAL,WOMENS,Apple Leather,1.21,90.73,55.47,100,TRUE,2024-01-01,2024-12-31,FALSE
618,206,question,BOOT,MENS,Recycled Nylon,1.0,203.41,14.24,69,FALSE,2024-12-31,9999-12-31,TRUE
619,207,suggest,SANDAL,MENS,Cork,1.49,133.87,0.1,59,FALSE,2023-01-01,2024-01-01,FALSE
620,207,room,BOOT,MENS,Natural Rubber,0.47,232.58,27.33,32,FALSE,2024-01-01,2024-12-31,FALSE
621,207,everything,RUNNING,WOMENS,Recycled Rubber,1.1,146.17,4.55,94,FALSE,2024-12-31,9999-12-31,TRUE
622,208,poor,SNEAKER,WOMENS,Hemp Canvas,1.4,191.27,99.88,55,TRUE,2023-01-01,2024-01-01,FALSE
623,208,member,RUNNING,UNISEX,Recycled Nylon,1.53,172.39,97.96,90,TRUE,2024-01-01,2024-12-31,FALSE
624,208,dark,SNEAKER,KIDS,Chrome-free Leather,0.95,164.9,1.59,88,TRUE,2024-12-31,9999-12-31,TRUE
625,209,employee,FORMAL,MENS,Recycled PET,0.41,75.44,55.58,89,FALSE,2023-01-01,2024-01-01,FALSE
626,209,family,SANDAL,MENS,TENCEL Lyocell,1.18,55.28,3.09,85,TRUE,2024-01-01,2024-12-31,FALSE
627,209,open,SNEAKER,KIDS,Chrome-free Leather,1.12,120.22,83.91,89,FALSE,2024-12-31,9999-12-31,TRUE
628,210,fire,SNEAKER,MENS,Natural Rubber,0.41,195.06,75.84,87,FALSE,2023-01-01,2024-01-01,FALSE
629,210,down,RUNNING,WOMENS,Recycled Rubber,0.76,189.74,23.43,63,FALSE,2024-01-01,2024-12-31,FALSE
630,210,year,SNEAKER,MENS,Hemp Canvas,1.13,40.5,98.43,81,TRUE,2024-12-31,9999-12-31,TRUE
631,211,finish,FORMAL,MENS,Cork,1.06,177.57,56.57,87,FALSE,2023-01-01,2024-01-01,FALSE
632,211,spend,SNEAKER,MENS,Hemp Canvas,0.55,235.05,85.55,66,FALSE,2024-01-01,2024-12-31,FALSE
633,211,fight,SNEAKER,UNISEX,Recycled PET,1.56,181.32,61.45,87,FALSE,2024-12-31,9999-12-31,TRUE
634,212,sea,RUNNING,KIDS,Recycled Rubber,1.53,49.89,93.88,55,FALSE,2023-01-01,2024-01-01,FALSE
635,212,despite,RUNNING,WOMENS,Algae Foam,0.99,147.62,4.35,92,TRUE,2024-01-01,2024-12-31,FALSE
636,212,road,SNEAKER,MENS,Cork,0.41,79.87,8.18,73,FALSE,2024-12-31,9999-12-31,TRUE
637,213,sea,SLIPPER,WOMENS,Hemp Canvas,1.55,231.57,19.69,42,TRUE,2023-01-01,2024-01-01,FALSE
638,213,middle,BOOT,WOMENS,Cork,1.37,163.43,62.63,42,FALSE,2024-01-01,2024-12-31,FALSE
639,213,free,SNEAKER,MENS,Apple Leather,1.4,211.54,51.97,30,FALSE,2024-12-31,9999-12-31,TRUE
640,214,media,SANDAL,MENS,TENCEL Lyocell,1.15,160.58,8.55,7,FALSE,2023-01-01,2024-01-01,FALSE
641,214,happy,RUNNING,UNISEX,Hemp Canvas,1.34,52.02,80.24,7,TRUE,2024-01-01,2024-12-31,FALSE
642,214,opportunity,BOOT,WOMENS,Hemp Canvas,1.07,100.93,38.15,12,FALSE,2024-12-31,9999-12-31,TRUE
643,215,world,RUNNING,UNISEX,TENCEL Lyocell,1.15,134.22,46.42,54,FALSE,2023-01-01,2024-01-01,FALSE
644,215,world,BOOT,WOMENS,Apple Leather,1.34,134.36,32.82,24,TRUE,2024-01-01,2024-12-31,FALSE
645,215,stuff,SNEAKER,MENS,Recycled Rubber,1.41,228.92,12.6,65,TRUE,2024-12-31,9999-12-31,TRUE
646,216,set,RUNNING,MENS,Cork,0.69,206.38,6.05,39,FALSE,2023-01-01,2024-01-01,FALSE
647,216,eye,RUNNING,MENS,Chrome-free Leather,1.1,152.64,14.56,60,TRUE,2024-01-01,2024-12-31,FALSE
648,216,field,RUNNING,MENS,Recycled PET,1.1,181.44,5.73,64,FALSE,2024-12-31,9999-12-31,TRUE
649,217,campaign,BOOT,WOMENS,Chrome-free Leather,1.57,173.52,20.13,8,TRUE,2023-01-01,2024-01-01,FALSE
650,217,painting,BOOT,MENS,Apple Leather,1.12,108.54,57.84,42,FALSE,2024-01-01,2024-12-31,FALSE
651,217,require,RUNNING,WOMENS,Cork,1.35,47.86,21.94,0,FALSE,2024-12-31,9999-12-31,TRUE
652,218,of,BOOT,MENS,Natural Rubber,0.98,200.35,81.47,94,TRUE,2023-01-01,2024-01-01,FALSE
653,218,hundred,RUNNING,UNISEX,Recycled PET,0.41,114.16,55.47,18,TRUE,2024-01-01,2024-12-31,FALSE
654,218,war,SNEAKER,MENS,TENCEL Lyocell,0.45,45.23,19.78,22,TRUE,2024-12-31,9999-12-31,TRUE
655,219,indicate,SNEAKER,WOMENS,Recycled Nylon,0.7,80.16,17.61,33,FALSE,2023-01-01,2024-01-01,FALSE
656,219,tell,SNEAKER,MENS,Chrome-free Leather,1.34,62.3,93.61,39,TRUE,2024-01-01,2024-12-31,FALSE
657,219,hair,RUNNING,MENS,Natural Rubber,1.03,206.79,62.32,55,FALSE,2024-12-31,9999-12-31,TRUE
658,220,spring,SNEAKER,WOMENS,Apple Leather,1.35,79.25,37.82,47,TRUE,2023-01-01,2024-01-01,FALSE
659,220,summer,RUNNING,MENS,Apple Leather,1.32,162.34,85.44,37,FALSE,2024-01-01,2024-12-31,FALSE
660,220,child,RUNNING,WOMENS,TENCEL Lyocell,1.45,217.82,96.84,62,TRUE,2024-12-31,9999-12-31,TRUE
661,221,fill,SNEAKER,MENS,Recycled Rubber,0.48,145.81,75.13,82,FALSE,2023-01-01,2024-01-01,FALSE
662,221,and,RUNNING,MENS,Natural Rubber,1.25,149.35,48.33,63,TRUE,2024-01-01,2024-12-31,FALSE
663,221,field,BOOT,MENS,TENCEL Lyocell,1.18,82.51,89.49,57,FALSE,2024-12-31,9999-12-31,TRUE
664,222,send,RUNNING,WOMENS,Recycled Nylon,1.09,235.45,37.41,70,TRUE,2023-01-01,2024-01-01,FALSE
665,222,bar,SANDAL,WOMENS,Algae Foam,0.68,47.64,51.23,43,TRUE,2024-01-01,2024-12-31,FALSE
666,222,half,RUNNING,MENS,TENCEL Lyocell,0.78,119.3,17.96,29,TRUE,2024-12-31,9999-12-31,TRUE
667,223,window,SNEAKER,UNISEX,Bio-EVA,1.0,153.8,7.82,35,FALSE,2023-01-01,2024-01-01,FALSE
668,223,letter,SNEAKER,WOMENS,Recycled PET,0.64,80.3,32.92,38,FALSE,2024-01-01,2024-12-31,FALSE
669,223,reality,SANDAL,UNISEX,Natural Rubber,1.12,67.95,85.5,91,FALSE,2024-12-31,9999-12-31,TRUE
670,224,establish,FORMAL,WOMENS,Bio-EVA,1.39,203.46,40.38,51,FALSE,2023-01-01,2024-01-01,FALSE
671,224,small,SANDAL,WOMENS,Recycled Rubber,1.59,238.81,86.55,29,TRUE,2024-01-01,2024-12-31,FALSE
672,224,measure,SANDAL,MENS,Algae Foam,1.34,198.1,72.25,59,TRUE,2024-12-31,9999-12-31,TRUE
673,225,difficult,SNEAKER,UNISEX,Cork,1.53,126.71,43.87,71,TRUE,2023-01-01,2024-01-01,FALSE
674,225,defense,SNEAKER,UNISEX,Bio-EVA,1.29,143.96,65.88,45,TRUE,2024-01-01,2024-12-31,FALSE
675,225,their,RUNNING,MENS,Chrome-free Leather,1.33,151.9,32.61,2,FALSE,2024-12-31,9999-12-31,TRUE
676,226,nothing,SNEAKER,WOMENS,Apple Leather,1.59,158.32,79.91,77,FALSE,2023-01-01,2024-01-01,FALSE
677,226,experience,RUNNING,MENS,Apple Leather,0.48,120.15,47.48,42,FALSE,2024-01-01,2024-12-31,FALSE
678,226,worker,RUNNING,UNISEX,Organic Cotton,0.53,155.11,3.21,88,FALSE,2024-12-31,9999-12-31,TRUE
679,227,or,SNEAKER,WOMENS,Recycled Nylon,0.86,82.24,29.11,67,TRUE,2023-01-01,2024-01-01,FALSE
680,227,safe,SNEAKER,MENS,Natural Rubber,1.43,125.28,15.7,14,TRUE,2024-01-01,2024-12-31,FALSE
681,227,expert,RUNNING,UNISEX,Chrome-free Leather,1.48,82.36,87.04,39,TRUE,2024-12-31,9999-12-31,TRUE
682,228,certain,SANDAL,MENS,Recycled Rubber,1.53,162.37,50.25,87,TRUE,2023-01-01,2024-01-01,FALSE
683,228,boy,SNEAKER,KIDS,Cork,1.39,166.02,24.68,42,FALSE,2024-01-01,2024-12-31,FALSE
684,228,power,FORMAL,MENS,Algae Foam,1.28,99.46,88.1,58,TRUE,2024-12-31,9999-12-31,TRUE
685,229,sit,SANDAL,UNISEX,Chrome-free Leather,1.39,217.47,41.51,22,FALSE,2023-01-01,2024-01-01,FALSE
686,229,peace,SANDAL,MENS,Recycled Nylon,0.62,158.41,39.36,5,TRUE,2024-01-01,2024-12-31,FALSE
687,229,education,FORMAL,WOMENS,Recycled Rubber,0.75,231.42,69.8,92,FALSE,2024-12-31,9999-12-31,TRUE
688,230,eight,FORMAL,MENS,TENCEL Lyocell,0.55,116.43,75.54,64,FALSE,2023-01-01,2024-01-01,FALSE
689,230,apply,RUNNING,MENS,Bio-EVA,1.01,136.06,7.32,88,FALSE,2024-01-01,2024-12-31,FALSE
690,230,relationship,RUNNING,WOMENS,Chrome-free Leather,0.63,46.93,25.06,90,FALSE,2024-12-31,9999-12-31,TRUE
691,231,west,RUNNING,UNISEX,Cork,0.48,154.17,24.23,56,TRUE,2023-01-01,2024-01-01,FALSE
692,231,nice,SANDAL,UNISEX,Natural Rubber,0.42,60.11,29.41,68,FALSE,2024-01-01,2024-12-31,FALSE
693,231,draw,SNEAKER,MENS,Recycled PET,0.73,131.54,17.79,91,TRUE,2024-12-31,9999-12-31,TRUE
694,232,pull,BOOT,WOMENS,Hemp Canvas,1.4,209.42,64.1,91,FALSE,2023-01-01,2024-01-01,FALSE
695,232,early,SNEAKER,MENS,Cork,1.12,49.22,37.74,25,FALSE,2024-01-01,2024-12-31,FALSE
696,232,area,RUNNING,WOMENS,Organic Cotton,0.91,246.75,33.71,24,FALSE,2024-12-31,9999-12-31,TRUE
697,233,black,SNEAKER,KIDS,Organic Cotton,1.4,178.46,72.4,5,TRUE,2023-01-01,2024-01-01,FALSE
698,233,job,SNEAKER,WOMENS,Algae Foam,0.63,82.5,54.17,54,TRUE,2024-01-01,2024-12-31,FALSE
699,233,give,SNEAKER,WOMENS,Natural Rubber,0.88,105.41,38.92,58,TRUE,2024-12-31,9999-12-31,TRUE
700,234,series,BOOT,WOMENS,Recycled Rubber,0.45,224.95,41.11,98,FALSE,2023-01-01,2024-01-01,FALSE
701,234,marriage,SLIPPER,WOMENS,Algae Foam,1.59,217.6,17.15,12,FALSE,2024-01-01,2024-12-31,FALSE
702,234,black,SLIPPER,MENS,Hemp Canvas,1.57,184.68,33.2,81,FALSE,2024-12-31,9999-12-31,TRUE
703,235,responsibility,BOOT,KIDS,Recycled Rubber,0.48,42.71,91.21,57,TRUE,2023-01-01,2024-01-01,FALSE
704,235,spend,BOOT,WOMENS,Recycled Rubber,1.59,87.85,61.63,15,TRUE,2024-01-01,2024-12-31,FALSE
705,235,certain,SANDAL,UNISEX,Recycled Rubber,0.47,117.65,29.66,19,TRUE,2024-12-31,9999-12-31,TRUE
706,236,accept,BOOT,WOMENS,Hemp Canvas,1.59,132.18,87.73,17,TRUE,2023-01-01,2024-01-01,FALSE
707,236,oil,BOOT,UNISEX,Algae Foam,1.57,175.09,28.85,3,TRUE,2024-01-01,2024-12-31,FALSE
708,236,woman,SANDAL,WOMENS,Natural Rubber,0.46,231.71,98.84,87,FALSE,2024-12-31,9999-12-31,TRUE
709,237,coach,SNEAKER,UNISEX,Algae Foam,0.62,171.25,6.46,62,TRUE,2023-01-01,2024-01-01,FALSE
710,237,investment,SNEAKER,MENS,Organic Cotton,0.65,58.27,59.26,26,TRUE,2024-01-01,2024-12-31,FALSE
711,237,read,SNEAKER,MENS,Bio-EVA,1.27,90.43,17.64,31,TRUE,2024-12-31,9999-12-31,TRUE
712,238,worry,BOOT,KIDS,Natural Rubber,1.43,140.05,95.1,46,TRUE,2023-01-01,2024-01-01,FALSE
713,238,up,SNEAKER,MENS,Algae Foam,1.28,198.67,81.96,61,TRUE,2024-01-01,2024-12-31,FALSE
714,238,unit,RUNNING,UNISEX,TENCEL Lyocell,1.51,163.99,15.28,93,TRUE,2024-12-31,9999-12-31,TRUE
715,239,maybe,RUNNING,WOMENS,Bio-EVA,1.07,139.98,33.32,91,TRUE,2023-01-01,2024-01-01,FALSE
716,239,me,SNEAKER,WOMENS,Recycled PET,1.0,191.32,49.15,53,FALSE,2024-01-01,2024-12-31,FALSE
717,239,rather,SLIPPER,MENS,Cork,1.17,162.54,40.88,4,FALSE,2024-12-31,9999-12-31,TRUE
718,240,decision,SNEAKER,KIDS,Organic Cotton,1.32,239.99,77.13,96,FALSE,2023-01-01,2024-01-01,FALSE
719,240,something,RUNNING,MENS,Hemp Canvas,1.24,175.69,92.65,94,TRUE,2024-01-01,2024-12-31,FALSE
720,240,field,RUNNING,KIDS,Chrome-free Leather,1.25,44.93,66.57,18,TRUE,2024-12-31,9999-12-31,TRUE
721,241,full,RUNNING,MENS,Bio-EVA,1.12,238.87,84.15,1,TRUE,2023-01-01,2024-01-01,FALSE
722,241,feeling,SNEAKER,MENS,Chrome-free Leather,1.25,243.57,8.03,24,FALSE,2024-01-01,2024-12-31,FALSE
723,241,race,SNEAKER,MENS,Hemp Canvas,1.0,150.97,88.67,75,TRUE,2024-12-31,9999-12-31,TRUE
724,242,artist,RUNNING,UNISEX,Hemp Canvas,0.51,172.6,77.67,44,FALSE,2023-01-01,2024-01-01,FALSE
725,242,whatever,SNEAKER,WOMENS,Hemp Canvas,1.24,40.35,16.84,62,TRUE,2024-01-01,2024-12-31,FALSE
726,242,specific,SNEAKER,MENS,Algae Foam,1.19,192.94,17.06,47,TRUE,2024-12-31,9999-12-31,TRUE
727,243,behind,SNEAKER,MENS,Algae Foam,0.53,158.09,21.26,25,TRUE,2023-01-01,2024-01-01,FALSE
728,243,reach,SNEAKER,UNISEX,Bio-EVA,1.48,124.85,62.68,79,TRUE,2024-01-01,2024-12-31,FALSE
729,243,painting,BOOT,WOMENS,Organic Cotton,0.55,52.5,2.97,30,TRUE,2024-12-31,9999-12-31,TRUE
730,244,each,BOOT,WOMENS,Recycled PET,1.3,40.52,58.24,5,TRUE,2023-01-01,2024-01-01,FALSE
731,244,nor,RUNNING,WOMENS,Recycled Rubber,1.58,198.89,93.21,60,FALSE,2024-01-01,2024-12-31,FALSE
732,244,single,BOOT,WOMENS,Hemp Canvas,0.81,105.2,23.96,46,FALSE,2024-12-31,9999-12-31,TRUE
733,245,several,RUNNING,WOMENS,Chrome-free Leather,0.8,60.04,45.69,89,TRUE,2023-01-01,2024-01-01,FALSE
734,245,to,SANDAL,KIDS,Recycled PET,0.55,150.43,95.11,96,FALSE,2024-01-01,2024-12-31,FALSE
735,245,write,RUNNING,MENS,Recycled Rubber,0.97,125.76,18.79,81,FALSE,2024-12-31,9999-12-31,TRUE
736,246,always,SANDAL,WOMENS,Chrome-free Leather,0.45,208.59,32.55,56,TRUE,2023-01-01,2024-01-01,FALSE
737,246,white,RUNNING,UNISEX,TENCEL Lyocell,0.82,236.21,94.15,60,FALSE,2024-01-01,2024-12-31,FALSE
738,246,will,FORMAL,UNISEX,Hemp Canvas,0.75,79.97,14.32,66,FALSE,2024-12-31,9999-12-31,TRUE
739,247,continue,SANDAL,MENS,Recycled PET,1.0,57.29,83.24,70,FALSE,2023-01-01,2024-01-01,FALSE
740,247,key,RUNNING,UNISEX,Apple Leather,0.98,152.54,24.34,21,FALSE,2024-01-01,2024-12-31,FALSE
741,247,us,BOOT,WOMENS,Cork,1.26,72.65,92.9,49,FALSE,2024-12-31,9999-12-31,TRUE
742,248,third,SNEAKER,WOMENS,Cork,1.48,64.85,13.58,68,FALSE,2023-01-01,2024-01-01,FALSE
743,248,control,RUNNING,UNISEX,Bio-EVA,0.67,159.95,92.38,8,FALSE,2024-01-01,2024-12-31,FALSE
744,248,world,RUNNING,MENS,Hemp Canvas,0.86,173.84,56.19,55,FALSE,2024-12-31,9999-12-31,TRUE
745,249,wide,SNEAKER,WOMENS,Organic Cotton,0.51,194.52,93.72,95,FALSE,2023-01-01,2024-01-01,FALSE
746,249,although,BOOT,WOMENS,Bio-EVA,0.86,193.75,31.08,75,FALSE,2024-01-01,2024-12-31,FALSE
747,249,think,SANDAL,KIDS,Bio-EVA,0.84,181.65,79.66,66,FALSE,2024-12-31,9999-12-31,TRUE
748,250,industry,BOOT,WOMENS,Recycled PET,1.42,105.34,81.61,37,FALSE,2023-01-01,2024-01-01,FALSE
749,250,store,RUNNING,MENS,Recycled Rubber,0.58,178.72,80.13,89,TRUE,2024-01-01,2024-12-31,FALSE
750,250,mission,RUNNING,MENS,Hemp Canvas,0.73,217.01,57.4,80,FALSE,2024-12-31,9999-12-31,TRUE
751,251,cultural,RUNNING,MENS,Chrome-free Leather,1.58,108.96,82.79,26,FALSE,2023-01-01,2024-01-01,FALSE
752,251,write,FORMAL,WOMENS,Hemp Canvas,1.51,201.97,85.68,93,TRUE,2024-01-01,2024-12-31,FALSE
753,251,smile,SLIPPER,MENS,Recycled Nylon,1.59,154.07,33.74,86,TRUE,2024-12-31,9999-12-31,TRUE
754,252,turn,RUNNING,MENS,Recycled PET,1.27,98.3,92.31,89,FALSE,2023-01-01,2024-01-01,FALSE
755,252,with,RUNNING,WOMENS,TENCEL Lyocell,1.1,208.07,84.98,90,TRUE,2024-01-01,2024-12-31,FALSE
756,252,figure,BOOT,MENS,Cork,0.98,227.42,20.98,95,TRUE,2024-12-31,9999-12-31,TRUE
757,253,under,BOOT,WOMENS,Recycled Nylon,0.52,203.95,85.84,48,FALSE,2023-01-01,2024-01-01,FALSE
758,253,always,RUNNING,UNISEX,Apple Leather,0.52,243.57,17.96,6,TRUE,2024-01-01,2024-12-31,FALSE
759,253,act,RUNNING,WOMENS,Cork,0.58,190.74,24.5,15,TRUE,2024-12-31,9999-12-31,TRUE
760,254,fire,RUNNING,MENS,Apple Leather,1.18,117.83,69.18,85,FALSE,2023-01-01,2024-01-01,FALSE
761,254,out,SANDAL,UNISEX,Recycled Rubber,0.73,176.17,36.73,15,TRUE,2024-01-01,2024-12-31,FALSE
762,254,player,SNEAKER,MENS,Recycled Nylon,0.67,162.24,98.73,61,TRUE,2024-12-31,9999-12-31,TRUE
763,255,both,SANDAL,UNISEX,Natural Rubber,0.98,174.37,43.37,73,TRUE,2023-01-01,2024-01-01,FALSE
764,255,without,RUNNING,MENS,Recycled Nylon,1.05,124.12,70.07,50,FALSE,2024-01-01,2024-12-31,FALSE
765,255,government,RUNNING,UNISEX,Cork,1.02,161.79,71.37,83,TRUE,2024-12-31,9999-12-31,TRUE
766,256,feel,SANDAL,KIDS,Recycled Nylon,0.62,164.81,17.99,71,TRUE,2023-01-01,2024-01-01,FALSE
767,256,look,RUNNING,WOMENS,Algae Foam,1.18,57.44,25.68,96,TRUE,2024-01-01,2024-12-31,FALSE
768,256,put,SLIPPER,MENS,Chrome-free Leather,1.05,127.84,94.52,0,TRUE,2024-12-31,9999-12-31,TRUE
769,257,of,SNEAKER,KIDS,Recycled Nylon,0.75,151.16,13.99,62,FALSE,2023-01-01,2024-01-01,FALSE
770,257,need,RUNNING,KIDS,Chrome-free Leather,1.05,83.07,9.9,5,TRUE,2024-01-01,2024-12-31,FALSE
771,257,minute,SNEAKER,WOMENS,TENCEL Lyocell,1.55,165.45,21.6,45,TRUE,2024-12-31,9999-12-31,TRUE
772,258,visit,SANDAL,MENS,Algae Foam,0.71,175.45,16.33,58,TRUE,2023-01-01,2024-01-01,FALSE
773,258,wrong,SNEAKER,MENS,Hemp Canvas,1.04,53.82,73.27,81,FALSE,2024-01-01,2024-12-31,FALSE
774,258,center,SNEAKER,MENS,Recycled Rubber,1.38,166.04,41.97,19,TRUE,2024-12-31,9999-12-31,TRUE
775,259,today,SANDAL,MENS,Apple Leather,0.7,95.73,53.15,87,FALSE,2023-01-01,2024-01-01,FALSE
776,259,mother,SNEAKER,MENS,Chrome-free Leather,0.8,96.38,86.89,28,TRUE,2024-01-01,2024-12-31,FALSE
777,259,management,SNEAKER,KIDS,Natural Rubber,1.54,203.37,12.35,67,FALSE,2024-12-31,9999-12-31,TRUE
778,260,explain,RUNNING,UNISEX,Cork,1.03,186.1,86.54,70,TRUE,2023-01-01,2024-01-01,FALSE
779,260,data,SNEAKER,WOMENS,Bio-EVA,1.3,76.94,80.61,86,FALSE,2024-01-01,2024-12-31,FALSE
780,260,table,RUNNING,MENS,Recycled Nylon,0.97,65.79,0.95,65,FALSE,2024-12-31,9999-12-31,TRUE
781,261,budget,BOOT,WOMENS,Algae Foam,0.72,231.87,63.92,47,FALSE,2023-01-01,2024-01-01,FALSE
782,261,give,SNEAKER,MENS,Hemp Canvas,0.62,246.11,79.85,64,TRUE,2024-01-01,2024-12-31,FALSE
783,261,commercial,SLIPPER,MENS,Hemp Canvas,1.51,87.04,63.56,11,FALSE,2024-12-31,9999-12-31,TRUE
784,262,side,RUNNING,WOMENS,Organic Cotton,0.5,192.29,94.49,21,FALSE,2023-01-01,2024-01-01,FALSE
785,262,low,SNEAKER,WOMENS,Apple Leather,1.37,41.25,94.84,86,FALSE,2024-01-01,2024-12-31,FALSE
786,262,raise,SANDAL,MENS,Algae Foam,1.6,225.5,69.79,51,TRUE,2024-12-31,9999-12-31,TRUE
787,263,even,SNEAKER,UNISEX,Recycled PET,0.91,151.21,34.51,94,FALSE,2023-01-01,2024-01-01,FALSE
788,263,serious,FORMAL,KIDS,Apple Leather,1.22,47.89,44.87,21,FALSE,2024-01-01,2024-12-31,FALSE
789,263,cultural,FORMAL,MENS,Natural Rubber,0.49,215.28,51.37,6,TRUE,2024-12-31,9999-12-31,TRUE
790,264,address,RUNNING,MENS,Organic Cotton,1.5,91.45,53.91,98,FALSE,2023-01-01,2024-01-01,FALSE
791,264,since,SNEAKER,MENS,Bio-EVA,0.4,171.55,39.36,39,FALSE,2024-01-01,2024-12-31,FALSE
792,264,green,SLIPPER,MENS,Recycled Nylon,1.52,226.42,84.84,7,TRUE,2024-12-31,9999-12-31,TRUE
793,265,street,BOOT,WOMENS,Chrome-free Leather,0.41,225.94,18.62,45,TRUE,2023-01-01,2024-01-01,FALSE
794,265,find,RUNNING,WOMENS,Algae Foam,1.48,125.25,91.31,0,TRUE,2024-01-01,2024-12-31,FALSE
795,265,out,BOOT,WOMENS,Chrome-free Leather,0.76,128.95,18.22,34,TRUE,2024-12-31,9999-12-31,TRUE
796,266,represent,RUNNING,UNISEX,Organic Cotton,0.82,130.13,35.92,90,TRUE,2023-01-01,2024-01-01,FALSE
797,266,sometimes,SNEAKER,WOMENS,Chrome-free Leather,1.29,228.21,16.03,25,FALSE,2024-01-01,2024-12-31,FALSE
798,266,data,SLIPPER,KIDS,Organic Cotton,0.99,143.07,68.17,16,TRUE,2024-12-31,9999-12-31,TRUE
799,267,continue,SANDAL,UNISEX,Algae Foam,1.51,216.04,38.88,14,FALSE,2023-01-01,2024-01-01,FALSE
800,267,popular,SANDAL,WOMENS,Chrome-free Leather,0.42,182.73,5.2,43,TRUE,2024-01-01,2024-12-31,FALSE
801,267,total,BOOT,WOMENS,Cork,0.74,56.35,42.9,79,TRUE,2024-12-31,9999-12-31,TRUE
802,268,purpose,RUNNING,WOMENS,TENCEL Lyocell,1.44,247.79,24.74,54,TRUE,2023-01-01,2024-01-01,FALSE
803,268,watch,SANDAL,UNISEX,Hemp Canvas,1.0,77.05,99.26,75,FALSE,2024-01-01,2024-12-31,FALSE
804,268,into,SNEAKER,WOMENS,Chrome-free Leather,0.73,79.36,14.62,2,FALSE,2024-12-31,9999-12-31,TRUE
805,269,the,SNEAKER,WOMENS,Chrome-free Leather,0.77,172.0,23.14,43,TRUE,2023-01-01,2024-01-01,FALSE
806,269,late,SNEAKER,MENS,Recycled PET,0.53,115.35,94.3,91,TRUE,2024-01-01,2024-12-31,FALSE
807,269,myself,RUNNING,WOMENS,Recycled PET,0.46,195.4,21.2,60,TRUE,2024-12-31,9999-12-31,TRUE
808,270,generation,BOOT,MENS,Bio-EVA,0.99,109.2,11.15,85,TRUE,2023-01-01,2024-01-01,FALSE
809,270,before,BOOT,UNISEX,Bio-EVA,1.29,114.89,77.88,67,FALSE,2024-01-01,2024-12-31,FALSE
810,270,institution,SNEAKER,WOMENS,Recycled Rubber,0.5,61.34,62.96,77,TRUE,2024-12-31,9999-12-31,TRUE
811,271,relationship,BOOT,KIDS,Recycled Rubber,0.63,186.98,92.55,9,FALSE,2023-01-01,2024-01-01,FALSE
812,271,beyond,BOOT,WOMENS,Cork,1.31,151.05,15.37,16,TRUE,2024-01-01,2024-12-31,FALSE
813,271,crime,BOOT,WOMENS,Recycled Nylon,1.42,229.43,97.51,46,TRUE,2024-12-31,9999-12-31,TRUE
814,272,challenge,SANDAL,KIDS,Recycled PET,0.9,234.58,50.39,2,TRUE,2023-01-01,2024-01-01,FALSE
815,272,me,SNEAKER,KIDS,Bio-EVA,1.55,51.77,97.25,24,FALSE,2024-01-01,2024-12-31,FALSE
816,272,game,RUNNING,MENS,Recycled Nylon,1.57,73.76,75.07,49,FALSE,2024-12-31,9999-12-31,TRUE
817,273,would,RUNNING,MENS,Natural Rubber,0.4,159.1,59.21,1,FALSE,2023-01-01,2024-01-01,FALSE
818,273,energy,SANDAL,MENS,Hemp Canvas,1.03,102.72,22.03,90,TRUE,2024-01-01,2024-12-31,FALSE
819,273,according,SNEAKER,WOMENS,Algae Foam,0.75,173.32,94.2,35,FALSE,2024-12-31,9999-12-31,TRUE
820,274,every,SNEAKER,UNISEX,Recycled Rubber,0.7,211.92,53.46,0,FALSE,2023-01-01,2024-01-01,FALSE
821,274,identify,BOOT,KIDS,Bio-EVA,1.54,224.64,26.4,17,TRUE,2024-01-01,2024-12-31,FALSE
822,274,eat,BOOT,WOMENS,Recycled PET,1.38,212.03,21.93,35,TRUE,2024-12-31,9999-12-31,TRUE
823,275,likely,SLIPPER,MENS,Apple Leather,1.33,202.91,10.64,95,FALSE,2023-01-01,2024-01-01,FALSE
824,275,some,FORMAL,WOMENS,Recycled Rubber,1.13,82.29,44.22,41,TRUE,2024-01-01,2024-12-31,FALSE
825,275,example,BOOT,UNISEX,TENCEL Lyocell,0.59,87.66,72.63,47,TRUE,2024-12-31,9999-12-31,TRUE
826,276,girl,RUNNING,MENS,Cork,1.38,75.98,56.97,93,TRUE,2023-01-01,2024-01-01,FALSE
827,276,five,SNEAKER,WOMENS,Recycled Nylon,1.38,183.35,18.78,18,TRUE,2024-01-01,2024-12-31,FALSE
828,276,pass,SNEAKER,KIDS,Apple Leather,0.52,149.62,72.68,1,FALSE,2024-12-31,9999-12-31,TRUE
829,277,several,RUNNING,WOMENS,TENCEL Lyocell,1.32,174.34,4.37,31,FALSE,2023-01-01,2024-01-01,FALSE
830,277,page,SNEAKER,KIDS,Recycled Rubber,1.35,40.97,79.17,69,FALSE,2024-01-01,2024-12-31,FALSE
831,277,activity,RUNNING,MENS,Natural Rubber,0.98,157.2,44.43,20,TRUE,2024-12-31,9999-12-31,TRUE
832,278,every,RUNNING,WOMENS,Algae Foam,0.72,153.16,2.12,5,TRUE,2023-01-01,2024-01-01,FALSE
833,278,ready,SNEAKER,MENS,Recycled Nylon,0.57,230.56,2.4,54,TRUE,2024-01-01,2024-12-31,FALSE
834,278,here,RUNNING,WOMENS,Apple Leather,1.22,183.22,71.49,14,TRUE,2024-12-31,9999-12-31,TRUE
835,279,room,SLIPPER,WOMENS,Apple Leather,0.74,55.02,33.37,46,FALSE,2023-01-01,2024-01-01,FALSE
836,279,eat,FORMAL,UNISEX,Recycled Rubber,0.61,150.4,59.96,86,TRUE,2024-01-01,2024-12-31,FALSE
837,279,assume,FORMAL,MENS,Recycled Rubber,0.74,222.83,27.11,63,FALSE,2024-12-31,9999-12-31,TRUE
838,280,region,FORMAL,UNISEX,Hemp Canvas,0.49,39.46,93.31,19,FALSE,2023-01-01,2024-01-01,FALSE
839,280,by,SNEAKER,WOMENS,Cork,1.36,244.03,81.46,14,FALSE,2024-01-01,2024-12-31,FALSE
840,280,make,SLIPPER,WOMENS,Organic Cotton,1.59,77.19,38.5,40,TRUE,2024-12-31,9999-12-31,TRUE
841,281,food,RUNNING,KIDS,Recycled Rubber,1.16,68.03,94.4,31,TRUE,2023-01-01,2024-01-01,FALSE
842,281,collection,RUNNING,MENS,Cork,1.04,87.32,8.36,91,TRUE,2024-01-01,2024-12-31,FALSE
843,281,into,BOOT,MENS,Hemp Canvas,1.24,88.39,0.29,2,TRUE,2024-12-31,9999-12-31,TRUE
844,282,rich,RUNNING,WOMENS,Organic Cotton,1.49,114.78,84.93,99,FALSE,2023-01-01,2024-01-01,FALSE
845,282,morning,SNEAKER,WOMENS,Recycled Nylon,1.57,230.72,24.25,28,TRUE,2024-01-01,2024-12-31,FALSE
846,282,wind,SNEAKER,KIDS,Hemp Canvas,0.85,44.53,96.49,47,TRUE,2024-12-31,9999-12-31,TRUE
847,283,want,SNEAKER,MENS,Cork,1.11,72.22,14.69,18,TRUE,2023-01-01,2024-01-01,FALSE
848,283,view,SNEAKER,MENS,TENCEL Lyocell,0.58,77.31,74.36,95,FALSE,2024-01-01,2024-12-31,FALSE
849,283,score,FORMAL,MENS,Hemp Canvas,0.93,174.42,1.32,14,TRUE,2024-12-31,9999-12-31,TRUE
850,284,speech,FORMAL,WOMENS,TENCEL Lyocell,1.0,41.28,83.27,87,FALSE,2023-01-01,2024-01-01,FALSE
851,284,foreign,RUNNING,MENS,Bio-EVA,1.09,103.27,22.73,20,TRUE,2024-01-01,2024-12-31,FALSE
852,284,road,SNEAKER,MENS,Apple Leather,1.29,123.08,5.6,50,TRUE,2024-12-31,9999-12-31,TRUE
853,285,buy,SANDAL,MENS,Recycled Nylon,1.38,137.37,31.32,82,TRUE,2023-01-01,2024-01-01,FALSE
854,285,purpose,RUNNING,WOMENS,Chrome-free Leather,0.91,95.68,10.44,46,FALSE,2024-01-01,2024-12-31,FALSE
855,285,whom,SANDAL,WOMENS,Bio-EVA,1.05,52.72,59.71,96,FALSE,2024-12-31,9999-12-31,TRUE
856,286,yeah,SNEAKER,WOMENS,Apple Leather,0.69,56.86,57.01,5,FALSE,2023-01-01,2024-01-01,FALSE
857,286,find,SANDAL,WOMENS,Bio-EVA,1.53,40.78,35.66,36,FALSE,2024-01-01,2024-12-31,FALSE
858,286,hold,RUNNING,WOMENS,Chrome-free Leather,0.83,66.2,67.47,42,TRUE,2024-12-31,9999-12-31,TRUE
859,287,possible,SANDAL,WOMENS,TENCEL Lyocell,0.58,162.31,38.21,75,FALSE,2023-01-01,2024-01-01,FALSE
860,287,do,SNEAKER,WOMENS,Hemp Canvas,0.49,170.45,95.28,29,FALSE,2024-01-01,2024-12-31,FALSE
861,287,discuss,SANDAL,MENS,TENCEL Lyocell,0.59,241.37,51.63,93,FALSE,2024-12-31,9999-12-31,TRUE
862,288,cell,RUNNING,UNISEX,Cork,0.56,100.08,62.35,55,TRUE,2023-01-01,2024-01-01,FALSE
863,288,mean,SANDAL,MENS,Natural Rubber,1.6,166.44,95.8,72,FALSE,2024-01-01,2024-12-31,FALSE
864,288,claim,RUNNING,UNISEX,Organic Cotton,1.44,153.9,96.89,100,FALSE,2024-12-31,9999-12-31,TRUE
865,289,look,RUNNING,MENS,Natural Rubber,0.75,53.31,57.65,45,TRUE,2023-01-01,2024-01-01,FALSE
866,289,small,SNEAKER,UNISEX,Bio-EVA,0.97,92.77,87.67,83,FALSE,2024-01-01,2024-12-31,FALSE
867,289,police,FORMAL,KIDS,Cork,0.84,99.19,40.9,79,FALSE,2024-12-31,9999-12-31,TRUE
868,290,hour,SNEAKER,MENS,Recycled Nylon,1.54,117.47,68.22,64,TRUE,2023-01-01,2024-01-01,FALSE
869,290,just,FORMAL,KIDS,Recycled PET,1.57,50.98,79.06,89,FALSE,2024-01-01,2024-12-31,FALSE
870,290,science,SNEAKER,UNISEX,Bio-EVA,0.59,122.85,7.3,49,FALSE,2024-12-31,9999-12-31,TRUE
871,291,often,BOOT,WOMENS,Cork,1.04,210.84,10.91,23,FALSE,2023-01-01,2024-01-01,FALSE
872,291,while,FORMAL,KIDS,TENCEL Lyocell,0.64,108.03,31.73,77,TRUE,2024-01-01,2024-12-31,FALSE
873,291,market,SANDAL,MENS,Bio-EVA,0.45,71.71,47.0,81,TRUE,2024-12-31,9999-12-31,TRUE
874,292,sometimes,BOOT,KIDS,TENCEL Lyocell,0.47,208.79,78.96,60,TRUE,2023-01-01,2024-01-01,FALSE
875,292,note,SNEAKER,WOMENS,TENCEL Lyocell,0.91,91.93,17.61,18,TRUE,2024-01-01,2024-12-31,FALSE
876,292,suffer,RUNNING,WOMENS,Hemp Canvas,1.45,149.2,66.96,33,TRUE,2024-12-31,9999-12-31,TRUE
877,293,red,SNEAKER,UNISEX,Cork,1.56,101.35,19.86,53,TRUE,2023-01-01,2024-01-01,FALSE
878,293,that,RUNNING,UNISEX,Apple Leather,0.92,230.65,57.03,1,FALSE,2024-01-01,2024-12-31,FALSE
879,293,discover,FORMAL,WOMENS,Hemp Canvas,1.09,69.37,66.41,93,FALSE,2024-12-31,9999-12-31,TRUE
880,294,sound,SANDAL,WOMENS,Organic Cotton,0.95,69.97,86.43,14,FALSE,2023-01-01,2024-01-01,FALSE
881,294,end,BOOT,WOMENS,Hemp Canvas,1.59,237.1,85.73,81,TRUE,2024-01-01,2024-12-31,FALSE
882,294,response,SLIPPER,WOMENS,Natural Rubber,1.57,127.24,54.61,21,FALSE,2024-12-31,9999-12-31,TRUE
883,295,somebody,SNEAKER,WOMENS,Natural Rubber,1.22,239.57,37.03,46,TRUE,2023-01-01,2024-01-01,FALSE
884,295,pick,FORMAL,MENS,Recycled Nylon,1.24,175.27,45.6,52,TRUE,2024-01-01,2024-12-31,FALSE
885,295,TV,SANDAL,MENS,Apple Leather,0.8,233.53,45.88,47,TRUE,2024-12-31,9999-12-31,TRUE
886,296,store,BOOT,MENS,Chrome-free Leather,1.41,183.6,43.75,36,FALSE,2023-01-01,2024-01-01,FALSE
887,296,beat,FORMAL,UNISEX,Organic Cotton,0.51,214.82,8.96,2,FALSE,2024-01-01,2024-12-31,FALSE
888,296,never,RUNNING,MENS,TENCEL Lyocell,1.51,59.94,44.41,74,FALSE,2024-12-31,9999-12-31,TRUE
889,297,likely,BOOT,UNISEX,Natural Rubber,1.33,154.83,11.45,60,FALSE,2023-01-01,2024-01-01,FALSE
890,297,news,RUNNING,UNISEX,Cork,1.49,174.42,78.46,50,TRUE,2024-01-01,2024-12-31,FALSE
891,297,score,RUNNING,WOMENS,Bio-EVA,1.46,94.54,83.85,53,FALSE,2024-12-31,9999-12-31,TRUE
892,298,high,SNEAKER,UNISEX,Recycled PET,0.43,205.01,84.08,66,FALSE,2023-01-01,2024-01-01,FALSE
893,298,bank,BOOT,WOMENS,Apple Leather,1.59,89.78,97.35,24,FALSE,2024-01-01,2024-12-31,FALSE
894,298,whose,RUNNING,WOMENS,Apple Leather,0.91,236.27,39.04,93,TRUE,2024-12-31,9999-12-31,TRUE
895,299,organization,FORMAL,MENS,Cork,0.52,207.25,50.43,80,FALSE,2023-01-01,2024-01-01,FALSE
896,299,brother,RUNNING,UNISEX,Recycled Nylon,1.4,72.4,32.24,11,TRUE,2024-01-01,2024-12-31,FALSE
897,299,assume,RUNNING,MENS,Recycled Rubber,0.43,187.59,92.06,10,FALSE,2024-12-31,9999-12-31,TRUE
898,300,them,SNEAKER,UNISEX,Apple Leather,1.16,202.29,18.66,83,FALSE,2023-01-01,2024-01-01,FALSE
899,300,officer,SNEAKER,MENS,Natural Rubber,1.34,204.07,77.04,84,TRUE,2024-01-01,2024-12-31,FALSE
900,300,weight,SNEAKER,WOMENS,Recycled PET,1.58,221.06,11.09,76,TRUE,2024-12-31,9999-12-31,TRUE
901,301,mouth,SNEAKER,WOMENS,Natural Rubber,0.49,216.37,91.27,26,TRUE,2023-01-01,2024-01-01,FALSE
902,301,degree,RUNNING,WOMENS,Recycled PET,1.55,55.03,68.73,48,FALSE,2024-01-01,2024-12-31,FALSE
903,301,page,BOOT,MENS,Organic Cotton,0.76,228.76,65.97,80,FALSE,2024-12-31,9999-12-31,TRUE
904,302,not,SNEAKER,KIDS,Apple Leather,0.98,167.94,54.65,20,FALSE,2023-01-01,2024-01-01,FALSE
905,302,citizen,SNEAKER,WOMENS,Recycled Rubber,1.04,147.78,76.1,27,FALSE,2024-01-01,2024-12-31,FALSE
906,302,community,SNEAKER,WOMENS,Bio-EVA,0.66,191.83,93.98,34,TRUE,2024-12-31,9999-12-31,TRUE
907,303,generation,SNEAKER,WOMENS,Hemp Canvas,1.18,137.08,80.9,55,FALSE,2023-01-01,2024-01-01,FALSE
908,303,too,RUNNING,WOMENS,Natural Rubber,1.22,225.34,28.11,50,TRUE,2024-01-01,2024-12-31,FALSE
909,303,nature,SANDAL,MENS,Organic Cotton,0.65,190.63,43.35,57,TRUE,2024-12-31,9999-12-31,TRUE
910,304,letter,SANDAL,UNISEX,Recycled Rubber,1.13,129.16,56.71,47,FALSE,2023-01-01,2024-01-01,FALSE
911,304,but,SANDAL,MENS,Recycled Nylon,1.55,92.14,40.98,77,FALSE,2024-01-01,2024-12-31,FALSE
912,304,response,BOOT,KIDS,Chrome-free Leather,0.44,76.78,32.27,23,TRUE,2024-12-31,9999-12-31,TRUE
913,305,describe,SNEAKER,MENS,Chrome-free Leather,1.34,64.68,31.86,1,FALSE,2023-01-01,2024-01-01,FALSE
914,305,series,SNEAKER,MENS,Bio-EVA,0.68,52.91,28.36,27,FALSE,2024-01-01,2024-12-31,FALSE
915,305,past,SNEAKER,WOMENS,Recycled Rubber,1.46,219.58,7.48,82,TRUE,2024-12-31,9999-12-31,TRUE
916,306,middle,SANDAL,WOMENS,Bio-EVA,0.64,207.57,49.87,35,TRUE,2023-01-01,2024-01-01,FALSE
917,306,benefit,SNEAKER,WOMENS,Bio-EVA,0.86,160.05,28.5,82,FALSE,2024-01-01,2024-12-31,FALSE
918,306,way,BOOT,WOMENS,Cork,0.56,242.04,3.7,68,FALSE,2024-12-31,9999-12-31,TRUE
919,307,Mrs,SNEAKER,MENS,Recycled PET,0.51,207.53,72.33,35,TRUE,2023-01-01,2024-01-01,FALSE
920,307,like,RUNNING,WOMENS,TENCEL Lyocell,0.99,48.89,29.84,58,TRUE,2024-01-01,2024-12-31,FALSE
921,307,table,BOOT,KIDS,Recycled Nylon,1.53,60.58,22.4,1,TRUE,2024-12-31,9999-12-31,TRUE
922,308,around,SLIPPER,UNISEX,Hemp Canvas,0.67,57.48,72.41,47,FALSE,2023-01-01,2024-01-01,FALSE
923,308,long,RUNNING,WOMENS,Hemp Canvas,0.46,224.5,4.31,6,FALSE,2024-01-01,2024-12-31,FALSE
924,308,cause,SNEAKER,WOMENS,Recycled Rubber,1.37,95.68,17.03,17,FALSE,2024-12-31,9999-12-31,TRUE
925,309,must,SNEAKER,WOMENS,Organic Cotton,1.1,217.53,89.55,81,TRUE,2023-01-01,2024-01-01,FALSE
926,309,just,SNEAKER,MENS,Algae Foam,1.19,244.03,32.19,93,TRUE,2024-01-01,2024-12-31,FALSE
927,309,loss,SNEAKER,UNISEX,Hemp Canvas,0.82,214.46,24.24,82,FALSE,2024-12-31,9999-12-31,TRUE
928,310,organization,SNEAKER,WOMENS,Apple Leather,0.47,41.76,21.61,49,TRUE,2023-01-01,2024-01-01,FALSE
929,310,article,SNEAKER,WOMENS,Recycled Rubber,1.03,219.28,76.05,39,FALSE,2024-01-01,2024-12-31,FALSE
930,310,operation,BOOT,UNISEX,Organic Cotton,0.56,231.51,38.56,57,FALSE,2024-12-31,9999-12-31,TRUE
931,311,maintain,RUNNING,UNISEX,Natural Rubber,0.73,73.48,30.71,73,FALSE,2023-01-01,2024-01-01,FALSE
932,311,remember,SNEAKER,UNISEX,Hemp Canvas,0.69,226.76,18.7,3,TRUE,2024-01-01,2024-12-31,FALSE
933,311,surface,RUNNING,WOMENS,Organic Cotton,1.06,113.43,21.21,50,FALSE,2024-12-31,9999-12-31,TRUE
934,312,foot,RUNNING,WOMENS,Bio-EVA,0.52,175.21,73.2,54,TRUE,2023-01-01,2024-01-01,FALSE
935,312,several,SNEAKER,WOMENS,Bio-EVA,1.13,147.91,10.92,6,FALSE,2024-01-01,2024-12-31,FALSE
936,312,age,SLIPPER,WOMENS,Recycled PET,0.44,94.9,6.58,12,TRUE,2024-12-31,9999-12-31,TRUE
937,313,individual,FORMAL,MENS,Chrome-free Leather,0.87,85.18,82.41,88,TRUE,2023-01-01,2024-01-01,FALSE
938,313,environmental,SNEAKER,UNISEX,Chrome-free Leather,0.75,164.23,73.39,12,TRUE,2024-01-01,2024-12-31,FALSE
939,313,technology,FORMAL,MENS,Hemp Canvas,1.42,183.47,17.02,87,TRUE,2024-12-31,9999-12-31,TRUE
940,314,about,SNEAKER,UNISEX,Organic Cotton,0.42,138.67,33.41,22,FALSE,2023-01-01,2024-01-01,FALSE
941,314,skill,FORMAL,WOMENS,TENCEL Lyocell,0.41,112.95,47.38,0,TRUE,2024-01-01,2024-12-31,FALSE
942,314,discover,SNEAKER,WOMENS,TENCEL Lyocell,1.08,246.99,83.54,67,FALSE,2024-12-31,9999-12-31,TRUE
943,315,particular,SANDAL,UNISEX,Organic Cotton,1.36,109.49,49.07,44,FALSE,2023-01-01,2024-01-01,FALSE
944,315,baby,SNEAKER,MENS,Chrome-free Leather,0.42,113.05,71.02,66,FALSE,2024-01-01,2024-12-31,FALSE
945,315,answer,FORMAL,UNISEX,Recycled Rubber,0.54,183.01,72.82,2,TRUE,2024-12-31,9999-12-31,TRUE
946,316,land,RUNNING,WOMENS,Apple Leather,0.83,45.49,57.76,89,FALSE,2023-01-01,2024-01-01,FALSE
947,316,guy,RUNNING,UNISEX,Natural Rubber,1.55,173.13,96.55,80,FALSE,2024-01-01,2024-12-31,FALSE
948,316,school,FORMAL,MENS,Apple Leather,1.03,94.71,67.91,42,TRUE,2024-12-31,9999-12-31,TRUE
949,317,attack,RUNNING,KIDS,Bio-EVA,0.45,148.22,34.33,78,TRUE,2023-01-01,2024-01-01,FALSE
950,317,number,SANDAL,MENS,TENCEL Lyocell,0.82,62.14,0.83,87,TRUE,2024-01-01,2024-12-31,FALSE
951,317,as,BOOT,MENS,Bio-EVA,1.07,73.15,48.68,8,FALSE,2024-12-31,9999-12-31,TRUE
952,318,worry,SNEAKER,WOMENS,Bio-EVA,1.11,50.17,30.58,55,TRUE,2023-01-01,2024-01-01,FALSE
953,318,wall,SANDAL,WOMENS,Organic Cotton,1.45,203.91,50.2,98,FALSE,2024-01-01,2024-12-31,FALSE
954,318,authority,SLIPPER,MENS,Organic Cotton,1.28,129.73,91.83,37,TRUE,2024-12-31,9999-12-31,TRUE
955,319,world,RUNNING,WOMENS,TENCEL Lyocell,1.16,127.74,96.69,12,FALSE,2023-01-01,2024-01-01,FALSE
956,319,marriage,FORMAL,MENS,Natural Rubber,0.92,222.95,80.44,17,FALSE,2024-01-01,2024-12-31,FALSE
957,319,almost,SNEAKER,WOMENS,Algae Foam,0.76,56.98,56.67,80,TRUE,2024-12-31,9999-12-31,TRUE
958,320,few,SNEAKER,UNISEX,Recycled Nylon,0.52,149.58,69.41,64,FALSE,2023-01-01,2024-01-01,FALSE
959,320,issue,SANDAL,MENS,Cork,0.9,125.15,2.77,71,TRUE,2024-01-01,2024-12-31,FALSE
960,320,couple,SANDAL,WOMENS,Organic Cotton,1.49,204.19,58.03,47,TRUE,2024-12-31,9999-12-31,TRUE
961,321,specific,RUNNING,MENS,Bio-EVA,1.31,121.46,40.29,0,TRUE,2023-01-01,2024-01-01,FALSE
962,321,central,SANDAL,MENS,Recycled Nylon,0.5,95.74,98.62,13,TRUE,2024-01-01,2024-12-31,FALSE
963,321,space,SNEAKER,WOMENS,Cork,0.8,51.78,74.05,86,FALSE,2024-12-31,9999-12-31,TRUE
964,322,put,SANDAL,MENS,Algae Foam,1.07,242.13,13.64,86,FALSE,2023-01-01,2024-01-01,FALSE
965,322,shoulder,SNEAKER,MENS,Hemp Canvas,1.52,208.18,62.37,25,TRUE,2024-01-01,2024-12-31,FALSE
966,322,race,SNEAKER,MENS,Organic Cotton,0.52,81.9,47.37,64,TRUE,2024-12-31,9999-12-31,TRUE
967,323,kitchen,SNEAKER,WOMENS,Chrome-free Leather,1.58,211.26,84.17,69,TRUE,2023-01-01,2024-01-01,FALSE
968,323,house,BOOT,MENS,Recycled Rubber,0.55,69.71,2.17,18,FALSE,2024-01-01,2024-12-31,FALSE
969,323,vote,BOOT,WOMENS,Hemp Canvas,1.06,138.99,29.0,85,TRUE,2024-12-31,9999-12-31,TRUE
970,324,idea,BOOT,MENS,Bio-EVA,0.86,206.97,46.4,54,TRUE,2023-01-01,2024-01-01,FALSE
971,324,list,SNEAKER,WOMENS,Chrome-free Leather,1.1,46.16,65.04,84,FALSE,2024-01-01,2024-12-31,FALSE
972,324,true,SNEAKER,UNISEX,Apple Leather,0.96,190.84,27.69,20,TRUE,2024-12-31,9999-12-31,TRUE
973,325,whose,FORMAL,MENS,Chrome-free Leather,1.25,121.03,6.28,83,TRUE,2023-01-01,2024-01-01,FALSE
974,325,what,BOOT,MENS,Cork,1.43,68.41,78.5,84,TRUE,2024-01-01,2024-12-31,FALSE
975,325,huge,RUNNING,KIDS,Recycled Rubber,0.85,138.07,65.9,73,FALSE,2024-12-31,9999-12-31,TRUE
976,326,how,RUNNING,MENS,Bio-EVA,1.24,162.66,58.07,74,FALSE,2023-01-01,2024-01-01,FALSE
977,326,be,RUNNING,WOMENS,Recycled Nylon,0.59,59.27,10.62,86,TRUE,2024-01-01,2024-12-31,FALSE
978,326,result,SANDAL,KIDS,TENCEL Lyocell,1.28,88.69,89.98,22,FALSE,2024-12-31,9999-12-31,TRUE
979,327,recently,RUNNING,KIDS,Apple Leather,0.47,91.6,3.74,95,TRUE,2023-01-01,2024-01-01,FALSE
980,327,two,SANDAL,MENS,Recycled Nylon,1.51,106.44,69.87,48,TRUE,2024-01-01,2024-12-31,FALSE
981,327,notice,BOOT,MENS,Natural Rubber,0.99,181.56,22.55,94,TRUE,2024-12-31,9999-12-31,TRUE
982,328,cell,SANDAL,UNISEX,Natural Rubber,1.1,171.11,66.87,26,TRUE,2023-01-01,2024-01-01,FALSE
983,328,ready,SNEAKER,WOMENS,TENCEL Lyocell,1.08,220.54,34.07,87,FALSE,2024-01-01,2024-12-31,FALSE
984,328,trade,FORMAL,MENS,Cork,1.4,158.78,47.37,45,TRUE,2024-12-31,9999-12-31,TRUE
985,329,happen,FORMAL,UNISEX,TENCEL Lyocell,0.93,170.35,87.4,72,TRUE,2023-01-01,2024-01-01,FALSE
986,329,by,SANDAL,WOMENS,Organic Cotton,0.68,165.31,33.09,28,FALSE,2024-01-01,2024-12-31,FALSE
987,329,could,SNEAKER,UNISEX,Chrome-free Leather,0.83,222.21,15.79,36,TRUE,2024-12-31,9999-12-31,TRUE
988,330,note,BOOT,UNISEX,Apple Leather,1.0,122.84,5.66,89,FALSE,2023-01-01,2024-01-01,FALSE
989,330,increase,BOOT,KIDS,Apple Leather,1.18,45.78,42.14,25,TRUE,2024-01-01,2024-12-31,FALSE
990,330,newspaper,SANDAL,WOMENS,Algae Foam,1.28,233.08,66.33,7,TRUE,2024-12-31,9999-12-31,TRUE
991,331,care,SNEAKER,KIDS,Recycled Nylon,1.24,199.77,3.54,9,FALSE,2023-01-01,2024-01-01,FALSE
992,331,should,BOOT,MENS,Recycled PET,1.06,237.79,27.05,5,TRUE,2024-01-01,2024-12-31,FALSE
993,331,dog,RUNNING,WOMENS,Chrome-free Leather,0.97,203.12,87.64,29,TRUE,2024-12-31,9999-12-31,TRUE
994,332,they,SNEAKER,UNISEX,TENCEL Lyocell,1.04,219.66,68.19,94,TRUE,2023-01-01,2024-01-01,FALSE
995,332,about,RUNNING,MENS,Chrome-free Leather,0.55,186.28,54.95,14,TRUE,2024-01-01,2024-12-31,FALSE
996,332,something,FORMAL,KIDS,Chrome-free Leather,0.63,130.67,5.79,29,TRUE,2024-12-31,9999-12-31,TRUE
997,333,agency,SNEAKER,MENS,TENCEL Lyocell,1.37,151.61,4.58,1,FALSE,2023-01-01,2024-01-01,FALSE
998,333,fire,SNEAKER,WOMENS,Recycled PET,0.93,98.35,31.41,77,FALSE,2024-01-01,2024-12-31,FALSE
999,333,major,SNEAKER,WOMENS,Recycled Rubber,0.97,64.7,7.68,32,FALSE,2024-12-31,9999-12-31,TRUE
1000,334,report,SNEAKER,MENS,TENCEL Lyocell,1.48,219.34,44.35,38,FALSE,2023-01-01,2024-01-01,FALSE
1001,334,serve,SANDAL,WOMENS,Recycled Rubber,1.03,95.18,69.78,64,TRUE,2024-01-01,2024-12-31,FALSE
1002,334,off,RUNNING,MENS,Apple Leather,0.98,55.47,91.2,66,TRUE,2024-12-31,9999-12-31,TRUE
1003,335,language,SANDAL,WOMENS,Chrome-free Leather,1.38,68.81,97.79,89,TRUE,2023-01-01,2024-01-01,FALSE
1004,335,night,SANDAL,KIDS,Recycled PET,1.4,95.76,58.82,38,FALSE,2024-01-01,2024-12-31,FALSE
1005,335,hundred,SNEAKER,WOMENS,Recycled Rubber,0.99,220.18,38.47,5,TRUE,2024-12-31,9999-12-31,TRUE
1006,336,than,RUNNING,MENS,Algae Foam,1.19,45.57,76.3,3,FALSE,2023-01-01,2024-01-01,FALSE
1007,336,drug,SANDAL,WOMENS,TENCEL Lyocell,0.72,197.2,21.65,3,TRUE,2024-01-01,2024-12-31,FALSE
1008,336,end,SANDAL,MENS,Cork,1.28,193.44,5.71,13,FALSE,2024-12-31,9999-12-31,TRUE
1009,337,magazine,SLIPPER,KIDS,Bio-EVA,1.59,151.3,42.38,92,FALSE,2023-01-01,2024-01-01,FALSE
1010,337,half,RUNNING,WOMENS,Chrome-free Leather,1.29,233.18,13.19,1,TRUE,2024-01-01,2024-12-31,FALSE
1011,337,clear,BOOT,WOMENS,Apple Leather,1.33,101.12,57.11,4,FALSE,2024-12-31,9999-12-31,TRUE
1012,338,fact,RUNNING,MENS,TENCEL Lyocell,1.37,166.68,12.43,72,FALSE,2023-01-01,2024-01-01,FALSE
1013,338,current,SANDAL,UNISEX,Cork,0.42,40.86,3.7,45,TRUE,2024-01-01,2024-12-31,FALSE
1014,338,write,SANDAL,WOMENS,Recycled PET,1.53,97.05,61.03,40,FALSE,2024-12-31,9999-12-31,TRUE
1015,339,type,RUNNING,WOMENS,TENCEL Lyocell,0.71,142.94,22.74,22,TRUE,2023-01-01,2024-01-01,FALSE
1016,339,share,BOOT,WOMENS,Organic Cotton,0.45,182.73,86.06,74,TRUE,2024-01-01,2024-12-31,FALSE
1017,339,southern,BOOT,WOMENS,Apple Leather,1.59,243.81,1.61,45,FALSE,2024-12-31,9999-12-31,TRUE
1018,340,budget,SNEAKER,WOMENS,Organic Cotton,1.01,62.77,7.75,26,TRUE,2023-01-01,2024-01-01,FALSE
1019,340,almost,RUNNING,UNISEX,Chrome-free Leather,1.17,222.93,14.31,41,FALSE,2024-01-01,2024-12-31,FALSE
1020,340,table,RUNNING,KIDS,Recycled Nylon,0.85,236.92,29.41,3,TRUE,2024-12-31,9999-12-31,TRUE
1021,341,recent,SNEAKER,KIDS,Recycled Nylon,0.43,166.9,80.8,65,FALSE,2023-01-01,2024-01-01,FALSE
1022,341,kind,SANDAL,UNISEX,Hemp Canvas,1.53,118.56,58.27,84,FALSE,2024-01-01,2024-12-31,FALSE
1023,341,possible,RUNNING,KIDS,Recycled PET,0.49,235.46,22.46,64,FALSE,2024-12-31,9999-12-31,TRUE
1024,342,space,BOOT,UNISEX,Algae Foam,0.55,223.48,79.82,77,TRUE,2023-01-01,2024-01-01,FALSE
1025,342,would,RUNNING,MENS,Bio-EVA,1.4,100.54,24.4,31,FALSE,2024-01-01,2024-12-31,FALSE
1026,342,use,SLIPPER,WOMENS,Bio-EVA,1.57,184.55,44.5,52,TRUE,2024-12-31,9999-12-31,TRUE
1027,343,visit,RUNNING,MENS,Recycled Nylon,1.18,166.1,44.9,53,TRUE,2023-01-01,2024-01-01,FALSE
1028,343,admit,SANDAL,KIDS,Apple Leather,0.69,229.95,67.41,85,TRUE,2024-01-01,2024-12-31,FALSE
1029,343,effect,SNEAKER,WOMENS,Bio-EVA,0.5,127.41,98.32,73,TRUE,2024-12-31,9999-12-31,TRUE
1030,344,design,FORMAL,WOMENS,Natural Rubber,0.94,74.02,41.86,97,FALSE,2023-01-01,2024-01-01,FALSE
1031,344,audience,FORMAL,UNISEX,Organic Cotton,0.44,129.6,69.0,9,TRUE,2024-01-01,2024-12-31,FALSE
1032,344,blood,FORMAL,KIDS,Recycled Nylon,0.83,123.49,55.69,91,TRUE,2024-12-31,9999-12-31,TRUE
1033,345,phone,RUNNING,UNISEX,Chrome-free Leather,1.13,61.63,72.22,9,FALSE,2023-01-01,2024-01-01,FALSE
1034,345,along,RUNNING,MENS,Chrome-free Leather,0.94,214.31,28.93,61,FALSE,2024-01-01,2024-12-31,FALSE
1035,345,likely,SANDAL,MENS,Recycled Rubber,1.38,145.97,15.23,0,FALSE,2024-12-31,9999-12-31,TRUE
1036,346,piece,RUNNING,MENS,Chrome-free Leather,0.93,145.82,58.81,98,TRUE,2023-01-01,2024-01-01,FALSE
1037,346,remember,SNEAKER,WOMENS,Algae Foam,1.48,160.76,84.41,54,TRUE,2024-01-01,2024-12-31,FALSE
1038,346,score,RUNNING,UNISEX,Apple Leather,0.45,237.46,88.24,93,TRUE,2024-12-31,9999-12-31,TRUE
1039,347,turn,RUNNING,MENS,Recycled Rubber,0.52,98.81,11.86,35,TRUE,2023-01-01,2024-01-01,FALSE
1040,347,anything,SNEAKER,WOMENS,Apple Leather,0.71,166.3,10.61,29,FALSE,2024-01-01,2024-12-31,FALSE
1041,347,election,SNEAKER,WOMENS,Recycled Nylon,1.31,44.74,90.25,69,FALSE,2024-12-31,9999-12-31,TRUE
1042,348,sit,SNEAKER,MENS,TENCEL Lyocell,0.84,98.19,94.79,54,FALSE,2023-01-01,2024-01-01,FALSE
1043,348,another,RUNNING,UNISEX,Bio-EVA,0.53,187.33,84.47,56,FALSE,2024-01-01,2024-12-31,FALSE
1044,348,interest,RUNNING,WOMENS,Organic Cotton,0.73,179.43,96.84,10,FALSE,2024-12-31,9999-12-31,TRUE
1045,349,leg,SNEAKER,WOMENS,Organic Cotton,0.8,134.23,73.55,86,FALSE,2023-01-01,2024-01-01,FALSE
1046,349,east,SANDAL,WOMENS,Apple Leather,0.92,234.8,79.42,40,TRUE,2024-01-01,2024-12-31,FALSE
1047,349,notice,BOOT,UNISEX,Recycled Rubber,1.54,170.73,24.59,75,TRUE,2024-12-31,9999-12-31,TRUE
1048,350,director,FORMAL,MENS,Bio-EVA,0.58,209.91,73.36,36,TRUE,2023-01-01,2024-01-01,FALSE
1049,350,somebody,BOOT,WOMENS,Algae Foam,1.27,83.98,43.43,62,FALSE,2024-01-01,2024-12-31,FALSE
1050,350,treat,SNEAKER,WOMENS,Cork,0.72,118.86,58.39,81,TRUE,2024-12-31,9999-12-31,TRUE
1051,351,stand,RUNNING,KIDS,Recycled Nylon,1.41,222.76,66.8,62,FALSE,2023-01-01,2024-01-01,FALSE
1052,351,arrive,RUNNING,WOMENS,Cork,0.52,62.6,88.09,96,FALSE,2024-01-01,2024-12-31,FALSE
1053,351,challenge,RUNNING,MENS,Natural Rubber,0.91,76.0,95.63,84,TRUE,2024-12-31,9999-12-31,TRUE
1054,352,most,BOOT,MENS,TENCEL Lyocell,0.98,207.99,48.92,52,FALSE,2023-01-01,2024-01-01,FALSE
1055,352,figure,SNEAKER,WOMENS,Natural Rubber,1.42,124.89,56.23,41,TRUE,2024-01-01,2024-12-31,FALSE
1056,352,east,RUNNING,MENS,Cork,0.88,230.6,26.83,93,TRUE,2024-12-31,9999-12-31,TRUE
1057,353,team,BOOT,WOMENS,Cork,0.67,222.88,53.6,99,FALSE,2023-01-01,2024-01-01,FALSE
1058,353,whom,FORMAL,MENS,Bio-EVA,1.13,43.18,72.22,48,TRUE,2024-01-01,2024-12-31,FALSE
1059,353,sign,SANDAL,KIDS,TENCEL Lyocell,1.06,176.54,51.86,46,FALSE,2024-12-31,9999-12-31,TRUE
1060,354,parent,SLIPPER,UNISEX,Chrome-free Leather,1.26,99.94,16.14,47,TRUE,2023-01-01,2024-01-01,FALSE
1061,354,from,SNEAKER,UNISEX,Apple Leather,0.44,43.21,94.04,13,FALSE,2024-01-01,2024-12-31,FALSE
1062,354,participant,SANDAL,WOMENS,Bio-EVA,0.43,171.63,68.81,4,TRUE,2024-12-31,9999-12-31,TRUE
1063,355,piece,SNEAKER,UNISEX,Recycled Rubber,0.56,194.51,27.0,10,TRUE,2023-01-01,2024-01-01,FALSE
1064,355,spring,RUNNING,MENS,Hemp Canvas,0.42,194.96,54.17,19,TRUE,2024-01-01,2024-12-31,FALSE
1065,355,remember,BOOT,MENS,TENCEL Lyocell,1.43,203.8,42.52,95,TRUE,2024-12-31,9999-12-31,TRUE
1066,356,tell,SNEAKER,WOMENS,Bio-EVA,1.19,137.99,29.12,11,TRUE,2023-01-01,2024-01-01,FALSE
1067,356,full,RUNNING,WOMENS,Bio-EVA,1.24,145.38,38.24,63,FALSE,2024-01-01,2024-12-31,FALSE
1068,356,economic,SLIPPER,UNISEX,Hemp Canvas,0.94,160.35,2.49,98,TRUE,2024-12-31,9999-12-31,TRUE
1069,357,five,RUNNING,MENS,Recycled Rubber,0.8,209.03,97.58,12,FALSE,2023-01-01,2024-01-01,FALSE
1070,357,under,SNEAKER,KIDS,Recycled Rubber,0.5,123.67,83.81,66,FALSE,2024-01-01,2024-12-31,FALSE
1071,357,character,BOOT,WOMENS,TENCEL Lyocell,0.7,104.41,33.79,19,TRUE,2024-12-31,9999-12-31,TRUE
1072,358,recent,BOOT,MENS,Recycled Nylon,0.72,82.94,56.24,62,FALSE,2023-01-01,2024-01-01,FALSE
1073,358,near,RUNNING,MENS,Bio-EVA,1.25,147.03,85.87,93,TRUE,2024-01-01,2024-12-31,FALSE
1074,358,do,SNEAKER,MENS,Chrome-free Leather,1.31,73.04,74.81,21,TRUE,2024-12-31,9999-12-31,TRUE
1075,359,job,FORMAL,WOMENS,Recycled Nylon,0.99,170.49,52.46,17,FALSE,2023-01-01,2024-01-01,FALSE
1076,359,first,RUNNING,MENS,Bio-EVA,0.92,100.79,92.2,86,TRUE,2024-01-01,2024-12-31,FALSE
1077,359,face,RUNNING,UNISEX,Algae Foam,0.6,99.94,68.5,78,FALSE,2024-12-31,9999-12-31,TRUE
1078,360,ask,RUNNING,MENS,Cork,0.65,108.34,74.68,17,TRUE,2023-01-01,2024-01-01,FALSE
1079,360,onto,SANDAL,MENS,Bio-EVA,0.62,137.8,99.33,0,TRUE,2024-01-01,2024-12-31,FALSE
1080,360,perhaps,SNEAKER,MENS,Algae Foam,0.8,51.83,46.87,20,TRUE,2024-12-31,9999-12-31,TRUE
1081,361,until,BOOT,UNISEX,Chrome-free Leather,0.42,79.45,28.42,54,FALSE,2023-01-01,2024-01-01,FALSE
1082,361,simple,RUNNING,MENS,Chrome-free Leather,0.71,152.61,65.94,9,FALSE,2024-01-01,2024-12-31,FALSE
1083,361,which,SNEAKER,WOMENS,Natural Rubber,1.08,65.61,52.23,82,FALSE,2024-12-31,9999-12-31,TRUE
1084,362,continue,RUNNING,UNISEX,Recycled Rubber,0.73,208.53,87.13,85,FALSE,2023-01-01,2024-01-01,FALSE
1085,362,produce,SNEAKER,WOMENS,Natural Rubber,0.66,234.2,61.49,18,TRUE,2024-01-01,2024-12-31,FALSE
1086,362,respond,FORMAL,WOMENS,Recycled Nylon,0.46,146.46,43.97,85,TRUE,2024-12-31,9999-12-31,TRUE
1087,363,late,RUNNING,UNISEX,Natural Rubber,0.87,201.52,70.62,45,TRUE,2023-01-01,2024-01-01,FALSE
1088,363,only,RUNNING,MENS,Recycled Nylon,1.41,239.63,94.55,35,FALSE,2024-01-01,2024-12-31,FALSE
1089,363,mission,SANDAL,MENS,Cork,1.35,182.93,55.79,55,FALSE,2024-12-31,9999-12-31,TRUE
1090,364,anyone,SNEAKER,UNISEX,Recycled Nylon,1.32,111.66,42.41,78,FALSE,2023-01-01,2024-01-01,FALSE
1091,364,guy,SLIPPER,KIDS,Chrome-free Leather,0.61,196.0,1.07,56,TRUE,2024-01-01,2024-12-31,FALSE
1092,364,year,SNEAKER,MENS,Bio-EVA,1.49,231.32,50.28,1,FALSE,2024-12-31,9999-12-31,TRUE
1093,365,question,SNEAKER,WOMENS,Cork,0.45,185.05,25.3,80,TRUE,2023-01-01,2024-01-01,FALSE
1094,365,remain,BOOT,WOMENS,Hemp Canvas,0.96,166.58,45.45,22,TRUE,2024-01-01,2024-12-31,FALSE
1095,365,I,FORMAL,UNISEX,TENCEL Lyocell,0.45,45.06,89.43,19,FALSE,2024-12-31,9999-12-31,TRUE
1096,366,stock,SNEAKER,UNISEX,Recycled PET,1.4,64.08,44.34,90,TRUE,2023-01-01,2024-01-01,FALSE
1097,366,network,SNEAKER,MENS,Apple Leather,0.63,167.94,1.67,86,FALSE,2024-01-01,2024-12-31,FALSE
1098,366,from,RUNNING,MENS,Recycled Nylon,1.1,237.3,51.63,85,TRUE,2024-12-31,9999-12-31,TRUE
1099,367,same,SANDAL,MENS,Recycled PET,1.39,144.32,72.9,10,TRUE,2023-01-01,2024-01-01,FALSE
1100,367,keep,SNEAKER,MENS,Hemp Canvas,0.89,172.41,84.21,0,TRUE,2024-01-01,2024-12-31,FALSE
1101,367,issue,BOOT,WOMENS,Cork,1.4,57.08,93.03,11,TRUE,2024-12-31,9999-12-31,TRUE
1102,368,church,SNEAKER,UNISEX,Natural Rubber,1.11,241.81,76.67,100,TRUE,2023-01-01,2024-01-01,FALSE
1103,368,first,BOOT,MENS,Recycled Nylon,1.53,103.63,68.09,24,FALSE,2024-01-01,2024-12-31,FALSE
1104,368,however,SANDAL,WOMENS,Chrome-free Leather,0.74,97.58,56.5,52,TRUE,2024-12-31,9999-12-31,TRUE
1105,369,create,SNEAKER,UNISEX,Natural Rubber,0.75,185.49,26.45,62,TRUE,2023-01-01,2024-01-01,FALSE
1106,369,somebody,RUNNING,UNISEX,Algae Foam,1.4,183.28,17.05,74,TRUE,2024-01-01,2024-12-31,FALSE
1107,369,note,RUNNING,WOMENS,Hemp Canvas,0.82,209.29,79.63,26,TRUE,2024-12-31,9999-12-31,TRUE
1108,370,material,SLIPPER,MENS,Hemp Canvas,0.72,146.79,21.07,27,TRUE,2023-01-01,2024-01-01,FALSE
1109,370,effect,SNEAKER,WOMENS,Recycled Rubber,0.62,68.36,58.68,47,FALSE,2024-01-01,2024-12-31,FALSE
1110,370,time,BOOT,UNISEX,Bio-EVA,0.53,114.37,90.1,20,TRUE,2024-12-31,9999-12-31,TRUE
1111,371,down,RUNNING,MENS,Organic Cotton,1.5,103.32,46.68,23,FALSE,2023-01-01,2024-01-01,FALSE
1112,371,first,RUNNING,MENS,Recycled Rubber,1.23,192.5,47.36,31,TRUE,2024-01-01,2024-12-31,FALSE
1113,371,toward,RUNNING,WOMENS,Hemp Canvas,0.76,242.86,87.74,97,FALSE,2024-12-31,9999-12-31,TRUE
1114,372,second,FORMAL,WOMENS,Cork,0.72,160.27,59.31,20,FALSE,2023-01-01,2024-01-01,FALSE
1115,372,charge,FORMAL,UNISEX,Apple Leather,1.53,80.68,97.24,96,TRUE,2024-01-01,2024-12-31,FALSE
1116,372,sure,BOOT,UNISEX,Recycled PET,0.51,205.5,14.15,44,TRUE,2024-12-31,9999-12-31,TRUE
1117,373,major,SNEAKER,WOMENS,Organic Cotton,1.46,102.27,8.04,30,FALSE,2023-01-01,2024-01-01,FALSE
1118,373,who,RUNNING,MENS,Organic Cotton,1.07,201.88,0.49,20,TRUE,2024-01-01,2024-12-31,FALSE
1119,373,article,RUNNING,MENS,Hemp Canvas,1.5,179.37,83.13,90,TRUE,2024-12-31,9999-12-31,TRUE
1120,374,or,FORMAL,MENS,Bio-EVA,1.52,122.98,32.71,36,FALSE,2023-01-01,2024-01-01,FALSE
1121,374,itself,SANDAL,MENS,Chrome-free Leather,0.49,141.54,74.04,75,TRUE,2024-01-01,2024-12-31,FALSE
1122,374,keep,FORMAL,WOMENS,Natural Rubber,0.83,144.31,0.16,76,FALSE,2024-12-31,9999-12-31,TRUE
1123,375,onto,FORMAL,MENS,Organic Cotton,0.63,83.36,43.54,43,TRUE,2023-01-01,2024-01-01,FALSE
1124,375,next,SNEAKER,WOMENS,Bio-EVA,1.21,139.94,26.1,53,TRUE,2024-01-01,2024-12-31,FALSE
1125,375,center,RUNNING,MENS,Organic Cotton,1.37,111.72,73.27,83,FALSE,2024-12-31,9999-12-31,TRUE
1126,376,important,SANDAL,WOMENS,Bio-EVA,1.09,119.64,45.47,62,FALSE,2023-01-01,2024-01-01,FALSE
1127,376,eight,BOOT,MENS,Recycled PET,0.91,194.83,11.6,57,FALSE,2024-01-01,2024-12-31,FALSE
1128,376,especially,SANDAL,MENS,Recycled Nylon,1.57,62.45,17.88,54,FALSE,2024-12-31,9999-12-31,TRUE
1129,377,Democrat,RUNNING,MENS,Organic Cotton,0.8,235.18,59.02,25,FALSE,2023-01-01,2024-01-01,FALSE
1130,377,give,BOOT,UNISEX,Cork,0.96,47.37,86.79,58,TRUE,2024-01-01,2024-12-31,FALSE
1131,377,radio,FORMAL,MENS,Bio-EVA,0.8,101.19,81.92,69,TRUE,2024-12-31,9999-12-31,TRUE
1132,378,bar,SNEAKER,MENS,Cork,0.76,46.48,11.17,93,TRUE,2023-01-01,2024-01-01,FALSE
1133,378,win,SANDAL,WOMENS,Organic Cotton,0.51,191.63,63.29,55,FALSE,2024-01-01,2024-12-31,FALSE
1134,378,listen,RUNNING,MENS,Recycled Rubber,1.5,228.75,93.23,67,FALSE,2024-12-31,9999-12-31,TRUE
1135,379,throw,SNEAKER,WOMENS,Recycled PET,1.13,191.0,81.25,12,TRUE,2023-01-01,2024-01-01,FALSE
1136,379,hospital,SLIPPER,WOMENS,Apple Leather,1.3,127.73,2.24,95,TRUE,2024-01-01,2024-12-31,FALSE
1137,379,best,BOOT,UNISEX,Recycled Nylon,0.92,63.45,19.16,33,FALSE,2024-12-31,9999-12-31,TRUE
1138,380,north,BOOT,MENS,TENCEL Lyocell,1.23,49.25,57.33,27,FALSE,2023-01-01,2024-01-01,FALSE
1139,380,shake,RUNNING,UNISEX,TENCEL Lyocell,0.73,180.0,60.46,23,FALSE,2024-01-01,2024-12-31,FALSE
1140,380,themselves,SNEAKER,MENS,Recycled PET,0.9,66.25,26.71,76,FALSE,2024-12-31,9999-12-31,TRUE
1141,381,cut,BOOT,WOMENS,Natural Rubber,1.25,85.42,61.14,93,FALSE,2023-01-01,2024-01-01,FALSE
1142,381,approach,SANDAL,MENS,Recycled Rubber,0.79,120.7,92.99,1,TRUE,2024-01-01,2024-12-31,FALSE
1143,381,executive,RUNNING,UNISEX,Organic Cotton,1.43,143.78,53.22,21,FALSE,2024-12-31,9999-12-31,TRUE
1144,382,huge,SNEAKER,WOMENS,Recycled Nylon,1.56,171.59,56.13,44,TRUE,2023-01-01,2024-01-01,FALSE
1145,382,report,SANDAL,MENS,Bio-EVA,1.3,133.81,46.74,19,FALSE,2024-01-01,2024-12-31,FALSE
1146,382,point,SNEAKER,WOMENS,Cork,1.59,43.92,97.34,71,FALSE,2024-12-31,9999-12-31,TRUE
1147,383,player,SLIPPER,MENS,Algae Foam,0.85,238.25,12.35,50,TRUE,2023-01-01,2024-01-01,FALSE
1148,383,among,SLIPPER,MENS,Natural Rubber,0.59,202.28,73.45,51,FALSE,2024-01-01,2024-12-31,FALSE
1149,383,TV,RUNNING,WOMENS,Recycled Nylon,0.73,200.8,63.03,85,FALSE,2024-12-31,9999-12-31,TRUE
1150,384,baby,SLIPPER,UNISEX,Bio-EVA,1.04,121.36,85.91,63,FALSE,2023-01-01,2024-01-01,FALSE
1151,384,cup,SNEAKER,KIDS,Organic Cotton,1.45,123.01,0.33,42,FALSE,2024-01-01,2024-12-31,FALSE
1152,384,summer,BOOT,MENS,Organic Cotton,1.1,126.8,41.83,24,FALSE,2024-12-31,9999-12-31,TRUE
1153,385,sort,BOOT,WOMENS,Recycled Rubber,1.6,164.91,73.21,2,TRUE,2023-01-01,2024-01-01,FALSE
1154,385,people,SNEAKER,MENS,Cork,0.51,116.76,74.3,83,TRUE,2024-01-01,2024-12-31,FALSE
1155,385,shake,RUNNING,WOMENS,Recycled Nylon,0.95,190.84,23.93,60,FALSE,2024-12-31,9999-12-31,TRUE
1156,386,remain,FORMAL,WOMENS,Bio-EVA,1.47,82.47,46.12,31,FALSE,2023-01-01,2024-01-01,FALSE
1157,386,operation,RUNNING,WOMENS,Natural Rubber,0.95,173.69,80.37,42,FALSE,2024-01-01,2024-12-31,FALSE
1158,386,director,FORMAL,WOMENS,Hemp Canvas,0.48,196.21,68.2,52,FALSE,2024-12-31,9999-12-31,TRUE
1159,387,measure,SLIPPER,UNISEX,Recycled PET,0.9,93.61,71.6,15,FALSE,2023-01-01,2024-01-01,FALSE
1160,387,detail,BOOT,KIDS,Hemp Canvas,0.93,212.83,5.98,50,FALSE,2024-01-01,2024-12-31,FALSE
1161,387,true,SANDAL,WOMENS,Chrome-free Leather,1.51,171.15,44.0,100,TRUE,2024-12-31,9999-12-31,TRUE
1162,388,what,SNEAKER,WOMENS,TENCEL Lyocell,1.3,62.47,16.9,52,FALSE,2023-01-01,2024-01-01,FALSE
1163,388,go,SNEAKER,WOMENS,Cork,0.72,108.31,69.37,58,FALSE,2024-01-01,2024-12-31,FALSE
1164,388,floor,RUNNING,WOMENS,Bio-EVA,0.75,132.38,78.74,89,TRUE,2024-12-31,9999-12-31,TRUE
1165,389,when,SNEAKER,WOMENS,Organic Cotton,1.03,44.45,88.02,72,TRUE,2023-01-01,2024-01-01,FALSE
1166,389,administration,SNEAKER,KIDS,Organic Cotton,1.16,138.81,43.99,37,TRUE,2024-01-01,2024-12-31,FALSE
1167,389,development,SANDAL,WOMENS,Recycled Rubber,1.43,93.03,22.79,27,FALSE,2024-12-31,9999-12-31,TRUE
1168,390,write,SNEAKER,WOMENS,Chrome-free Leather,1.01,221.75,51.68,61,FALSE,2023-01-01,2024-01-01,FALSE
1169,390,customer,SNEAKER,WOMENS,Organic Cotton,1.42,105.0,37.44,62,FALSE,2024-01-01,2024-12-31,FALSE
1170,390,site,FORMAL,MENS,Cork,0.86,179.44,6.48,28,TRUE,2024-12-31,9999-12-31,TRUE
1171,391,buy,SNEAKER,WOMENS,TENCEL Lyocell,1.35,175.5,35.65,58,FALSE,2023-01-01,2024-01-01,FALSE
1172,391,skin,BOOT,WOMENS,Hemp Canvas,1.38,204.41,89.81,94,TRUE,2024-01-01,2024-12-31,FALSE
1173,391,somebody,BOOT,MENS,Organic Cotton,0.8,53.11,55.33,68,FALSE,2024-12-31,9999-12-31,TRUE
1174,392,measure,RUNNING,WOMENS,TENCEL Lyocell,0.94,148.82,24.47,94,TRUE,2023-01-01,2024-01-01,FALSE
1175,392,who,FORMAL,UNISEX,Natural Rubber,1.26,76.26,97.94,34,FALSE,2024-01-01,2024-12-31,FALSE
1176,392,eight,SNEAKER,WOMENS,TENCEL Lyocell,0.48,228.66,52.26,7,TRUE,2024-12-31,9999-12-31,TRUE
1177,393,safe,SNEAKER,UNISEX,Cork,0.52,224.14,5.11,81,TRUE,2023-01-01,2024-01-01,FALSE
1178,393,PM,RUNNING,MENS,Cork,0.52,162.77,59.83,38,FALSE,2024-01-01,2024-12-31,FALSE
1179,393,score,BOOT,UNISEX,Organic Cotton,1.46,202.25,19.48,81,FALSE,2024-12-31,9999-12-31,TRUE
1180,394,democratic,RUNNING,WOMENS,TENCEL Lyocell,1.12,142.45,17.65,64,TRUE,2023-01-01,2024-01-01,FALSE
1181,394,industry,SNEAKER,MENS,Bio-EVA,1.04,110.64,67.78,64,TRUE,2024-01-01,2024-12-31,FALSE
1182,394,whole,RUNNING,KIDS,Apple Leather,0.99,106.03,97.44,60,TRUE,2024-12-31,9999-12-31,TRUE
1183,395,education,SNEAKER,UNISEX,Hemp Canvas,0.51,220.03,34.24,87,FALSE,2023-01-01,2024-01-01,FALSE
1184,395,old,SNEAKER,UNISEX,TENCEL Lyocell,0.66,144.37,32.0,67,TRUE,2024-01-01,2024-12-31,FALSE
1185,395,fund,BOOT,KIDS,Natural Rubber,1.21,106.99,19.19,50,FALSE,2024-12-31,9999-12-31,TRUE
1186,396,stand,FORMAL,MENS,Organic Cotton,1.55,245.04,65.35,100,TRUE,2023-01-01,2024-01-01,FALSE
1187,396,fear,SANDAL,WOMENS,Bio-EVA,1.52,214.23,37.08,39,TRUE,2024-01-01,2024-12-31,FALSE
1188,396,husband,RUNNING,UNISEX,Cork,0.91,121.64,41.71,97,FALSE,2024-12-31,9999-12-31,TRUE
1189,397,man,SNEAKER,MENS,Recycled Rubber,0.57,134.95,27.42,90,TRUE,2023-01-01,2024-01-01,FALSE
1190,397,none,BOOT,WOMENS,TENCEL Lyocell,0.43,128.77,38.24,71,FALSE,2024-01-01,2024-12-31,FALSE
1191,397,range,SNEAKER,WOMENS,Algae Foam,1.43,61.44,24.31,41,FALSE,2024-12-31,9999-12-31,TRUE
1192,398,her,FORMAL,MENS,Apple Leather,1.54,203.06,39.01,90,TRUE,2023-01-01,2024-01-01,FALSE
1193,398,foot,SNEAKER,MENS,Chrome-free Leather,0.52,173.32,27.6,47,TRUE,2024-01-01,2024-12-31,FALSE
1194,398,every,SNEAKER,MENS,Recycled Nylon,0.49,244.21,73.24,19,FALSE,2024-12-31,9999-12-31,TRUE
1195,399,here,BOOT,MENS,Algae Foam,0.93,107.85,54.66,84,TRUE,2023-01-01,2024-01-01,FALSE
1196,399,must,RUNNING,WOMENS,Recycled PET,1.33,53.28,78.59,91,FALSE,2024-01-01,2024-12-31,FALSE
1197,399,us,SLIPPER,WOMENS,TENCEL Lyocell,1.3,84.11,32.13,29,TRUE,2024-12-31,9999-12-31,TRUE
1198,400,modern,RUNNING,MENS,Hemp Canvas,0.71,196.01,2.31,15,FALSE,2023-01-01,2024-01-01,FALSE
1199,400,man,RUNNING,UNISEX,TENCEL Lyocell,1.4,51.66,98.96,47,TRUE,2024-01-01,2024-12-31,FALSE
1200,400,billion,RUNNING,WOMENS,Algae Foam,1.36,204.93,49.2,73,TRUE,2024-12-31,9999-12-31,TRUE
1201,401,suggest,SNEAKER,WOMENS,Organic Cotton,1.07,62.59,15.82,65,FALSE,2023-01-01,2024-01-01,FALSE
1202,401,seven,SNEAKER,KIDS,Recycled Rubber,1.59,196.9,76.71,55,FALSE,2024-01-01,2024-12-31,FALSE
1203,401,manager,RUNNING,UNISEX,Apple Leather,0.58,108.39,18.17,73,TRUE,2024-12-31,9999-12-31,TRUE
1204,402,sort,RUNNING,MENS,TENCEL Lyocell,0.92,43.51,57.47,0,FALSE,2023-01-01,2024-01-01,FALSE
1205,402,those,RUNNING,WOMENS,Bio-EVA,0.58,218.67,58.44,98,TRUE,2024-01-01,2024-12-31,FALSE
1206,402,front,RUNNING,MENS,TENCEL Lyocell,1.09,113.48,88.03,73,TRUE,2024-12-31,9999-12-31,TRUE
1207,403,who,SANDAL,WOMENS,Natural Rubber,0.43,165.4,84.47,99,TRUE,2023-01-01,2024-01-01,FALSE
1208,403,Democrat,RUNNING,WOMENS,Recycled Nylon,1.51,177.22,20.17,20,TRUE,2024-01-01,2024-12-31,FALSE
1209,403,hospital,SNEAKER,KIDS,Natural Rubber,0.83,67.84,89.89,56,TRUE,2024-12-31,9999-12-31,TRUE
1210,404,form,FORMAL,WOMENS,Recycled Nylon,1.43,82.8,4.92,56,TRUE,2023-01-01,2024-01-01,FALSE
1211,404,job,SNEAKER,MENS,TENCEL Lyocell,0.51,75.77,91.33,92,FALSE,2024-01-01,2024-12-31,FALSE
1212,404,answer,SNEAKER,WOMENS,Apple Leather,1.29,114.26,99.54,53,TRUE,2024-12-31,9999-12-31,TRUE
1213,405,order,SLIPPER,UNISEX,Chrome-free Leather,0.71,62.52,45.7,0,TRUE,2023-01-01,2024-01-01,FALSE
1214,405,treat,RUNNING,KIDS,Organic Cotton,0.83,104.1,6.53,83,TRUE,2024-01-01,2024-12-31,FALSE
1215,405,do,SLIPPER,WOMENS,Recycled Rubber,0.87,137.99,95.13,35,FALSE,2024-12-31,9999-12-31,TRUE
1216,406,site,FORMAL,WOMENS,Recycled Nylon,0.61,40.95,51.86,17,FALSE,2023-01-01,2024-01-01,FALSE
1217,406,child,SANDAL,WOMENS,TENCEL Lyocell,1.44,177.8,37.17,53,FALSE,2024-01-01,2024-12-31,FALSE
1218,406,admit,RUNNING,WOMENS,Algae Foam,0.58,208.98,66.87,46,FALSE,2024-12-31,9999-12-31,TRUE
1219,407,every,SNEAKER,WOMENS,Cork,0.77,170.32,90.9,33,FALSE,2023-01-01,2024-01-01,FALSE
1220,407,on,SNEAKER,WOMENS,Recycled PET,0.96,193.34,14.43,52,TRUE,2024-01-01,2024-12-31,FALSE
1221,407,worry,RUNNING,MENS,Algae Foam,0.59,42.14,89.72,11,TRUE,2024-12-31,9999-12-31,TRUE
1222,408,pattern,SNEAKER,KIDS,Cork,0.9,227.61,44.04,77,FALSE,2023-01-01,2024-01-01,FALSE
1223,408,particularly,SNEAKER,MENS,Recycled Nylon,0.71,106.8,54.0,78,FALSE,2024-01-01,2024-12-31,FALSE
1224,408,service,SNEAKER,MENS,TENCEL Lyocell,1.09,65.42,51.47,18,TRUE,2024-12-31,9999-12-31,TRUE
1225,409,key,SNEAKER,WOMENS,Chrome-free Leather,1.46,61.1,22.62,23,FALSE,2023-01-01,2024-01-01,FALSE
1226,409,find,RUNNING,MENS,Cork,1.11,147.55,98.76,34,FALSE,2024-01-01,2024-12-31,FALSE
1227,409,claim,SNEAKER,MENS,Recycled Rubber,1.1,235.27,3.42,49,FALSE,2024-12-31,9999-12-31,TRUE
1228,410,deal,SANDAL,KIDS,Recycled PET,1.16,214.43,23.78,50,TRUE,2023-01-01,2024-01-01,FALSE
1229,410,girl,BOOT,MENS,Chrome-free Leather,1.15,210.57,57.72,57,FALSE,2024-01-01,2024-12-31,FALSE
1230,410,drug,RUNNING,WOMENS,Cork,1.29,176.65,51.45,43,TRUE,2024-12-31,9999-12-31,TRUE
1231,411,hundred,FORMAL,WOMENS,TENCEL Lyocell,0.98,154.27,66.32,85,FALSE,2023-01-01,2024-01-01,FALSE
1232,411,over,SANDAL,WOMENS,TENCEL Lyocell,0.91,44.34,54.33,12,TRUE,2024-01-01,2024-12-31,FALSE
1233,411,these,RUNNING,WOMENS,Algae Foam,0.75,222.39,30.7,55,FALSE,2024-12-31,9999-12-31,TRUE
1234,412,else,FORMAL,KIDS,Apple Leather,0.62,211.21,88.56,65,TRUE,2023-01-01,2024-01-01,FALSE
1235,412,money,SANDAL,WOMENS,Recycled PET,1.28,113.33,60.09,19,FALSE,2024-01-01,2024-12-31,FALSE
1236,412,oil,RUNNING,WOMENS,Algae Foam,1.05,184.68,99.72,21,TRUE,2024-12-31,9999-12-31,TRUE
1237,413,real,SNEAKER,WOMENS,Recycled Rubber,1.14,216.08,75.11,19,FALSE,2023-01-01,2024-01-01,FALSE
1238,413,yet,SLIPPER,MENS,Natural Rubber,0.46,242.52,40.09,49,FALSE,2024-01-01,2024-12-31,FALSE
1239,413,reveal,SLIPPER,UNISEX,Cork,0.56,236.01,0.04,32,FALSE,2024-12-31,9999-12-31,TRUE
1240,414,green,BOOT,WOMENS,Hemp Canvas,1.11,53.03,75.52,17,TRUE,2023-01-01,2024-01-01,FALSE
1241,414,even,SANDAL,UNISEX,TENCEL Lyocell,1.54,89.92,78.63,82,TRUE,2024-01-01,2024-12-31,FALSE
1242,414,source,BOOT,WOMENS,Chrome-free Leather,0.67,238.3,14.04,51,TRUE,2024-12-31,9999-12-31,TRUE
1243,415,term,SANDAL,KIDS,Organic Cotton,0.93,180.17,76.06,1,FALSE,2023-01-01,2024-01-01,FALSE
1244,415,middle,RUNNING,MENS,TENCEL Lyocell,1.12,87.76,43.83,15,FALSE,2024-01-01,2024-12-31,FALSE
1245,415,several,BOOT,WOMENS,Recycled Nylon,1.31,190.2,87.52,5,TRUE,2024-12-31,9999-12-31,TRUE
1246,416,quality,FORMAL,WOMENS,Cork,1.1,223.01,69.14,62,FALSE,2023-01-01,2024-01-01,FALSE
1247,416,sister,SNEAKER,WOMENS,Apple Leather,1.12,164.8,36.25,85,TRUE,2024-01-01,2024-12-31,FALSE
1248,416,military,SANDAL,MENS,Recycled PET,0.53,200.69,84.23,93,TRUE,2024-12-31,9999-12-31,TRUE
1249,417,magazine,SNEAKER,MENS,Cork,1.4,245.45,8.31,12,FALSE,2023-01-01,2024-01-01,FALSE
1250,417,concern,RUNNING,MENS,Natural Rubber,0.92,94.81,99.73,90,TRUE,2024-01-01,2024-12-31,FALSE
1251,417,significant,BOOT,MENS,Recycled Rubber,1.44,179.19,4.21,13,FALSE,2024-12-31,9999-12-31,TRUE
1252,418,stuff,SANDAL,KIDS,Algae Foam,0.54,199.45,36.07,86,FALSE,2023-01-01,2024-01-01,FALSE
1253,418,he,BOOT,UNISEX,Hemp Canvas,0.45,174.89,44.02,58,FALSE,2024-01-01,2024-12-31,FALSE
1254,418,condition,RUNNING,KIDS,TENCEL Lyocell,1.15,202.3,66.91,3,TRUE,2024-12-31,9999-12-31,TRUE
1255,419,challenge,SNEAKER,MENS,Bio-EVA,0.75,125.55,2.84,58,FALSE,2023-01-01,2024-01-01,FALSE
1256,419,service,SNEAKER,UNISEX,Chrome-free Leather,1.57,91.23,44.6,6,TRUE,2024-01-01,2024-12-31,FALSE
1257,419,office,BOOT,MENS,TENCEL Lyocell,0.59,156.28,86.35,82,TRUE,2024-12-31,9999-12-31,TRUE
1258,420,middle,RUNNING,WOMENS,TENCEL Lyocell,1.41,218.9,33.38,78,FALSE,2023-01-01,2024-01-01,FALSE
1259,420,create,SANDAL,KIDS,Bio-EVA,0.77,230.98,9.04,51,TRUE,2024-01-01,2024-12-31,FALSE
1260,420,whom,RUNNING,WOMENS,Chrome-free Leather,0.72,187.55,35.06,56,FALSE,2024-12-31,9999-12-31,TRUE
1261,421,visit,SANDAL,KIDS,Bio-EVA,0.53,161.19,90.88,89,FALSE,2023-01-01,2024-01-01,FALSE
1262,421,occur,SNEAKER,MENS,Natural Rubber,1.14,54.95,9.34,91,FALSE,2024-01-01,2024-12-31,FALSE
1263,421,quality,FORMAL,MENS,Bio-EVA,1.26,150.89,39.68,49,TRUE,2024-12-31,9999-12-31,TRUE
1264,422,artist,SLIPPER,UNISEX,Recycled Nylon,0.75,158.72,8.22,28,TRUE,2023-01-01,2024-01-01,FALSE
1265,422,need,SNEAKER,MENS,Hemp Canvas,0.73,142.84,83.32,28,TRUE,2024-01-01,2024-12-31,FALSE
1266,422,along,SNEAKER,MENS,Natural Rubber,0.41,90.17,2.08,78,TRUE,2024-12-31,9999-12-31,TRUE
1267,423,those,RUNNING,MENS,Apple Leather,0.63,78.07,51.86,51,FALSE,2023-01-01,2024-01-01,FALSE
1268,423,throw,FORMAL,KIDS,Hemp Canvas,1.25,245.2,80.34,33,TRUE,2024-01-01,2024-12-31,FALSE
1269,423,bad,RUNNING,KIDS,Natural Rubber,1.05,55.18,69.32,41,FALSE,2024-12-31,9999-12-31,TRUE
1270,424,you,SLIPPER,WOMENS,Algae Foam,0.55,245.01,78.42,64,FALSE,2023-01-01,2024-01-01,FALSE
1271,424,television,RUNNING,WOMENS,TENCEL Lyocell,0.67,112.15,70.21,70,FALSE,2024-01-01,2024-12-31,FALSE
1272,424,relate,SNEAKER,WOMENS,Recycled Nylon,0.95,130.95,59.11,8,FALSE,2024-12-31,9999-12-31,TRUE
1273,425,anything,SNEAKER,MENS,Algae Foam,0.47,112.0,86.76,18,TRUE,2023-01-01,2024-01-01,FALSE
1274,425,south,RUNNING,KIDS,Bio-EVA,0.7,227.27,2.76,76,TRUE,2024-01-01,2024-12-31,FALSE
1275,425,according,SANDAL,KIDS,Apple Leather,0.66,133.94,53.84,86,TRUE,2024-12-31,9999-12-31,TRUE
1276,426,itself,SNEAKER,UNISEX,Algae Foam,0.89,199.92,98.02,75,TRUE,2023-01-01,2024-01-01,FALSE
1277,426,certain,SNEAKER,MENS,Hemp Canvas,0.83,64.13,97.74,78,TRUE,2024-01-01,2024-12-31,FALSE
1278,426,thousand,RUNNING,WOMENS,Natural Rubber,1.58,201.48,98.96,23,TRUE,2024-12-31,9999-12-31,TRUE
1279,427,professor,FORMAL,UNISEX,Bio-EVA,0.51,123.75,70.09,87,TRUE,2023-01-01,2024-01-01,FALSE
1280,427,during,RUNNING,MENS,Organic Cotton,0.81,59.13,35.52,90,TRUE,2024-01-01,2024-12-31,FALSE
1281,427,author,SNEAKER,WOMENS,Bio-EVA,0.64,112.75,64.72,10,TRUE,2024-12-31,9999-12-31,TRUE
1282,428,second,SANDAL,MENS,Recycled PET,1.13,245.22,5.91,47,TRUE,2023-01-01,2024-01-01,FALSE
1283,428,city,SNEAKER,KIDS,Recycled PET,0.79,103.32,80.0,72,FALSE,2024-01-01,2024-12-31,FALSE
1284,428,act,FORMAL,KIDS,Natural Rubber,1.15,77.18,21.84,44,TRUE,2024-12-31,9999-12-31,TRUE
1285,429,discover,BOOT,WOMENS,Chrome-free Leather,0.61,131.55,84.6,98,TRUE,2023-01-01,2024-01-01,FALSE
1286,429,mouth,SNEAKER,UNISEX,Recycled PET,0.45,151.89,95.8,15,FALSE,2024-01-01,2024-12-31,FALSE
1287,429,lose,RUNNING,WOMENS,Chrome-free Leather,0.62,147.88,90.02,63,TRUE,2024-12-31,9999-12-31,TRUE
1288,430,hour,SNEAKER,MENS,Chrome-free Leather,0.95,177.28,83.18,100,TRUE,2023-01-01,2024-01-01,FALSE
1289,430,as,SNEAKER,MENS,Chrome-free Leather,0.84,89.28,81.76,24,FALSE,2024-01-01,2024-12-31,FALSE
1290,430,prepare,SNEAKER,WOMENS,Apple Leather,0.98,216.16,65.97,96,FALSE,2024-12-31,9999-12-31,TRUE
1291,431,pull,SNEAKER,MENS,Recycled Rubber,0.78,149.74,57.51,68,FALSE,2023-01-01,2024-01-01,FALSE
1292,431,reflect,SANDAL,MENS,Bio-EVA,0.56,199.34,29.3,80,TRUE,2024-01-01,2024-12-31,FALSE
1293,431,world,RUNNING,WOMENS,Recycled PET,0.53,156.86,60.97,39,TRUE,2024-12-31,9999-12-31,TRUE
1294,432,practice,SANDAL,WOMENS,Hemp Canvas,0.47,213.56,18.81,11,TRUE,2023-01-01,2024-01-01,FALSE
1295,432,while,BOOT,UNISEX,Algae Foam,1.17,194.24,53.43,6,FALSE,2024-01-01,2024-12-31,FALSE
1296,432,meeting,RUNNING,WOMENS,Algae Foam,1.39,182.67,43.38,65,FALSE,2024-12-31,9999-12-31,TRUE
1297,433,receive,SNEAKER,MENS,Hemp Canvas,1.49,59.72,95.0,28,FALSE,2023-01-01,2024-01-01,FALSE
1298,433,method,SNEAKER,WOMENS,Natural Rubber,1.17,42.27,92.21,26,FALSE,2024-01-01,2024-12-31,FALSE
1299,433,admit,SNEAKER,WOMENS,Recycled Nylon,1.19,231.2,33.08,22,FALSE,2024-12-31,9999-12-31,TRUE
1300,434,according,SANDAL,MENS,Recycled Nylon,0.45,68.75,24.62,85,TRUE,2023-01-01,2024-01-01,FALSE
1301,434,night,FORMAL,MENS,Hemp Canvas,1.48,104.05,94.03,83,FALSE,2024-01-01,2024-12-31,FALSE
1302,434,ok,SNEAKER,MENS,Chrome-free Leather,0.9,97.4,90.11,99,TRUE,2024-12-31,9999-12-31,TRUE
1303,435,its,BOOT,MENS,Chrome-free Leather,1.24,133.32,66.3,28,TRUE,2023-01-01,2024-01-01,FALSE
1304,435,actually,SNEAKER,WOMENS,TENCEL Lyocell,0.48,151.76,16.74,94,TRUE,2024-01-01,2024-12-31,FALSE
1305,435,adult,BOOT,KIDS,Chrome-free Leather,1.04,98.79,57.01,13,FALSE,2024-12-31,9999-12-31,TRUE
1306,436,next,RUNNING,UNISEX,Natural Rubber,0.5,216.76,20.08,66,FALSE,2023-01-01,2024-01-01,FALSE
1307,436,seven,RUNNING,WOMENS,Natural Rubber,1.4,77.74,76.25,8,TRUE,2024-01-01,2024-12-31,FALSE
1308,436,face,BOOT,MENS,Organic Cotton,1.12,47.62,93.36,98,FALSE,2024-12-31,9999-12-31,TRUE
1309,437,north,SANDAL,MENS,Recycled PET,0.42,71.07,85.95,32,FALSE,2023-01-01,2024-01-01,FALSE
1310,437,few,RUNNING,WOMENS,Recycled Rubber,0.87,71.15,29.18,8,TRUE,2024-01-01,2024-12-31,FALSE
1311,437,adult,BOOT,WOMENS,Hemp Canvas,0.43,131.51,84.34,77,FALSE,2024-12-31,9999-12-31,TRUE
1312,438,morning,BOOT,WOMENS,Apple Leather,0.47,182.8,40.99,68,TRUE,2023-01-01,2024-01-01,FALSE
1313,438,tax,SANDAL,MENS,Bio-EVA,0.45,228.32,68.43,0,TRUE,2024-01-01,2024-12-31,FALSE
1314,438,save,BOOT,UNISEX,TENCEL Lyocell,0.54,86.15,62.83,72,FALSE,2024-12-31,9999-12-31,TRUE
1315,439,represent,SNEAKER,UNISEX,Cork,1.09,120.07,68.56,49,TRUE,2023-01-01,2024-01-01,FALSE
1316,439,law,SANDAL,MENS,Recycled Rubber,0.81,246.48,45.5,19,TRUE,2024-01-01,2024-12-31,FALSE
1317,439,sure,FORMAL,WOMENS,Bio-EVA,1.28,241.24,38.85,32,FALSE,2024-12-31,9999-12-31,TRUE
1318,440,yard,RUNNING,WOMENS,TENCEL Lyocell,0.57,135.59,71.07,69,FALSE,2023-01-01,2024-01-01,FALSE
1319,440,where,SLIPPER,WOMENS,Recycled Rubber,0.65,124.22,88.36,58,FALSE,2024-01-01,2024-12-31,FALSE
1320,440,country,RUNNING,MENS,Chrome-free Leather,0.79,122.77,72.33,26,TRUE,2024-12-31,9999-12-31,TRUE
1321,441,both,SANDAL,MENS,Apple Leather,1.28,203.67,36.34,59,FALSE,2023-01-01,2024-01-01,FALSE
1322,441,why,SANDAL,MENS,Recycled Rubber,0.66,68.68,10.87,83,TRUE,2024-01-01,2024-12-31,FALSE
1323,441,big,FORMAL,KIDS,Recycled Nylon,0.89,80.88,33.77,20,FALSE,2024-12-31,9999-12-31,TRUE
1324,442,need,FORMAL,MENS,Apple Leather,0.43,82.36,56.74,22,TRUE,2023-01-01,2024-01-01,FALSE
1325,442,church,SANDAL,MENS,Organic Cotton,0.88,203.19,19.78,52,TRUE,2024-01-01,2024-12-31,FALSE
1326,442,effect,SNEAKER,UNISEX,TENCEL Lyocell,0.98,167.18,76.34,67,FALSE,2024-12-31,9999-12-31,TRUE
1327,443,dark,FORMAL,MENS,TENCEL Lyocell,0.5,40.82,86.22,6,TRUE,2023-01-01,2024-01-01,FALSE
1328,443,president,SNEAKER,KIDS,Chrome-free Leather,1.29,240.17,30.76,8,TRUE,2024-01-01,2024-12-31,FALSE
1329,443,new,FORMAL,MENS,TENCEL Lyocell,0.97,186.76,28.97,12,FALSE,2024-12-31,9999-12-31,TRUE
1330,444,entire,SNEAKER,UNISEX,Organic Cotton,0.54,230.15,40.97,71,FALSE,2023-01-01,2024-01-01,FALSE
1331,444,teacher,RUNNING,KIDS,Hemp Canvas,1.48,243.99,66.39,18,FALSE,2024-01-01,2024-12-31,FALSE
1332,444,health,SNEAKER,WOMENS,Recycled Nylon,0.97,139.14,76.71,75,FALSE,2024-12-31,9999-12-31,TRUE
1333,445,example,SANDAL,KIDS,Recycled Rubber,0.62,226.74,97.03,85,FALSE,2023-01-01,2024-01-01,FALSE
1334,445,stuff,FORMAL,KIDS,Recycled Nylon,0.48,67.34,30.01,50,FALSE,2024-01-01,2024-12-31,FALSE
1335,445,industry,SNEAKER,KIDS,Apple Leather,0.64,172.19,29.23,100,TRUE,2024-12-31,9999-12-31,TRUE
1336,446,bar,BOOT,UNISEX,Recycled PET,1.47,126.73,16.91,32,TRUE,2023-01-01,2024-01-01,FALSE
1337,446,hour,SNEAKER,MENS,Recycled Nylon,0.99,229.22,5.2,30,FALSE,2024-01-01,2024-12-31,FALSE
1338,446,into,SNEAKER,KIDS,Chrome-free Leather,0.73,247.97,65.67,84,TRUE,2024-12-31,9999-12-31,TRUE
1339,447,machine,BOOT,WOMENS,Apple Leather,1.15,193.27,1.92,48,TRUE,2023-01-01,2024-01-01,FALSE
1340,447,other,RUNNING,MENS,Hemp Canvas,0.72,117.78,36.68,65,FALSE,2024-01-01,2024-12-31,FALSE
1341,447,either,SANDAL,MENS,Chrome-free Leather,1.53,190.01,55.24,62,TRUE,2024-12-31,9999-12-31,TRUE
1342,448,same,SNEAKER,MENS,Hemp Canvas,1.37,230.8,86.15,14,TRUE,2023-01-01,2024-01-01,FALSE
1343,448,draw,SNEAKER,UNISEX,Natural Rubber,0.61,52.64,57.19,30,FALSE,2024-01-01,2024-12-31,FALSE
1344,448,first,FORMAL,WOMENS,Recycled PET,1.37,221.73,61.75,19,FALSE,2024-12-31,9999-12-31,TRUE
1345,449,return,SLIPPER,KIDS,Recycled Rubber,0.8,178.64,61.26,7,FALSE,2023-01-01,2024-01-01,FALSE
1346,449,their,SNEAKER,UNISEX,Recycled PET,0.51,238.79,0.38,87,TRUE,2024-01-01,2024-12-31,FALSE
1347,449,thus,SNEAKER,WOMENS,Bio-EVA,1.04,138.97,19.73,63,FALSE,2024-12-31,9999-12-31,TRUE
1348,450,be,SNEAKER,WOMENS,Hemp Canvas,1.44,51.87,18.49,0,TRUE,2023-01-01,2024-01-01,FALSE
1349,450,ready,SLIPPER,WOMENS,Recycled Nylon,1.09,78.76,12.4,97,TRUE,2024-01-01,2024-12-31,FALSE
1350,450,toward,SNEAKER,WOMENS,Apple Leather,0.59,172.41,59.23,76,TRUE,2024-12-31,9999-12-31,TRUE
1351,451,rate,BOOT,WOMENS,Bio-EVA,0.81,89.56,0.7,87,TRUE,2023-01-01,2024-01-01,FALSE
1352,451,song,SANDAL,WOMENS,Recycled PET,0.81,192.91,61.98,55,TRUE,2024-01-01,2024-12-31,FALSE
1353,451,almost,SANDAL,MENS,Recycled PET,1.29,57.53,58.81,46,FALSE,2024-12-31,9999-12-31,TRUE
1354,452,better,BOOT,KIDS,Algae Foam,1.27,106.0,35.81,61,TRUE,2023-01-01,2024-01-01,FALSE
1355,452,into,RUNNING,MENS,Algae Foam,1.29,86.9,17.06,88,TRUE,2024-01-01,2024-12-31,FALSE
1356,452,hundred,RUNNING,MENS,Apple Leather,1.42,243.18,46.36,59,TRUE,2024-12-31,9999-12-31,TRUE
1357,453,huge,SNEAKER,UNISEX,Cork,0.43,68.28,31.67,80,TRUE,2023-01-01,2024-01-01,FALSE
1358,453,old,RUNNING,MENS,TENCEL Lyocell,1.49,70.72,94.6,27,TRUE,2024-01-01,2024-12-31,FALSE
1359,453,maybe,RUNNING,WOMENS,Chrome-free Leather,0.43,121.37,30.35,70,TRUE,2024-12-31,9999-12-31,TRUE
1360,454,arrive,SNEAKER,MENS,Cork,0.92,217.84,48.73,85,TRUE,2023-01-01,2024-01-01,FALSE
1361,454,public,SLIPPER,WOMENS,Bio-EVA,0.97,99.76,23.52,63,FALSE,2024-01-01,2024-12-31,FALSE
1362,454,act,RUNNING,WOMENS,Bio-EVA,0.59,171.4,68.41,54,FALSE,2024-12-31,9999-12-31,TRUE
1363,455,scientist,BOOT,MENS,Chrome-free Leather,0.85,183.59,12.81,72,FALSE,2023-01-01,2024-01-01,FALSE
1364,455,Congress,SNEAKER,MENS,Cork,0.65,107.5,23.34,40,FALSE,2024-01-01,2024-12-31,FALSE
1365,455,beautiful,FORMAL,MENS,Bio-EVA,0.81,205.7,69.83,16,FALSE,2024-12-31,9999-12-31,TRUE
1366,456,money,SANDAL,MENS,Recycled Nylon,1.25,166.97,81.33,31,TRUE,2023-01-01,2024-01-01,FALSE
1367,456,through,RUNNING,WOMENS,Algae Foam,0.51,196.54,62.36,10,FALSE,2024-01-01,2024-12-31,FALSE
1368,456,leader,RUNNING,UNISEX,Apple Leather,1.27,53.05,38.96,24,FALSE,2024-12-31,9999-12-31,TRUE
1369,457,quite,SNEAKER,WOMENS,Recycled Nylon,0.47,90.78,63.31,41,TRUE,2023-01-01,2024-01-01,FALSE
1370,457,still,BOOT,MENS,TENCEL Lyocell,1.55,140.79,31.42,68,TRUE,2024-01-01,2024-12-31,FALSE
1371,457,glass,SANDAL,WOMENS,Apple Leather,1.13,101.08,6.06,24,FALSE,2024-12-31,9999-12-31,TRUE
1372,458,others,RUNNING,WOMENS,Chrome-free Leather,1.24,218.07,29.82,26,TRUE,2023-01-01,2024-01-01,FALSE
1373,458,toward,SNEAKER,MENS,TENCEL Lyocell,0.49,136.64,90.98,18,TRUE,2024-01-01,2024-12-31,FALSE
1374,458,beyond,RUNNING,WOMENS,Cork,0.78,235.75,45.59,25,FALSE,2024-12-31,9999-12-31,TRUE
1375,459,want,RUNNING,WOMENS,Organic Cotton,1.55,65.02,86.77,70,TRUE,2023-01-01,2024-01-01,FALSE
1376,459,news,SNEAKER,UNISEX,Chrome-free Leather,0.43,130.19,32.39,22,TRUE,2024-01-01,2024-12-31,FALSE
1377,459,wide,SANDAL,WOMENS,Bio-EVA,1.08,158.39,88.33,7,FALSE,2024-12-31,9999-12-31,TRUE
1378,460,and,SANDAL,MENS,Apple Leather,0.57,60.47,16.34,91,TRUE,2023-01-01,2024-01-01,FALSE
1379,460,drug,SANDAL,KIDS,Chrome-free Leather,0.9,196.68,49.25,69,TRUE,2024-01-01,2024-12-31,FALSE
1380,460,development,RUNNING,UNISEX,Hemp Canvas,1.06,57.79,20.73,20,TRUE,2024-12-31,9999-12-31,TRUE
1381,461,wear,FORMAL,WOMENS,Natural Rubber,1.17,156.11,5.25,89,TRUE,2023-01-01,2024-01-01,FALSE
1382,461,trip,SNEAKER,WOMENS,Natural Rubber,0.58,221.8,50.06,41,TRUE,2024-01-01,2024-12-31,FALSE
1383,461,role,BOOT,MENS,Algae Foam,0.75,43.94,71.47,53,FALSE,2024-12-31,9999-12-31,TRUE
1384,462,very,SNEAKER,MENS,Natural Rubber,1.1,40.5,70.18,74,FALSE,2023-01-01,2024-01-01,FALSE
1385,462,our,RUNNING,UNISEX,Chrome-free Leather,0.58,40.54,62.77,79,TRUE,2024-01-01,2024-12-31,FALSE
1386,462,may,BOOT,MENS,Organic Cotton,0.64,166.6,33.45,41,FALSE,2024-12-31,9999-12-31,TRUE
1387,463,experience,RUNNING,MENS,Cork,0.93,242.22,67.18,98,TRUE,2023-01-01,2024-01-01,FALSE
1388,463,any,SNEAKER,WOMENS,TENCEL Lyocell,1.29,222.59,20.01,72,FALSE,2024-01-01,2024-12-31,FALSE
1389,463,window,SNEAKER,MENS,Natural Rubber,1.11,102.71,46.38,82,FALSE,2024-12-31,9999-12-31,TRUE
1390,464,bad,BOOT,UNISEX,Bio-EVA,1.01,104.08,21.64,23,FALSE,2023-01-01,2024-01-01,FALSE
1391,464,return,SNEAKER,KIDS,Chrome-free Leather,0.79,245.69,60.18,21,FALSE,2024-01-01,2024-12-31,FALSE
1392,464,wish,RUNNING,MENS,TENCEL Lyocell,1.2,235.94,7.77,13,FALSE,2024-12-31,9999-12-31,TRUE
1393,465,fast,FORMAL,MENS,Recycled Nylon,1.54,234.33,30.34,48,FALSE,2023-01-01,2024-01-01,FALSE
1394,465,way,SLIPPER,WOMENS,Chrome-free Leather,1.17,242.9,74.18,47,TRUE,2024-01-01,2024-12-31,FALSE
1395,465,of,RUNNING,WOMENS,TENCEL Lyocell,1.48,102.43,26.27,26,TRUE,2024-12-31,9999-12-31,TRUE
1396,466,organization,BOOT,KIDS,TENCEL Lyocell,1.46,234.73,17.46,14,TRUE,2023-01-01,2024-01-01,FALSE
1397,466,really,SNEAKER,UNISEX,Algae Foam,1.07,95.71,70.29,61,TRUE,2024-01-01,2024-12-31,FALSE
1398,466,alone,BOOT,WOMENS,Chrome-free Leather,0.85,46.8,43.25,59,TRUE,2024-12-31,9999-12-31,TRUE
1399,467,country,SLIPPER,MENS,Recycled PET,0.48,200.6,28.08,36,FALSE,2023-01-01,2024-01-01,FALSE
1400,467,woman,SNEAKER,WOMENS,Hemp Canvas,1.56,78.49,68.97,0,FALSE,2024-01-01,2024-12-31,FALSE
1401,467,to,SNEAKER,MENS,Recycled Nylon,1.07,186.62,79.2,91,FALSE,2024-12-31,9999-12-31,TRUE
1402,468,forward,SNEAKER,MENS,Recycled Rubber,0.95,138.22,16.39,84,FALSE,2023-01-01,2024-01-01,FALSE
1403,468,admit,SANDAL,MENS,Bio-EVA,1.17,124.47,58.02,47,TRUE,2024-01-01,2024-12-31,FALSE
1404,468,despite,RUNNING,WOMENS,TENCEL Lyocell,1.3,142.85,54.23,46,FALSE,2024-12-31,9999-12-31,TRUE
1405,469,people,SNEAKER,WOMENS,Organic Cotton,1.51,174.55,45.08,69,FALSE,2023-01-01,2024-01-01,FALSE
1406,469,charge,SNEAKER,WOMENS,Algae Foam,1.43,170.26,59.88,69,FALSE,2024-01-01,2024-12-31,FALSE
1407,469,soldier,SANDAL,UNISEX,Algae Foam,1.57,205.38,82.47,50,TRUE,2024-12-31,9999-12-31,TRUE
1408,470,tend,RUNNING,WOMENS,Algae Foam,0.45,60.8,0.4,70,FALSE,2023-01-01,2024-01-01,FALSE
1409,470,seem,SNEAKER,WOMENS,Hemp Canvas,0.8,63.55,73.19,47,FALSE,2024-01-01,2024-12-31,FALSE
1410,470,tend,RUNNING,MENS,Chrome-free Leather,1.09,196.46,68.78,13,TRUE,2024-12-31,9999-12-31,TRUE
1411,471,information,BOOT,WOMENS,Hemp Canvas,1.3,189.4,89.32,64,FALSE,2023-01-01,2024-01-01,FALSE
1412,471,woman,RUNNING,KIDS,Hemp Canvas,0.77,197.72,30.29,26,FALSE,2024-01-01,2024-12-31,FALSE
1413,471,ball,SNEAKER,UNISEX,Recycled PET,0.44,64.43,18.57,99,FALSE,2024-12-31,9999-12-31,TRUE
1414,472,firm,SNEAKER,MENS,Organic Cotton,1.53,177.93,1.06,76,TRUE,2023-01-01,2024-01-01,FALSE
1415,472,commercial,RUNNING,WOMENS,Cork,1.11,139.47,61.48,5,FALSE,2024-01-01,2024-12-31,FALSE
1416,472,organization,SLIPPER,MENS,Chrome-free Leather,0.71,138.46,79.78,96,FALSE,2024-12-31,9999-12-31,TRUE
1417,473,effect,SNEAKER,MENS,Recycled Rubber,0.82,242.99,49.03,3,TRUE,2023-01-01,2024-01-01,FALSE
1418,473,our,SLIPPER,UNISEX,Organic Cotton,0.7,58.33,24.54,91,FALSE,2024-01-01,2024-12-31,FALSE
1419,473,they,SNEAKER,MENS,Chrome-free Leather,1.12,137.55,32.29,70,FALSE,2024-12-31,9999-12-31,TRUE
1420,474,time,FORMAL,WOMENS,Chrome-free Leather,0.41,65.96,86.27,99,TRUE,2023-01-01,2024-01-01,FALSE
1421,474,improve,RUNNING,WOMENS,Natural Rubber,0.73,157.66,80.13,68,FALSE,2024-01-01,2024-12-31,FALSE
1422,474,research,SNEAKER,MENS,Hemp Canvas,0.99,228.47,29.34,20,TRUE,2024-12-31,9999-12-31,TRUE
1423,475,watch,BOOT,MENS,Hemp Canvas,1.56,55.13,48.21,31,TRUE,2023-01-01,2024-01-01,FALSE
1424,475,now,SANDAL,UNISEX,Recycled Nylon,1.33,48.21,18.27,43,FALSE,2024-01-01,2024-12-31,FALSE
1425,475,glass,BOOT,MENS,Hemp Canvas,1.37,238.09,11.61,21,TRUE,2024-12-31,9999-12-31,TRUE
1426,476,if,SANDAL,KIDS,Algae Foam,0.93,116.0,69.89,2,FALSE,2023-01-01,2024-01-01,FALSE
1427,476,someone,FORMAL,MENS,Algae Foam,0.9,46.04,43.63,89,TRUE,2024-01-01,2024-12-31,FALSE
1428,476,sister,SNEAKER,WOMENS,Apple Leather,0.83,123.28,91.93,17,TRUE,2024-12-31,9999-12-31,TRUE
1429,477,challenge,SNEAKER,MENS,Recycled Rubber,0.94,248.27,37.33,33,TRUE,2023-01-01,2024-01-01,FALSE
1430,477,street,SLIPPER,MENS,Algae Foam,0.54,47.35,20.24,38,TRUE,2024-01-01,2024-12-31,FALSE
1431,477,risk,SANDAL,WOMENS,Recycled PET,1.35,62.68,66.59,74,FALSE,2024-12-31,9999-12-31,TRUE
1432,478,shake,RUNNING,UNISEX,Bio-EVA,0.69,139.88,21.36,84,TRUE,2023-01-01,2024-01-01,FALSE
1433,478,bar,RUNNING,WOMENS,Chrome-free Leather,1.16,152.69,80.39,18,FALSE,2024-01-01,2024-12-31,FALSE
1434,478,month,FORMAL,WOMENS,TENCEL Lyocell,0.97,246.87,7.26,21,TRUE,2024-12-31,9999-12-31,TRUE
1435,479,skill,SANDAL,UNISEX,Chrome-free Leather,0.67,94.12,5.97,55,TRUE,2023-01-01,2024-01-01,FALSE
1436,479,half,RUNNING,MENS,Natural Rubber,1.27,117.47,44.98,28,FALSE,2024-01-01,2024-12-31,FALSE
1437,479,argue,SNEAKER,MENS,TENCEL Lyocell,1.47,174.67,75.54,20,TRUE,2024-12-31,9999-12-31,TRUE
1438,480,billion,RUNNING,MENS,Recycled PET,1.12,126.64,56.17,90,FALSE,2023-01-01,2024-01-01,FALSE
1439,480,leave,SNEAKER,MENS,Chrome-free Leather,0.87,136.55,80.68,43,TRUE,2024-01-01,2024-12-31,FALSE
1440,480,each,RUNNING,WOMENS,Bio-EVA,1.54,146.4,38.61,88,FALSE,2024-12-31,9999-12-31,TRUE
1441,481,this,BOOT,MENS,Recycled Rubber,1.34,67.83,33.71,88,TRUE,2023-01-01,2024-01-01,FALSE
1442,481,bag,RUNNING,MENS,Recycled Rubber,0.7,95.32,27.13,36,FALSE,2024-01-01,2024-12-31,FALSE
1443,481,grow,SNEAKER,KIDS,Bio-EVA,0.69,79.17,97.23,24,FALSE,2024-12-31,9999-12-31,TRUE
1444,482,point,RUNNING,MENS,Bio-EVA,0.91,177.41,76.83,100,TRUE,2023-01-01,2024-01-01,FALSE
1445,482,specific,SANDAL,WOMENS,Hemp Canvas,0.83,152.98,32.11,59,FALSE,2024-01-01,2024-12-31,FALSE
1446,482,positive,SNEAKER,MENS,Recycled Nylon,1.17,82.2,78.99,43,TRUE,2024-12-31,9999-12-31,TRUE
1447,483,physical,BOOT,MENS,Natural Rubber,0.98,95.86,56.82,68,TRUE,2023-01-01,2024-01-01,FALSE
1448,483,industry,SNEAKER,WOMENS,Organic Cotton,0.85,154.64,39.31,8,TRUE,2024-01-01,2024-12-31,FALSE
1449,483,staff,FORMAL,KIDS,Cork,1.59,161.55,27.71,72,TRUE,2024-12-31,9999-12-31,TRUE
1450,484,general,SNEAKER,KIDS,Recycled Rubber,0.99,61.7,43.72,40,TRUE,2023-01-01,2024-01-01,FALSE
1451,484,all,SNEAKER,WOMENS,TENCEL Lyocell,0.47,216.91,27.74,70,FALSE,2024-01-01,2024-12-31,FALSE
1452,484,protect,SNEAKER,WOMENS,Hemp Canvas,0.91,47.39,66.03,7,TRUE,2024-12-31,9999-12-31,TRUE
1453,485,explain,RUNNING,MENS,Bio-EVA,0.92,87.4,61.83,73,FALSE,2023-01-01,2024-01-01,FALSE
1454,485,step,FORMAL,WOMENS,Natural Rubber,0.43,161.67,76.24,21,FALSE,2024-01-01,2024-12-31,FALSE
1455,485,little,SANDAL,WOMENS,Recycled Rubber,1.55,58.15,74.05,34,FALSE,2024-12-31,9999-12-31,TRUE
1456,486,military,SNEAKER,WOMENS,Chrome-free Leather,0.69,167.02,89.19,28,TRUE,2023-01-01,2024-01-01,FALSE
1457,486,drive,SNEAKER,MENS,Cork,1.43,217.41,44.62,29,TRUE,2024-01-01,2024-12-31,FALSE
1458,486,heart,SNEAKER,MENS,Cork,1.29,119.74,61.51,48,TRUE,2024-12-31,9999-12-31,TRUE
1459,487,on,SANDAL,WOMENS,Hemp Canvas,0.92,222.78,34.23,2,TRUE,2023-01-01,2024-01-01,FALSE
1460,487,yeah,BOOT,UNISEX,Recycled Rubber,0.85,186.73,60.1,89,FALSE,2024-01-01,2024-12-31,FALSE
1461,487,how,SNEAKER,MENS,Natural Rubber,0.82,96.57,71.49,29,TRUE,2024-12-31,9999-12-31,TRUE
1462,488,lay,FORMAL,KIDS,Hemp Canvas,1.08,174.55,6.47,91,FALSE,2023-01-01,2024-01-01,FALSE
1463,488,cultural,RUNNING,WOMENS,Chrome-free Leather,0.99,191.08,90.92,11,TRUE,2024-01-01,2024-12-31,FALSE
1464,488,response,RUNNING,WOMENS,Recycled Nylon,0.71,72.2,21.91,74,FALSE,2024-12-31,9999-12-31,TRUE
1465,489,pay,BOOT,UNISEX,Recycled Nylon,1.57,115.56,76.07,11,FALSE,2023-01-01,2024-01-01,FALSE
1466,489,recent,SNEAKER,MENS,Algae Foam,0.7,149.3,25.51,19,TRUE,2024-01-01,2024-12-31,FALSE
1467,489,husband,FORMAL,WOMENS,Recycled Nylon,0.67,104.44,52.05,29,FALSE,2024-12-31,9999-12-31,TRUE
1468,490,bed,BOOT,MENS,TENCEL Lyocell,1.45,221.03,74.11,36,FALSE,2023-01-01,2024-01-01,FALSE
1469,490,sport,FORMAL,UNISEX,Natural Rubber,1.37,80.03,71.25,8,FALSE,2024-01-01,2024-12-31,FALSE
1470,490,present,SNEAKER,UNISEX,Algae Foam,1.33,155.22,36.89,22,TRUE,2024-12-31,9999-12-31,TRUE
1471,491,find,FORMAL,WOMENS,Recycled PET,1.43,199.93,51.32,2,FALSE,2023-01-01,2024-01-01,FALSE
1472,491,success,FORMAL,MENS,Natural Rubber,0.96,216.77,24.19,77,FALSE,2024-01-01,2024-12-31,FALSE
1473,491,employee,BOOT,WOMENS,Natural Rubber,0.61,62.07,24.82,81,FALSE,2024-12-31,9999-12-31,TRUE
1474,492,sell,SNEAKER,KIDS,Organic Cotton,0.74,150.07,49.0,96,TRUE,2023-01-01,2024-01-01,FALSE
1475,492,back,RUNNING,MENS,Algae Foam,1.55,237.09,35.39,77,FALSE,2024-01-01,2024-12-31,FALSE
1476,492,beautiful,SANDAL,MENS,Bio-EVA,1.52,74.05,85.79,16,FALSE,2024-12-31,9999-12-31,TRUE
1477,493,executive,SNEAKER,MENS,Chrome-free Leather,0.76,165.92,41.24,48,TRUE,2023-01-01,2024-01-01,FALSE
1478,493,class,SNEAKER,MENS,TENCEL Lyocell,0.66,201.77,75.03,57,FALSE,2024-01-01,2024-12-31,FALSE
1479,493,husband,SANDAL,UNISEX,Recycled Rubber,0.76,90.34,1.64,29,FALSE,2024-12-31,9999-12-31,TRUE
1480,494,seek,SNEAKER,MENS,Hemp Canvas,0.85,81.99,13.04,6,TRUE,2023-01-01,2024-01-01,FALSE
1481,494,step,SNEAKER,MENS,Organic Cotton,0.85,112.62,90.94,83,FALSE,2024-01-01,2024-12-31,FALSE
1482,494,protect,SNEAKER,WOMENS,TENCEL Lyocell,1.06,47.51,98.14,61,TRUE,2024-12-31,9999-12-31,TRUE
1483,495,class,RUNNING,WOMENS,Algae Foam,0.41,60.27,74.43,71,TRUE,2023-01-01,2024-01-01,FALSE
1484,495,sister,SNEAKER,WOMENS,Algae Foam,0.43,123.72,79.85,58,TRUE,2024-01-01,2024-12-31,FALSE
1485,495,improve,RUNNING,MENS,TENCEL Lyocell,1.1,224.54,75.85,55,FALSE,2024-12-31,9999-12-31,TRUE
1486,496,free,SNEAKER,UNISEX,Hemp Canvas,1.08,53.13,96.81,48,TRUE,2023-01-01,2024-01-01,FALSE
1487,496,herself,SANDAL,UNISEX,Recycled Rubber,0.57,199.04,19.63,78,TRUE,2024-01-01,2024-12-31,FALSE
1488,496,both,RUNNING,WOMENS,Bio-EVA,1.54,79.84,56.93,53,FALSE,2024-12-31,9999-12-31,TRUE
1489,497,benefit,FORMAL,MENS,Algae Foam,1.59,83.23,99.1,20,FALSE,2023-01-01,2024-01-01,FALSE
1490,497,accept,SNEAKER,MENS,Recycled PET,0.96,245.05,92.48,63,TRUE,2024-01-01,2024-12-31,FALSE
1491,497,yes,BOOT,UNISEX,Chrome-free Leather,1.27,117.14,46.89,33,FALSE,2024-12-31,9999-12-31,TRUE
1492,498,foot,RUNNING,UNISEX,Hemp Canvas,1.16,107.57,15.56,87,FALSE,2023-01-01,2024-01-01,FALSE
1493,498,light,BOOT,MENS,TENCEL Lyocell,1.33,90.51,81.49,55,TRUE,2024-01-01,2024-12-31,FALSE
1494,498,here,RUNNING,MENS,Cork,1.27,123.99,95.21,38,FALSE,2024-12-31,9999-12-31,TRUE
1495,499,sort,SNEAKER,UNISEX,Algae Foam,1.41,84.98,95.62,59,FALSE,2023-01-01,2024-01-01,FALSE
1496,499,expect,FORMAL,MENS,Algae Foam,0.9,122.97,56.66,38,TRUE,2024-01-01,2024-12-31,FALSE
1497,499,blue,SNEAKER,MENS,Apple Leather,0.48,104.93,88.93,55,TRUE,2024-12-31,9999-12-31,TRUE
1498,500,cause,RUNNING,MENS,Apple Leather,0.8,116.78,30.8,62,FALSE,2023-01-01,2024-01-01,FALSE
1499,500,begin,RUNNING,KIDS,Recycled Rubber,0.89,217.38,28.65,78,FALSE,2024-01-01,2024-12-31,FALSE
1500,500,culture,RUNNING,MENS,Recycled Rubber,1.42,60.14,8.23,94,TRUE,2024-12-31,9999-12-31,TRUE
1501,501,lawyer,RUNNING,MENS,Organic Cotton,1.56,208.7,64.8,6,TRUE,2023-01-01,2024-01-01,FALSE
1502,501,list,SNEAKER,WOMENS,Apple Leather,0.84,182.99,82.68,45,FALSE,2024-01-01,2024-12-31,FALSE
1503,501,onto,SNEAKER,WOMENS,Bio-EVA,0.52,248.23,8.23,5,FALSE,2024-12-31,9999-12-31,TRUE
1504,502,one,SANDAL,WOMENS,Natural Rubber,0.87,247.63,10.75,75,TRUE,2023-01-01,2024-01-01,FALSE
1505,502,music,SANDAL,WOMENS,Recycled Rubber,0.57,136.09,85.24,20,FALSE,2024-01-01,2024-12-31,FALSE
1506,502,involve,BOOT,WOMENS,Recycled Rubber,1.23,45.73,85.22,85,TRUE,2024-12-31,9999-12-31,TRUE
1507,503,board,RUNNING,MENS,Apple Leather,0.77,176.23,81.46,53,FALSE,2023-01-01,2024-01-01,FALSE
1508,503,agree,SNEAKER,KIDS,Bio-EVA,0.79,89.54,14.87,19,TRUE,2024-01-01,2024-12-31,FALSE
1509,503,behind,SNEAKER,UNISEX,Organic Cotton,1.6,65.48,72.28,36,FALSE,2024-12-31,9999-12-31,TRUE
1510,504,health,BOOT,MENS,Hemp Canvas,0.92,64.75,64.43,85,FALSE,2023-01-01,2024-01-01,FALSE
1511,504,once,BOOT,KIDS,Natural Rubber,0.97,46.11,15.65,24,TRUE,2024-01-01,2024-12-31,FALSE
1512,504,better,SNEAKER,UNISEX,TENCEL Lyocell,0.87,209.63,46.35,50,FALSE,2024-12-31,9999-12-31,TRUE
1513,505,picture,FORMAL,MENS,TENCEL Lyocell,1.29,187.55,65.84,96,FALSE,2023-01-01,2024-01-01,FALSE
1514,505,piece,BOOT,WOMENS,TENCEL Lyocell,1.55,126.32,48.69,42,TRUE,2024-01-01,2024-12-31,FALSE
1515,505,still,FORMAL,WOMENS,Recycled Rubber,1.55,229.53,72.08,53,TRUE,2024-12-31,9999-12-31,TRUE
1516,506,garden,SNEAKER,WOMENS,Chrome-free Leather,1.14,109.81,10.46,98,FALSE,2023-01-01,2024-01-01,FALSE
1517,506,treat,RUNNING,WOMENS,Bio-EVA,1.19,193.67,50.5,67,TRUE,2024-01-01,2024-12-31,FALSE
1518,506,image,RUNNING,MENS,Apple Leather,0.64,200.64,73.13,5,TRUE,2024-12-31,9999-12-31,TRUE
1519,507,actually,SANDAL,MENS,Algae Foam,1.31,48.35,33.26,52,FALSE,2023-01-01,2024-01-01,FALSE
1520,507,film,SLIPPER,WOMENS,TENCEL Lyocell,0.9,136.34,88.44,73,TRUE,2024-01-01,2024-12-31,FALSE
1521,507,job,RUNNING,MENS,Cork,0.76,175.93,3.87,29,FALSE,2024-12-31,9999-12-31,TRUE
1522,508,important,BOOT,MENS,Recycled PET,0.68,85.58,82.15,30,TRUE,2023-01-01,2024-01-01,FALSE
1523,508,start,RUNNING,KIDS,TENCEL Lyocell,0.73,210.03,54.65,53,TRUE,2024-01-01,2024-12-31,FALSE
1524,508,become,FORMAL,UNISEX,TENCEL Lyocell,1.35,200.47,66.33,63,FALSE,2024-12-31,9999-12-31,TRUE
1525,509,share,SNEAKER,MENS,Bio-EVA,0.54,88.32,98.93,71,FALSE,2023-01-01,2024-01-01,FALSE
1526,509,wear,SNEAKER,MENS,Recycled PET,0.92,108.04,24.56,61,TRUE,2024-01-01,2024-12-31,FALSE
1527,509,operation,SNEAKER,UNISEX,Bio-EVA,1.19,180.08,41.56,54,TRUE,2024-12-31,9999-12-31,TRUE
1528,510,west,SNEAKER,WOMENS,Apple Leather,0.77,152.89,54.87,8,TRUE,2023-01-01,2024-01-01,FALSE
1529,510,eight,SNEAKER,WOMENS,Apple Leather,1.54,52.86,77.03,97,FALSE,2024-01-01,2024-12-31,FALSE
1530,510,owner,SLIPPER,WOMENS,Cork,0.55,199.86,77.95,59,FALSE,2024-12-31,9999-12-31,TRUE
1531,511,near,RUNNING,MENS,TENCEL Lyocell,0.83,58.33,17.64,24,FALSE,2023-01-01,2024-01-01,FALSE
1532,511,condition,SNEAKER,WOMENS,Recycled Nylon,1.37,205.6,8.64,8,TRUE,2024-01-01,2024-12-31,FALSE
1533,511,reveal,RUNNING,MENS,Hemp Canvas,0.63,247.13,75.73,44,TRUE,2024-12-31,9999-12-31,TRUE
1534,512,husband,FORMAL,UNISEX,Cork,1.37,201.93,40.25,21,TRUE,2023-01-01,2024-01-01,FALSE
1535,512,condition,BOOT,UNISEX,Hemp Canvas,0.48,247.53,22.68,84,FALSE,2024-01-01,2024-12-31,FALSE
1536,512,chair,SANDAL,MENS,Cork,0.79,116.46,90.0,4,TRUE,2024-12-31,9999-12-31,TRUE
1537,513,exist,SNEAKER,WOMENS,Apple Leather,1.52,175.23,41.55,0,FALSE,2023-01-01,2024-01-01,FALSE
1538,513,fish,FORMAL,WOMENS,Recycled Nylon,1.11,156.9,11.65,17,TRUE,2024-01-01,2024-12-31,FALSE
1539,513,executive,BOOT,MENS,TENCEL Lyocell,0.54,209.27,78.61,81,TRUE,2024-12-31,9999-12-31,TRUE
1540,514,mind,RUNNING,UNISEX,Bio-EVA,1.43,50.53,30.02,17,FALSE,2023-01-01,2024-01-01,FALSE
1541,514,child,SANDAL,KIDS,Bio-EVA,1.42,245.08,97.51,46,TRUE,2024-01-01,2024-12-31,FALSE
1542,514,at,RUNNING,WOMENS,Recycled PET,1.58,107.83,71.18,17,FALSE,2024-12-31,9999-12-31,TRUE
1543,515,computer,BOOT,UNISEX,Chrome-free Leather,0.51,94.48,33.38,15,TRUE,2023-01-01,2024-01-01,FALSE
1544,515,learn,SNEAKER,UNISEX,Natural Rubber,0.73,215.71,55.02,69,FALSE,2024-01-01,2024-12-31,FALSE
1545,515,fact,SNEAKER,MENS,Apple Leather,1.44,153.67,90.63,84,TRUE,2024-12-31,9999-12-31,TRUE
1546,516,know,FORMAL,UNISEX,Recycled PET,1.5,127.24,65.79,34,FALSE,2023-01-01,2024-01-01,FALSE
1547,516,firm,SNEAKER,WOMENS,Apple Leather,0.4,226.19,4.25,46,TRUE,2024-01-01,2024-12-31,FALSE
1548,516,member,SNEAKER,WOMENS,Apple Leather,1.47,90.99,33.41,23,FALSE,2024-12-31,9999-12-31,TRUE
1549,517,stay,BOOT,UNISEX,Recycled Rubber,0.42,84.87,70.82,21,FALSE,2023-01-01,2024-01-01,FALSE
1550,517,ball,SANDAL,MENS,Natural Rubber,0.89,182.1,87.51,73,FALSE,2024-01-01,2024-12-31,FALSE
1551,517,herself,SANDAL,WOMENS,Algae Foam,0.47,83.31,66.69,24,FALSE,2024-12-31,9999-12-31,TRUE
1552,518,enter,SNEAKER,WOMENS,Apple Leather,0.89,160.45,26.94,78,FALSE,2023-01-01,2024-01-01,FALSE
1553,518,yet,SNEAKER,MENS,Recycled Rubber,1.0,244.34,40.55,24,FALSE,2024-01-01,2024-12-31,FALSE
1554,518,employee,BOOT,MENS,TENCEL Lyocell,1.1,242.11,24.88,91,TRUE,2024-12-31,9999-12-31,TRUE
1555,519,set,SLIPPER,UNISEX,Hemp Canvas,1.22,66.92,21.81,14,FALSE,2023-01-01,2024-01-01,FALSE
1556,519,process,BOOT,MENS,TENCEL Lyocell,0.42,61.46,20.63,18,TRUE,2024-01-01,2024-12-31,FALSE
1557,519,mission,BOOT,WOMENS,Chrome-free Leather,1.57,118.53,51.89,35,TRUE,2024-12-31,9999-12-31,TRUE
1558,520,phone,SNEAKER,MENS,Natural Rubber,0.82,221.69,85.81,84,TRUE,2023-01-01,2024-01-01,FALSE
1559,520,practice,RUNNING,WOMENS,Recycled PET,0.4,136.35,6.14,7,FALSE,2024-01-01,2024-12-31,FALSE
1560,520,deal,RUNNING,WOMENS,Organic Cotton,0.74,98.52,17.71,98,TRUE,2024-12-31,9999-12-31,TRUE
1561,521,lot,SANDAL,MENS,Recycled Rubber,0.82,174.29,44.93,88,FALSE,2023-01-01,2024-01-01,FALSE
1562,521,both,SANDAL,KIDS,Bio-EVA,0.98,131.01,13.35,99,TRUE,2024-01-01,2024-12-31,FALSE
1563,521,central,RUNNING,WOMENS,Apple Leather,1.01,235.14,10.98,92,TRUE,2024-12-31,9999-12-31,TRUE
1564,522,fly,SNEAKER,WOMENS,Recycled Nylon,1.02,104.15,40.37,8,FALSE,2023-01-01,2024-01-01,FALSE
1565,522,according,FORMAL,WOMENS,Bio-EVA,1.37,198.12,66.84,71,FALSE,2024-01-01,2024-12-31,FALSE
1566,522,individual,BOOT,KIDS,Apple Leather,1.15,244.26,0.34,2,TRUE,2024-12-31,9999-12-31,TRUE
1567,523,go,BOOT,MENS,Algae Foam,0.4,79.62,10.85,39,FALSE,2023-01-01,2024-01-01,FALSE
1568,523,thought,RUNNING,MENS,Bio-EVA,0.64,123.41,84.19,77,FALSE,2024-01-01,2024-12-31,FALSE
1569,523,pressure,RUNNING,MENS,Recycled Rubber,1.47,107.19,85.78,45,TRUE,2024-12-31,9999-12-31,TRUE
1570,524,husband,SNEAKER,WOMENS,Natural Rubber,1.55,42.45,7.63,72,FALSE,2023-01-01,2024-01-01,FALSE
1571,524,summer,SNEAKER,UNISEX,Natural Rubber,0.89,248.15,7.26,87,FALSE,2024-01-01,2024-12-31,FALSE
1572,524,training,RUNNING,MENS,Natural Rubber,0.66,116.88,3.66,1,FALSE,2024-12-31,9999-12-31,TRUE
1573,525,girl,RUNNING,KIDS,Recycled Rubber,1.47,226.55,9.35,30,FALSE,2023-01-01,2024-01-01,FALSE
1574,525,less,SNEAKER,WOMENS,Recycled Rubber,1.3,236.04,24.12,60,FALSE,2024-01-01,2024-12-31,FALSE
1575,525,good,RUNNING,MENS,Hemp Canvas,0.41,215.83,81.71,27,FALSE,2024-12-31,9999-12-31,TRUE
1576,526,law,FORMAL,WOMENS,Algae Foam,0.68,159.89,0.01,89,TRUE,2023-01-01,2024-01-01,FALSE
1577,526,team,RUNNING,MENS,Hemp Canvas,0.43,59.48,62.72,2,FALSE,2024-01-01,2024-12-31,FALSE
1578,526,than,SNEAKER,UNISEX,Natural Rubber,0.45,76.67,82.73,25,TRUE,2024-12-31,9999-12-31,TRUE
1579,527,trade,RUNNING,MENS,Natural Rubber,0.56,63.75,91.22,26,TRUE,2023-01-01,2024-01-01,FALSE
1580,527,rather,SANDAL,UNISEX,Recycled Nylon,0.92,183.46,83.36,20,TRUE,2024-01-01,2024-12-31,FALSE
1581,527,phone,SNEAKER,MENS,Algae Foam,1.22,226.51,10.85,97,TRUE,2024-12-31,9999-12-31,TRUE
1582,528,century,SNEAKER,MENS,Cork,1.24,73.9,71.37,91,FALSE,2023-01-01,2024-01-01,FALSE
1583,528,first,BOOT,KIDS,Apple Leather,1.48,231.6,98.44,57,TRUE,2024-01-01,2024-12-31,FALSE
1584,528,full,SLIPPER,MENS,Algae Foam,1.54,128.23,61.09,56,TRUE,2024-12-31,9999-12-31,TRUE
1585,529,player,SNEAKER,WOMENS,Hemp Canvas,1.33,43.21,40.58,48,FALSE,2023-01-01,2024-01-01,FALSE
1586,529,yourself,RUNNING,WOMENS,Algae Foam,1.36,65.62,5.38,94,FALSE,2024-01-01,2024-12-31,FALSE
1587,529,run,FORMAL,WOMENS,Cork,1.49,160.94,73.76,17,TRUE,2024-12-31,9999-12-31,TRUE
1588,530,deep,SNEAKER,UNISEX,TENCEL Lyocell,0.69,49.66,85.83,69,FALSE,2023-01-01,2024-01-01,FALSE
1589,530,measure,SNEAKER,MENS,Chrome-free Leather,1.05,93.53,33.21,17,FALSE,2024-01-01,2024-12-31,FALSE
1590,530,former,SNEAKER,MENS,Recycled Nylon,0.57,204.91,69.88,11,FALSE,2024-12-31,9999-12-31,TRUE
1591,531,cost,BOOT,WOMENS,Hemp Canvas,1.06,193.93,32.18,21,FALSE,2023-01-01,2024-01-01,FALSE
1592,531,information,SLIPPER,WOMENS,Recycled PET,0.41,44.74,66.49,3,FALSE,2024-01-01,2024-12-31,FALSE
1593,531,from,SANDAL,WOMENS,Organic Cotton,1.29,172.78,8.11,88,TRUE,2024-12-31,9999-12-31,TRUE
1594,532,film,SLIPPER,WOMENS,TENCEL Lyocell,1.05,117.02,78.75,95,FALSE,2023-01-01,2024-01-01,FALSE
1595,532,simple,SNEAKER,WOMENS,Chrome-free Leather,0.85,63.18,91.43,82,TRUE,2024-01-01,2024-12-31,FALSE
1596,532,run,SNEAKER,WOMENS,Algae Foam,0.58,179.31,54.0,36,TRUE,2024-12-31,9999-12-31,TRUE
1597,533,property,FORMAL,WOMENS,Natural Rubber,1.32,144.3,78.83,40,TRUE,2023-01-01,2024-01-01,FALSE
1598,533,military,SNEAKER,MENS,Recycled PET,1.12,39.59,26.13,31,TRUE,2024-01-01,2024-12-31,FALSE
1599,533,parent,BOOT,WOMENS,Hemp Canvas,0.73,70.49,37.77,15,TRUE,2024-12-31,9999-12-31,TRUE
1600,534,station,SNEAKER,WOMENS,Natural Rubber,0.79,177.88,36.62,21,FALSE,2023-01-01,2024-01-01,FALSE
1601,534,eight,RUNNING,WOMENS,Hemp Canvas,1.15,50.14,20.79,52,FALSE,2024-01-01,2024-12-31,FALSE
1602,534,gas,BOOT,MENS,Chrome-free Leather,1.6,201.2,77.86,67,TRUE,2024-12-31,9999-12-31,TRUE
1603,535,however,SNEAKER,WOMENS,Recycled PET,0.55,121.25,83.49,15,FALSE,2023-01-01,2024-01-01,FALSE
1604,535,fast,FORMAL,UNISEX,Bio-EVA,1.28,241.05,64.38,70,FALSE,2024-01-01,2024-12-31,FALSE
1605,535,technology,RUNNING,KIDS,Algae Foam,0.85,199.41,52.83,8,TRUE,2024-12-31,9999-12-31,TRUE
1606,536,stock,SNEAKER,MENS,Organic Cotton,0.88,181.36,72.6,66,FALSE,2023-01-01,2024-01-01,FALSE
1607,536,increase,BOOT,UNISEX,Chrome-free Leather,0.59,89.97,41.98,91,TRUE,2024-01-01,2024-12-31,FALSE
1608,536,his,SANDAL,UNISEX,Cork,0.52,240.76,25.18,59,FALSE,2024-12-31,9999-12-31,TRUE
1609,537,build,SANDAL,WOMENS,Apple Leather,0.87,113.48,75.03,96,TRUE,2023-01-01,2024-01-01,FALSE
1610,537,work,FORMAL,WOMENS,TENCEL Lyocell,1.27,116.5,54.35,23,TRUE,2024-01-01,2024-12-31,FALSE
1611,537,organization,SLIPPER,KIDS,Recycled PET,0.5,118.23,41.12,35,FALSE,2024-12-31,9999-12-31,TRUE
1612,538,decision,RUNNING,KIDS,Algae Foam,1.5,43.72,22.59,13,TRUE,2023-01-01,2024-01-01,FALSE
1613,538,person,BOOT,MENS,Natural Rubber,1.58,108.63,97.25,59,FALSE,2024-01-01,2024-12-31,FALSE
1614,538,offer,BOOT,MENS,Chrome-free Leather,0.75,173.21,99.31,37,TRUE,2024-12-31,9999-12-31,TRUE
1615,539,couple,FORMAL,WOMENS,TENCEL Lyocell,0.83,212.99,25.77,40,FALSE,2023-01-01,2024-01-01,FALSE
1616,539,rest,SNEAKER,UNISEX,TENCEL Lyocell,1.37,57.91,71.13,58,FALSE,2024-01-01,2024-12-31,FALSE
1617,539,special,SANDAL,UNISEX,Algae Foam,1.13,80.71,59.33,80,FALSE,2024-12-31,9999-12-31,TRUE
1618,540,oil,RUNNING,WOMENS,Recycled Rubber,1.6,47.23,40.66,4,FALSE,2023-01-01,2024-01-01,FALSE
1619,540,agreement,SLIPPER,KIDS,Recycled Rubber,1.01,198.26,32.74,49,TRUE,2024-01-01,2024-12-31,FALSE
1620,540,short,SLIPPER,UNISEX,TENCEL Lyocell,1.26,149.14,0.84,23,TRUE,2024-12-31,9999-12-31,TRUE
1621,541,main,SNEAKER,UNISEX,Recycled Rubber,0.8,126.15,54.97,76,FALSE,2023-01-01,2024-01-01,FALSE
1622,541,yes,SNEAKER,MENS,Chrome-free Leather,1.16,143.44,72.93,76,TRUE,2024-01-01,2024-12-31,FALSE
1623,541,section,SANDAL,MENS,Recycled PET,1.15,83.88,36.79,44,TRUE,2024-12-31,9999-12-31,TRUE
1624,542,determine,SNEAKER,WOMENS,Recycled PET,0.55,149.45,77.19,36,TRUE,2023-01-01,2024-01-01,FALSE
1625,542,left,SNEAKER,WOMENS,Algae Foam,0.81,44.54,13.93,52,TRUE,2024-01-01,2024-12-31,FALSE
1626,542,subject,SANDAL,WOMENS,Natural Rubber,1.12,70.06,24.01,35,TRUE,2024-12-31,9999-12-31,TRUE
1627,543,film,RUNNING,WOMENS,Apple Leather,1.23,219.03,29.39,66,FALSE,2023-01-01,2024-01-01,FALSE
1628,543,theory,FORMAL,WOMENS,Chrome-free Leather,0.43,205.33,23.76,50,TRUE,2024-01-01,2024-12-31,FALSE
1629,543,room,SLIPPER,UNISEX,Algae Foam,0.52,195.73,42.65,2,FALSE,2024-12-31,9999-12-31,TRUE
1630,544,authority,FORMAL,UNISEX,Recycled PET,1.46,114.88,39.78,77,TRUE,2023-01-01,2024-01-01,FALSE
1631,544,tell,FORMAL,WOMENS,Organic Cotton,0.95,106.28,74.52,12,FALSE,2024-01-01,2024-12-31,FALSE
1632,544,thus,SANDAL,WOMENS,Chrome-free Leather,0.46,129.26,55.03,55,FALSE,2024-12-31,9999-12-31,TRUE
1633,545,stuff,RUNNING,UNISEX,Cork,1.07,228.51,62.12,67,FALSE,2023-01-01,2024-01-01,FALSE
1634,545,stuff,SNEAKER,KIDS,Organic Cotton,0.76,155.45,79.38,57,FALSE,2024-01-01,2024-12-31,FALSE
1635,545,issue,RUNNING,WOMENS,Recycled Nylon,1.5,193.7,52.86,52,TRUE,2024-12-31,9999-12-31,TRUE
1636,546,report,SNEAKER,MENS,Hemp Canvas,0.46,179.08,45.15,88,TRUE,2023-01-01,2024-01-01,FALSE
1637,546,money,SANDAL,MENS,Apple Leather,1.1,52.62,28.93,73,TRUE,2024-01-01,2024-12-31,FALSE
1638,546,chair,SNEAKER,KIDS,Apple Leather,1.1,73.78,75.62,90,FALSE,2024-12-31,9999-12-31,TRUE
1639,547,property,FORMAL,MENS,Recycled Rubber,1.37,221.61,65.68,70,FALSE,2023-01-01,2024-01-01,FALSE
1640,547,floor,SANDAL,UNISEX,Hemp Canvas,1.31,218.38,8.97,66,TRUE,2024-01-01,2024-12-31,FALSE
1641,547,effort,RUNNING,MENS,Chrome-free Leather,1.54,91.12,33.04,13,TRUE,2024-12-31,9999-12-31,TRUE
1642,548,entire,SANDAL,UNISEX,Algae Foam,1.35,218.94,95.33,24,TRUE,2023-01-01,2024-01-01,FALSE
1643,548,reason,SANDAL,UNISEX,Natural Rubber,1.34,202.02,42.99,72,FALSE,2024-01-01,2024-12-31,FALSE
1644,548,class,FORMAL,MENS,Hemp Canvas,1.59,138.33,39.8,15,TRUE,2024-12-31,9999-12-31,TRUE
1645,549,senior,RUNNING,UNISEX,Recycled Rubber,0.61,84.34,56.17,92,TRUE,2023-01-01,2024-01-01,FALSE
1646,549,land,BOOT,WOMENS,Recycled Rubber,1.49,175.54,89.85,66,TRUE,2024-01-01,2024-12-31,FALSE
1647,549,strategy,FORMAL,UNISEX,Recycled Nylon,1.58,212.88,89.73,52,FALSE,2024-12-31,9999-12-31,TRUE
1648,550,huge,SNEAKER,WOMENS,Hemp Canvas,1.13,110.68,54.93,100,TRUE,2023-01-01,2024-01-01,FALSE
1649,550,back,BOOT,WOMENS,Hemp Canvas,0.92,94.87,78.36,48,FALSE,2024-01-01,2024-12-31,FALSE
1650,550,list,RUNNING,MENS,Apple Leather,0.66,156.98,80.87,12,FALSE,2024-12-31,9999-12-31,TRUE
1651,551,piece,BOOT,WOMENS,Natural Rubber,1.03,159.02,98.05,96,TRUE,2023-01-01,2024-01-01,FALSE
1652,551,measure,SANDAL,UNISEX,Chrome-free Leather,0.58,162.4,77.31,65,TRUE,2024-01-01,2024-12-31,FALSE
1653,551,pass,FORMAL,UNISEX,TENCEL Lyocell,0.6,196.99,0.1,85,FALSE,2024-12-31,9999-12-31,TRUE
1654,552,institution,RUNNING,MENS,Recycled Nylon,0.48,50.58,83.37,97,TRUE,2023-01-01,2024-01-01,FALSE
1655,552,nor,SNEAKER,WOMENS,Natural Rubber,1.13,211.95,82.33,3,TRUE,2024-01-01,2024-12-31,FALSE
1656,552,move,SNEAKER,MENS,Recycled Rubber,0.74,100.54,60.65,94,TRUE,2024-12-31,9999-12-31,TRUE
1657,553,wind,RUNNING,UNISEX,Recycled Nylon,1.03,222.09,94.94,82,TRUE,2023-01-01,2024-01-01,FALSE
1658,553,wife,SNEAKER,UNISEX,Natural Rubber,0.74,42.53,49.53,56,FALSE,2024-01-01,2024-12-31,FALSE
1659,553,true,RUNNING,WOMENS,Apple Leather,1.46,191.46,76.3,52,FALSE,2024-12-31,9999-12-31,TRUE
1660,554,role,BOOT,WOMENS,Algae Foam,0.51,222.21,72.5,60,FALSE,2023-01-01,2024-01-01,FALSE
1661,554,kid,FORMAL,KIDS,Algae Foam,1.52,53.03,77.77,2,TRUE,2024-01-01,2024-12-31,FALSE
1662,554,of,RUNNING,MENS,Recycled PET,0.63,81.56,23.21,16,FALSE,2024-12-31,9999-12-31,TRUE
1663,555,although,RUNNING,MENS,Natural Rubber,0.81,240.81,10.87,69,FALSE,2023-01-01,2024-01-01,FALSE
1664,555,street,RUNNING,WOMENS,Apple Leather,1.49,181.39,7.86,20,TRUE,2024-01-01,2024-12-31,FALSE
1665,555,here,SNEAKER,UNISEX,Natural Rubber,1.02,179.62,13.24,63,FALSE,2024-12-31,9999-12-31,TRUE
1666,556,science,SLIPPER,MENS,Natural Rubber,0.94,226.19,54.52,39,TRUE,2023-01-01,2024-01-01,FALSE
1667,556,want,SNEAKER,KIDS,Recycled Nylon,0.79,68.58,39.56,65,TRUE,2024-01-01,2024-12-31,FALSE
1668,556,task,SANDAL,MENS,Bio-EVA,0.46,133.87,68.2,13,TRUE,2024-12-31,9999-12-31,TRUE
1669,557,not,RUNNING,KIDS,Recycled Nylon,1.29,143.93,51.34,23,TRUE,2023-01-01,2024-01-01,FALSE
1670,557,phone,SANDAL,MENS,Recycled Nylon,1.47,162.69,82.73,13,FALSE,2024-01-01,2024-12-31,FALSE
1671,557,pull,SNEAKER,KIDS,Cork,1.09,110.43,82.97,100,FALSE,2024-12-31,9999-12-31,TRUE
1672,558,who,BOOT,WOMENS,Cork,1.39,222.69,53.94,14,FALSE,2023-01-01,2024-01-01,FALSE
1673,558,bed,SNEAKER,MENS,Bio-EVA,0.43,87.07,75.03,94,TRUE,2024-01-01,2024-12-31,FALSE
1674,558,boy,SANDAL,MENS,Hemp Canvas,0.91,181.96,99.45,58,TRUE,2024-12-31,9999-12-31,TRUE
1675,559,specific,SNEAKER,UNISEX,Cork,1.48,147.84,80.76,1,TRUE,2023-01-01,2024-01-01,FALSE
1676,559,energy,SNEAKER,MENS,Organic Cotton,1.41,76.89,62.92,41,FALSE,2024-01-01,2024-12-31,FALSE
1677,559,really,SNEAKER,MENS,Recycled Nylon,0.84,202.23,53.91,57,FALSE,2024-12-31,9999-12-31,TRUE
1678,560,red,BOOT,MENS,Organic Cotton,0.49,175.77,93.71,9,FALSE,2023-01-01,2024-01-01,FALSE
1679,560,hear,SNEAKER,MENS,Apple Leather,1.31,239.53,55.75,68,FALSE,2024-01-01,2024-12-31,FALSE
1680,560,compare,SNEAKER,MENS,Recycled Rubber,0.75,153.81,1.62,20,TRUE,2024-12-31,9999-12-31,TRUE
1681,561,radio,FORMAL,UNISEX,TENCEL Lyocell,1.54,184.28,22.98,69,TRUE,2023-01-01,2024-01-01,FALSE
1682,561,position,SANDAL,MENS,Bio-EVA,1.56,175.16,29.81,77,TRUE,2024-01-01,2024-12-31,FALSE
1683,561,another,SANDAL,MENS,Recycled Rubber,1.18,98.55,45.19,69,FALSE,2024-12-31,9999-12-31,TRUE
1684,562,order,SLIPPER,UNISEX,Recycled PET,1.19,58.25,92.36,30,FALSE,2023-01-01,2024-01-01,FALSE
1685,562,quite,RUNNING,MENS,Natural Rubber,1.32,176.91,2.62,78,TRUE,2024-01-01,2024-12-31,FALSE
1686,562,research,RUNNING,WOMENS,Recycled Rubber,1.26,178.38,46.14,78,FALSE,2024-12-31,9999-12-31,TRUE
1687,563,radio,RUNNING,WOMENS,Recycled Rubber,1.5,145.22,71.85,19,FALSE,2023-01-01,2024-01-01,FALSE
1688,563,instead,SNEAKER,MENS,Natural Rubber,1.59,47.02,64.33,40,FALSE,2024-01-01,2024-12-31,FALSE
1689,563,soldier,SNEAKER,MENS,Hemp Canvas,1.35,116.42,69.55,3,FALSE,2024-12-31,9999-12-31,TRUE
1690,564,glass,FORMAL,UNISEX,Chrome-free Leather,1.27,108.69,45.66,4,TRUE,2023-01-01,2024-01-01,FALSE
1691,564,style,SNEAKER,WOMENS,Algae Foam,1.33,110.95,37.45,32,TRUE,2024-01-01,2024-12-31,FALSE
1692,564,law,RUNNING,MENS,Chrome-free Leather,0.57,212.56,61.14,23,FALSE,2024-12-31,9999-12-31,TRUE
1693,565,born,BOOT,WOMENS,Algae Foam,1.09,95.54,39.14,28,FALSE,2023-01-01,2024-01-01,FALSE
1694,565,action,SNEAKER,KIDS,Apple Leather,1.52,110.44,16.44,10,FALSE,2024-01-01,2024-12-31,FALSE
1695,565,billion,FORMAL,WOMENS,TENCEL Lyocell,1.27,234.75,17.79,43,TRUE,2024-12-31,9999-12-31,TRUE
1696,566,evening,SLIPPER,WOMENS,Apple Leather,0.67,184.87,34.33,77,FALSE,2023-01-01,2024-01-01,FALSE
1697,566,doctor,RUNNING,WOMENS,Apple Leather,1.01,156.59,39.12,46,TRUE,2024-01-01,2024-12-31,FALSE
1698,566,Mrs,BOOT,MENS,Apple Leather,1.54,156.32,1.56,41,FALSE,2024-12-31,9999-12-31,TRUE
1699,567,skin,SANDAL,WOMENS,Bio-EVA,0.41,103.39,62.32,86,FALSE,2023-01-01,2024-01-01,FALSE
1700,567,natural,SANDAL,WOMENS,TENCEL Lyocell,1.5,164.79,16.48,25,FALSE,2024-01-01,2024-12-31,FALSE
1701,567,open,SANDAL,MENS,Bio-EVA,0.45,215.1,21.02,39,TRUE,2024-12-31,9999-12-31,TRUE
1702,568,partner,SNEAKER,WOMENS,TENCEL Lyocell,0.64,84.49,17.35,79,FALSE,2023-01-01,2024-01-01,FALSE
1703,568,rise,SANDAL,MENS,Recycled Nylon,1.03,89.01,42.63,40,TRUE,2024-01-01,2024-12-31,FALSE
1704,568,parent,SLIPPER,WOMENS,Recycled Nylon,1.24,174.1,10.91,98,FALSE,2024-12-31,9999-12-31,TRUE
1705,569,do,SNEAKER,WOMENS,Cork,1.14,238.07,12.2,75,FALSE,2023-01-01,2024-01-01,FALSE
1706,569,like,BOOT,MENS,Recycled Nylon,1.31,40.41,36.1,30,FALSE,2024-01-01,2024-12-31,FALSE
1707,569,house,RUNNING,UNISEX,Chrome-free Leather,0.6,67.74,33.09,99,TRUE,2024-12-31,9999-12-31,TRUE
1708,570,include,SNEAKER,WOMENS,TENCEL Lyocell,1.01,205.38,44.98,56,TRUE,2023-01-01,2024-01-01,FALSE
1709,570,major,FORMAL,WOMENS,Hemp Canvas,1.01,245.46,89.32,35,FALSE,2024-01-01,2024-12-31,FALSE
1710,570,sport,RUNNING,MENS,Apple Leather,1.36,105.64,71.27,78,TRUE,2024-12-31,9999-12-31,TRUE
1711,571,respond,RUNNING,WOMENS,Recycled Rubber,0.54,56.43,69.32,42,TRUE,2023-01-01,2024-01-01,FALSE
1712,571,per,FORMAL,WOMENS,Recycled PET,0.59,103.44,63.92,75,FALSE,2024-01-01,2024-12-31,FALSE
1713,571,rock,SNEAKER,KIDS,Organic Cotton,1.45,224.45,82.71,41,FALSE,2024-12-31,9999-12-31,TRUE
1714,572,month,SNEAKER,WOMENS,Chrome-free Leather,0.44,81.86,63.3,71,FALSE,2023-01-01,2024-01-01,FALSE
1715,572,city,BOOT,WOMENS,Bio-EVA,1.02,168.55,38.58,79,FALSE,2024-01-01,2024-12-31,FALSE
1716,572,hair,RUNNING,MENS,Recycled Nylon,1.59,85.64,44.9,81,FALSE,2024-12-31,9999-12-31,TRUE
1717,573,ago,SANDAL,WOMENS,Chrome-free Leather,1.3,66.24,84.6,94,FALSE,2023-01-01,2024-01-01,FALSE
1718,573,meeting,FORMAL,WOMENS,Apple Leather,0.48,84.87,81.36,90,FALSE,2024-01-01,2024-12-31,FALSE
1719,573,book,SANDAL,UNISEX,Natural Rubber,0.48,81.04,14.32,82,TRUE,2024-12-31,9999-12-31,TRUE
1720,574,find,RUNNING,WOMENS,Chrome-free Leather,0.41,57.87,24.47,33,TRUE,2023-01-01,2024-01-01,FALSE
1721,574,just,SNEAKER,MENS,Chrome-free Leather,1.04,200.06,40.4,90,TRUE,2024-01-01,2024-12-31,FALSE
1722,574,wife,RUNNING,UNISEX,Recycled Nylon,0.98,106.38,74.68,46,FALSE,2024-12-31,9999-12-31,TRUE
1723,575,bed,SNEAKER,WOMENS,Organic Cotton,1.09,45.87,14.24,11,FALSE,2023-01-01,2024-01-01,FALSE
1724,575,business,SANDAL,MENS,Cork,1.48,155.3,72.96,50,TRUE,2024-01-01,2024-12-31,FALSE
1725,575,theory,FORMAL,MENS,Apple Leather,1.17,75.87,45.72,27,TRUE,2024-12-31,9999-12-31,TRUE
1726,576,yeah,SANDAL,UNISEX,Apple Leather,1.19,241.99,95.67,3,TRUE,2023-01-01,2024-01-01,FALSE
1727,576,show,SNEAKER,MENS,Algae Foam,1.14,194.61,88.16,12,FALSE,2024-01-01,2024-12-31,FALSE
1728,576,change,SANDAL,MENS,Recycled Rubber,1.17,88.62,55.07,30,FALSE,2024-12-31,9999-12-31,TRUE
1729,577,happen,RUNNING,MENS,Apple Leather,1.35,218.7,54.02,40,FALSE,2023-01-01,2024-01-01,FALSE
1730,577,forget,RUNNING,MENS,Cork,1.17,193.79,88.25,28,TRUE,2024-01-01,2024-12-31,FALSE
1731,577,gun,RUNNING,WOMENS,Recycled PET,0.8,220.74,57.76,99,TRUE,2024-12-31,9999-12-31,TRUE
1732,578,lose,SANDAL,WOMENS,Recycled Nylon,1.12,217.07,58.23,0,TRUE,2023-01-01,2024-01-01,FALSE
1733,578,still,SNEAKER,WOMENS,Recycled PET,0.7,228.23,46.85,67,FALSE,2024-01-01,2024-12-31,FALSE
1734,578,design,SANDAL,WOMENS,Hemp Canvas,1.38,68.04,95.12,66,TRUE,2024-12-31,9999-12-31,TRUE
1735,579,near,SNEAKER,UNISEX,TENCEL Lyocell,0.52,205.58,39.71,92,FALSE,2023-01-01,2024-01-01,FALSE
1736,579,meeting,RUNNING,WOMENS,Recycled Nylon,0.72,155.38,60.66,87,FALSE,2024-01-01,2024-12-31,FALSE
1737,579,happen,RUNNING,MENS,Algae Foam,0.82,83.22,74.0,90,FALSE,2024-12-31,9999-12-31,TRUE
1738,580,maybe,BOOT,WOMENS,Natural Rubber,1.04,233.1,79.87,96,FALSE,2023-01-01,2024-01-01,FALSE
1739,580,bill,SANDAL,WOMENS,Recycled PET,1.57,88.62,38.79,10,FALSE,2024-01-01,2024-12-31,FALSE
1740,580,left,FORMAL,MENS,Organic Cotton,0.48,214.39,16.3,26,FALSE,2024-12-31,9999-12-31,TRUE
1741,581,seven,BOOT,KIDS,Organic Cotton,1.33,174.01,16.75,93,FALSE,2023-01-01,2024-01-01,FALSE
1742,581,same,SANDAL,MENS,Organic Cotton,0.64,97.21,86.79,65,TRUE,2024-01-01,2024-12-31,FALSE
1743,581,local,BOOT,WOMENS,Recycled PET,0.9,137.72,21.04,75,TRUE,2024-12-31,9999-12-31,TRUE
1744,582,from,BOOT,WOMENS,Chrome-free Leather,1.16,192.67,11.56,20,TRUE,2023-01-01,2024-01-01,FALSE
1745,582,audience,BOOT,MENS,Cork,0.96,177.64,5.35,77,FALSE,2024-01-01,2024-12-31,FALSE
1746,582,first,BOOT,WOMENS,Chrome-free Leather,0.53,230.79,4.19,79,FALSE,2024-12-31,9999-12-31,TRUE
1747,583,another,RUNNING,MENS,Recycled Rubber,1.51,198.59,93.24,25,FALSE,2023-01-01,2024-01-01,FALSE
1748,583,take,SANDAL,WOMENS,Bio-EVA,0.63,118.86,20.84,1,FALSE,2024-01-01,2024-12-31,FALSE
1749,583,see,RUNNING,UNISEX,TENCEL Lyocell,1.33,60.76,76.44,36,TRUE,2024-12-31,9999-12-31,TRUE
1750,584,building,SNEAKER,WOMENS,Algae Foam,0.87,149.21,92.19,1,FALSE,2023-01-01,2024-01-01,FALSE
1751,584,agency,RUNNING,WOMENS,Recycled Rubber,0.85,42.59,82.32,24,FALSE,2024-01-01,2024-12-31,FALSE
1752,584,time,RUNNING,KIDS,Hemp Canvas,1.41,52.86,74.21,83,TRUE,2024-12-31,9999-12-31,TRUE
1753,585,gun,FORMAL,MENS,Algae Foam,0.81,202.64,58.35,2,FALSE,2023-01-01,2024-01-01,FALSE
1754,585,raise,SNEAKER,MENS,Organic Cotton,0.63,235.39,54.97,69,TRUE,2024-01-01,2024-12-31,FALSE
1755,585,boy,RUNNING,KIDS,Natural Rubber,0.43,236.72,88.81,99,TRUE,2024-12-31,9999-12-31,TRUE
1756,586,research,SNEAKER,MENS,Recycled PET,0.55,167.99,47.93,71,TRUE,2023-01-01,2024-01-01,FALSE
1757,586,such,SNEAKER,MENS,Recycled PET,1.26,241.44,43.12,75,TRUE,2024-01-01,2024-12-31,FALSE
1758,586,community,SNEAKER,WOMENS,Bio-EVA,1.18,228.24,34.24,33,FALSE,2024-12-31,9999-12-31,TRUE
1759,587,wonder,SNEAKER,UNISEX,Recycled Rubber,0.41,186.25,86.65,4,TRUE,2023-01-01,2024-01-01,FALSE
1760,587,sit,SNEAKER,MENS,Recycled Nylon,0.89,143.24,91.42,81,TRUE,2024-01-01,2024-12-31,FALSE
1761,587,either,RUNNING,UNISEX,Recycled Rubber,0.85,162.93,77.84,44,TRUE,2024-12-31,9999-12-31,TRUE
1762,588,name,RUNNING,WOMENS,Natural Rubber,0.98,61.35,83.68,32,TRUE,2023-01-01,2024-01-01,FALSE
1763,588,contain,SNEAKER,WOMENS,Recycled PET,0.54,203.56,12.26,26,TRUE,2024-01-01,2024-12-31,FALSE
1764,588,old,FORMAL,UNISEX,Algae Foam,0.52,122.71,76.34,11,TRUE,2024-12-31,9999-12-31,TRUE
1765,589,collection,RUNNING,WOMENS,Recycled PET,0.52,191.62,36.62,13,TRUE,2023-01-01,2024-01-01,FALSE
1766,589,give,SNEAKER,MENS,Apple Leather,1.25,136.33,19.55,5,TRUE,2024-01-01,2024-12-31,FALSE
1767,589,opportunity,SNEAKER,WOMENS,Hemp Canvas,0.8,242.44,81.3,36,TRUE,2024-12-31,9999-12-31,TRUE
1768,590,last,RUNNING,WOMENS,Bio-EVA,1.36,75.75,70.41,3,TRUE,2023-01-01,2024-01-01,FALSE
1769,590,maintain,RUNNING,WOMENS,Recycled Nylon,1.21,132.83,70.34,76,TRUE,2024-01-01,2024-12-31,FALSE
1770,590,each,SNEAKER,WOMENS,Recycled PET,0.64,179.92,87.22,25,FALSE,2024-12-31,9999-12-31,TRUE
1771,591,subject,SNEAKER,UNISEX,Apple Leather,1.51,215.05,88.96,55,FALSE,2023-01-01,2024-01-01,FALSE
1772,591,interview,SNEAKER,MENS,Algae Foam,1.4,185.89,47.5,4,TRUE,2024-01-01,2024-12-31,FALSE
1773,591,professional,SNEAKER,MENS,Organic Cotton,1.56,170.64,2.49,8,FALSE,2024-12-31,9999-12-31,TRUE
1774,592,create,SNEAKER,MENS,Recycled Rubber,0.55,91.99,1.96,83,TRUE,2023-01-01,2024-01-01,FALSE
1775,592,cultural,SNEAKER,UNISEX,Algae Foam,1.38,157.21,69.99,90,FALSE,2024-01-01,2024-12-31,FALSE
1776,592,push,SNEAKER,WOMENS,Natural Rubber,1.6,52.81,78.45,5,TRUE,2024-12-31,9999-12-31,TRUE
1777,593,really,BOOT,WOMENS,Recycled Rubber,1.18,164.57,49.69,50,FALSE,2023-01-01,2024-01-01,FALSE
1778,593,lay,RUNNING,MENS,Natural Rubber,0.48,136.28,43.9,15,FALSE,2024-01-01,2024-12-31,FALSE
1779,593,individual,RUNNING,MENS,Bio-EVA,0.89,119.22,9.96,27,TRUE,2024-12-31,9999-12-31,TRUE
1780,594,air,SLIPPER,MENS,Algae Foam,0.7,213.49,76.22,55,TRUE,2023-01-01,2024-01-01,FALSE
1781,594,sing,SANDAL,KIDS,Hemp Canvas,1.11,161.4,91.2,78,TRUE,2024-01-01,2024-12-31,FALSE
1782,594,positive,SNEAKER,MENS,Recycled Nylon,0.6,129.47,98.8,84,TRUE,2024-12-31,9999-12-31,TRUE
1783,595,use,SNEAKER,WOMENS,Cork,1.48,216.29,10.57,52,TRUE,2023-01-01,2024-01-01,FALSE
1784,595,decade,SNEAKER,MENS,Recycled PET,1.36,170.83,9.51,69,FALSE,2024-01-01,2024-12-31,FALSE
1785,595,listen,SANDAL,WOMENS,Hemp Canvas,1.3,159.03,59.55,99,FALSE,2024-12-31,9999-12-31,TRUE
1786,596,person,FORMAL,UNISEX,Organic Cotton,0.93,43.71,83.63,64,FALSE,2023-01-01,2024-01-01,FALSE
1787,596,laugh,SLIPPER,KIDS,Algae Foam,1.38,217.79,97.05,51,FALSE,2024-01-01,2024-12-31,FALSE
1788,596,improve,RUNNING,WOMENS,TENCEL Lyocell,0.94,223.84,35.61,65,FALSE,2024-12-31,9999-12-31,TRUE
1789,597,above,SNEAKER,KIDS,Apple Leather,0.85,234.83,53.91,7,FALSE,2023-01-01,2024-01-01,FALSE
1790,597,sea,SNEAKER,WOMENS,Cork,0.97,58.68,84.26,24,TRUE,2024-01-01,2024-12-31,FALSE
1791,597,difficult,SNEAKER,MENS,Organic Cotton,1.18,56.65,15.78,63,FALSE,2024-12-31,9999-12-31,TRUE
1792,598,describe,BOOT,UNISEX,Recycled Rubber,0.91,228.8,15.04,92,FALSE,2023-01-01,2024-01-01,FALSE
1793,598,family,BOOT,KIDS,Apple Leather,0.97,172.43,26.71,75,TRUE,2024-01-01,2024-12-31,FALSE
1794,598,soldier,SANDAL,WOMENS,TENCEL Lyocell,1.35,127.94,35.46,5,TRUE,2024-12-31,9999-12-31,TRUE
1795,599,score,BOOT,WOMENS,Cork,1.21,208.78,55.32,28,TRUE,2023-01-01,2024-01-01,FALSE
1796,599,table,RUNNING,WOMENS,Apple Leather,1.1,219.39,65.86,82,TRUE,2024-01-01,2024-12-31,FALSE
1797,599,style,SNEAKER,WOMENS,Recycled Rubber,0.91,173.33,83.51,48,TRUE,2024-12-31,9999-12-31,TRUE
1798,600,at,SNEAKER,WOMENS,Recycled Rubber,0.43,134.14,31.24,8,TRUE,2023-01-01,2024-01-01,FALSE
1799,600,participant,SNEAKER,WOMENS,Chrome-free Leather,0.59,235.02,58.0,31,FALSE,2024-01-01,2024-12-31,FALSE
1800,600,blue,RUNNING,MENS,Organic Cotton,1.0,159.51,78.93,28,TRUE,2024-12-31,9999-12-31,TRUE
1801,601,successful,RUNNING,MENS,Natural Rubber,0.45,130.54,98.5,50,TRUE,2023-01-01,2024-01-01,FALSE
1802,601,try,SLIPPER,UNISEX,Cork,1.09,128.23,62.32,8,TRUE,2024-01-01,2024-12-31,FALSE
1803,601,not,SNEAKER,KIDS,Organic Cotton,1.48,247.79,24.83,84,FALSE,2024-12-31,9999-12-31,TRUE
1804,602,culture,BOOT,UNISEX,Apple Leather,1.45,189.09,10.8,27,TRUE,2023-01-01,2024-01-01,FALSE
1805,602,history,RUNNING,WOMENS,Natural Rubber,0.7,231.85,32.12,65,TRUE,2024-01-01,2024-12-31,FALSE
1806,602,gas,RUNNING,UNISEX,Recycled PET,0.6,229.35,27.84,38,TRUE,2024-12-31,9999-12-31,TRUE
1807,603,debate,SNEAKER,MENS,Cork,1.18,222.34,69.7,35,TRUE,2023-01-01,2024-01-01,FALSE
1808,603,lot,BOOT,MENS,Recycled PET,1.31,140.69,91.16,95,TRUE,2024-01-01,2024-12-31,FALSE
1809,603,build,RUNNING,MENS,Recycled Rubber,1.09,153.79,4.18,69,FALSE,2024-12-31,9999-12-31,TRUE
1810,604,everybody,SANDAL,UNISEX,Cork,1.06,59.35,7.96,34,TRUE,2023-01-01,2024-01-01,FALSE
1811,604,religious,SANDAL,WOMENS,Natural Rubber,0.79,77.79,39.45,48,FALSE,2024-01-01,2024-12-31,FALSE
1812,604,travel,RUNNING,MENS,Algae Foam,1.37,91.28,97.53,50,FALSE,2024-12-31,9999-12-31,TRUE
1813,605,might,RUNNING,WOMENS,Algae Foam,1.08,183.62,86.67,41,TRUE,2023-01-01,2024-01-01,FALSE
1814,605,news,SNEAKER,WOMENS,Recycled Rubber,0.53,167.88,72.24,86,TRUE,2024-01-01,2024-12-31,FALSE
1815,605,purpose,SANDAL,UNISEX,Apple Leather,0.7,234.04,88.92,5,TRUE,2024-12-31,9999-12-31,TRUE
1816,606,form,SNEAKER,WOMENS,Hemp Canvas,0.47,213.83,53.78,98,FALSE,2023-01-01,2024-01-01,FALSE
1817,606,picture,RUNNING,MENS,Natural Rubber,1.57,175.0,10.0,74,TRUE,2024-01-01,2024-12-31,FALSE
1818,606,important,RUNNING,WOMENS,Cork,0.46,163.76,65.13,38,FALSE,2024-12-31,9999-12-31,TRUE
1819,607,popular,SNEAKER,KIDS,Bio-EVA,0.46,232.31,99.86,87,FALSE,2023-01-01,2024-01-01,FALSE
1820,607,including,SANDAL,UNISEX,Algae Foam,0.92,143.48,5.0,55,TRUE,2024-01-01,2024-12-31,FALSE
1821,607,people,SNEAKER,UNISEX,Bio-EVA,0.91,115.48,75.63,43,FALSE,2024-12-31,9999-12-31,TRUE
1822,608,build,SNEAKER,MENS,Apple Leather,1.32,241.6,19.23,64,FALSE,2023-01-01,2024-01-01,FALSE
1823,608,happen,SNEAKER,WOMENS,Recycled Nylon,0.84,206.78,87.59,100,TRUE,2024-01-01,2024-12-31,FALSE
1824,608,he,BOOT,UNISEX,Chrome-free Leather,0.75,61.76,63.26,77,FALSE,2024-12-31,9999-12-31,TRUE
1825,609,through,SNEAKER,WOMENS,Hemp Canvas,1.21,72.66,18.67,22,TRUE,2023-01-01,2024-01-01,FALSE
1826,609,lot,SNEAKER,UNISEX,Cork,1.56,139.46,65.66,39,TRUE,2024-01-01,2024-12-31,FALSE
1827,609,prepare,SANDAL,MENS,Chrome-free Leather,0.52,76.14,70.91,12,TRUE,2024-12-31,9999-12-31,TRUE
1828,610,consider,FORMAL,UNISEX,TENCEL Lyocell,0.7,206.35,63.94,7,TRUE,2023-01-01,2024-01-01,FALSE
1829,610,teach,FORMAL,MENS,Organic Cotton,1.11,245.22,48.12,63,FALSE,2024-01-01,2024-12-31,FALSE
1830,610,report,SNEAKER,UNISEX,Natural Rubber,1.11,236.77,44.41,100,FALSE,2024-12-31,9999-12-31,TRUE
1831,611,season,FORMAL,WOMENS,Organic Cotton,1.26,205.43,85.27,81,FALSE,2023-01-01,2024-01-01,FALSE
1832,611,such,SNEAKER,UNISEX,Apple Leather,0.46,150.04,22.88,97,FALSE,2024-01-01,2024-12-31,FALSE
1833,611,finish,RUNNING,MENS,Hemp Canvas,1.28,220.94,53.23,59,FALSE,2024-12-31,9999-12-31,TRUE
1834,612,why,SLIPPER,MENS,Chrome-free Leather,0.72,146.95,30.98,15,FALSE,2023-01-01,2024-01-01,FALSE
1835,612,possible,BOOT,WOMENS,Bio-EVA,0.7,206.35,97.99,34,TRUE,2024-01-01,2024-12-31,FALSE
1836,612,performance,BOOT,MENS,Bio-EVA,0.84,175.96,33.85,18,FALSE,2024-12-31,9999-12-31,TRUE
1837,613,become,SANDAL,WOMENS,Organic Cotton,0.63,235.28,98.47,36,FALSE,2023-01-01,2024-01-01,FALSE
1838,613,remember,BOOT,UNISEX,Apple Leather,1.22,169.37,81.56,10,TRUE,2024-01-01,2024-12-31,FALSE
1839,613,center,FORMAL,MENS,Natural Rubber,1.2,174.46,67.85,21,TRUE,2024-12-31,9999-12-31,TRUE
1840,614,form,SNEAKER,UNISEX,Algae Foam,0.86,74.64,7.28,60,TRUE,2023-01-01,2024-01-01,FALSE
1841,614,buy,SNEAKER,MENS,TENCEL Lyocell,0.48,203.65,96.23,5,TRUE,2024-01-01,2024-12-31,FALSE
1842,614,edge,SANDAL,WOMENS,Chrome-free Leather,1.59,244.56,32.5,69,FALSE,2024-12-31,9999-12-31,TRUE
1843,615,focus,SNEAKER,MENS,Natural Rubber,1.42,224.03,1.18,89,FALSE,2023-01-01,2024-01-01,FALSE
1844,615,but,SANDAL,MENS,Hemp Canvas,0.88,138.58,28.66,8,FALSE,2024-01-01,2024-12-31,FALSE
1845,615,cover,RUNNING,WOMENS,Bio-EVA,1.5,239.66,26.17,54,TRUE,2024-12-31,9999-12-31,TRUE
1846,616,hour,RUNNING,UNISEX,Recycled Nylon,1.23,138.77,61.95,57,FALSE,2023-01-01,2024-01-01,FALSE
1847,616,rule,BOOT,WOMENS,Hemp Canvas,1.31,207.1,66.95,30,FALSE,2024-01-01,2024-12-31,FALSE
1848,616,chance,SNEAKER,MENS,Apple Leather,1.01,92.65,53.89,49,FALSE,2024-12-31,9999-12-31,TRUE
1849,617,much,BOOT,MENS,Recycled Rubber,1.02,71.55,88.67,88,FALSE,2023-01-01,2024-01-01,FALSE
1850,617,important,RUNNING,KIDS,Cork,1.24,214.88,10.47,57,FALSE,2024-01-01,2024-12-31,FALSE
1851,617,kid,SNEAKER,WOMENS,TENCEL Lyocell,1.43,246.16,54.04,48,FALSE,2024-12-31,9999-12-31,TRUE
1852,618,pick,SNEAKER,WOMENS,Natural Rubber,1.07,86.54,44.95,66,TRUE,2023-01-01,2024-01-01,FALSE
1853,618,certainly,BOOT,WOMENS,Apple Leather,1.58,177.5,50.0,50,FALSE,2024-01-01,2024-12-31,FALSE
1854,618,paper,SNEAKER,UNISEX,Natural Rubber,0.61,221.06,92.42,91,FALSE,2024-12-31,9999-12-31,TRUE
1855,619,identify,FORMAL,WOMENS,Organic Cotton,1.38,42.13,23.0,0,TRUE,2023-01-01,2024-01-01,FALSE
1856,619,land,BOOT,MENS,Cork,0.54,230.11,50.79,80,FALSE,2024-01-01,2024-12-31,FALSE
1857,619,cultural,FORMAL,KIDS,Hemp Canvas,1.26,64.56,54.77,37,TRUE,2024-12-31,9999-12-31,TRUE
1858,620,message,RUNNING,WOMENS,Recycled PET,1.27,227.53,28.94,40,FALSE,2023-01-01,2024-01-01,FALSE
1859,620,prove,BOOT,WOMENS,Algae Foam,0.46,140.34,42.11,96,FALSE,2024-01-01,2024-12-31,FALSE
1860,620,note,BOOT,WOMENS,Bio-EVA,0.89,245.31,31.64,86,FALSE,2024-12-31,9999-12-31,TRUE
1861,621,rule,SNEAKER,WOMENS,TENCEL Lyocell,0.42,214.41,40.43,23,TRUE,2023-01-01,2024-01-01,FALSE
1862,621,wide,SANDAL,WOMENS,Bio-EVA,1.29,118.63,83.41,42,TRUE,2024-01-01,2024-12-31,FALSE
1863,621,quite,BOOT,MENS,Apple Leather,1.2,127.64,9.2,1,FALSE,2024-12-31,9999-12-31,TRUE
1864,622,word,RUNNING,MENS,Recycled Nylon,1.25,186.86,89.18,28,FALSE,2023-01-01,2024-01-01,FALSE
1865,622,consumer,SNEAKER,MENS,Bio-EVA,0.88,210.77,91.63,34,FALSE,2024-01-01,2024-12-31,FALSE
1866,622,one,RUNNING,MENS,Recycled PET,1.33,198.64,42.99,70,TRUE,2024-12-31,9999-12-31,TRUE
1867,623,compare,BOOT,MENS,Hemp Canvas,1.08,124.1,38.84,58,FALSE,2023-01-01,2024-01-01,FALSE
1868,623,might,RUNNING,MENS,Algae Foam,1.02,172.41,11.83,67,FALSE,2024-01-01,2024-12-31,FALSE
1869,623,fight,BOOT,MENS,Recycled Rubber,0.84,116.91,59.14,23,TRUE,2024-12-31,9999-12-31,TRUE
1870,624,challenge,SANDAL,MENS,Recycled Nylon,0.43,163.89,12.65,11,TRUE,2023-01-01,2024-01-01,FALSE
1871,624,culture,FORMAL,UNISEX,Chrome-free Leather,1.42,171.52,57.73,23,TRUE,2024-01-01,2024-12-31,FALSE
1872,624,forward,RUNNING,WOMENS,Recycled Nylon,1.31,244.88,57.16,17,FALSE,2024-12-31,9999-12-31,TRUE
1873,625,thousand,SANDAL,WOMENS,Algae Foam,1.57,63.73,48.67,37,FALSE,2023-01-01,2024-01-01,FALSE
1874,625,little,BOOT,WOMENS,Bio-EVA,1.12,203.65,9.66,86,FALSE,2024-01-01,2024-12-31,FALSE
1875,625,president,BOOT,WOMENS,Organic Cotton,1.26,123.59,13.78,34,TRUE,2024-12-31,9999-12-31,TRUE
1876,626,argue,SNEAKER,KIDS,Chrome-free Leather,1.11,133.35,81.12,33,FALSE,2023-01-01,2024-01-01,FALSE
1877,626,tree,RUNNING,KIDS,Organic Cotton,1.06,182.01,37.28,5,TRUE,2024-01-01,2024-12-31,FALSE
1878,626,her,SANDAL,WOMENS,Recycled Nylon,0.57,216.36,36.72,0,FALSE,2024-12-31,9999-12-31,TRUE
1879,627,act,SNEAKER,UNISEX,Recycled PET,0.88,233.32,89.85,52,TRUE,2023-01-01,2024-01-01,FALSE
1880,627,memory,SNEAKER,WOMENS,TENCEL Lyocell,0.73,220.55,99.19,64,TRUE,2024-01-01,2024-12-31,FALSE
1881,627,century,BOOT,WOMENS,Hemp Canvas,1.35,40.06,8.9,66,FALSE,2024-12-31,9999-12-31,TRUE
1882,628,day,FORMAL,MENS,Organic Cotton,0.71,134.05,9.01,53,TRUE,2023-01-01,2024-01-01,FALSE
1883,628,teacher,FORMAL,MENS,Apple Leather,1.33,40.31,6.59,100,TRUE,2024-01-01,2024-12-31,FALSE
1884,628,if,BOOT,MENS,Apple Leather,0.51,159.62,97.47,78,TRUE,2024-12-31,9999-12-31,TRUE
1885,629,or,RUNNING,UNISEX,Apple Leather,1.19,105.15,42.74,95,FALSE,2023-01-01,2024-01-01,FALSE
1886,629,mouth,SANDAL,WOMENS,TENCEL Lyocell,1.35,50.18,56.95,25,TRUE,2024-01-01,2024-12-31,FALSE
1887,629,read,RUNNING,UNISEX,Recycled Rubber,1.22,39.97,48.39,89,FALSE,2024-12-31,9999-12-31,TRUE
1888,630,miss,BOOT,UNISEX,Algae Foam,0.77,188.39,69.91,29,FALSE,2023-01-01,2024-01-01,FALSE
1889,630,issue,SNEAKER,MENS,Cork,1.11,159.35,86.52,52,TRUE,2024-01-01,2024-12-31,FALSE
1890,630,reveal,BOOT,WOMENS,Cork,0.54,214.63,8.81,79,FALSE,2024-12-31,9999-12-31,TRUE
1891,631,million,RUNNING,WOMENS,Cork,1.37,209.3,8.26,98,FALSE,2023-01-01,2024-01-01,FALSE
1892,631,just,SNEAKER,WOMENS,Recycled PET,0.82,156.91,61.08,28,FALSE,2024-01-01,2024-12-31,FALSE
1893,631,see,SNEAKER,UNISEX,Natural Rubber,1.46,205.04,35.99,32,FALSE,2024-12-31,9999-12-31,TRUE
1894,632,though,FORMAL,WOMENS,Recycled Nylon,0.58,150.29,40.56,34,FALSE,2023-01-01,2024-01-01,FALSE
1895,632,life,RUNNING,UNISEX,Cork,1.11,85.0,71.77,32,FALSE,2024-01-01,2024-12-31,FALSE
1896,632,middle,FORMAL,MENS,Algae Foam,1.56,105.76,22.79,80,FALSE,2024-12-31,9999-12-31,TRUE
1897,633,computer,SNEAKER,KIDS,Algae Foam,0.8,50.15,81.63,35,FALSE,2023-01-01,2024-01-01,FALSE
1898,633,beautiful,RUNNING,MENS,Chrome-free Leather,0.5,240.79,15.95,72,TRUE,2024-01-01,2024-12-31,FALSE
1899,633,other,SANDAL,MENS,Algae Foam,0.8,199.79,10.71,63,FALSE,2024-12-31,9999-12-31,TRUE
1900,634,allow,RUNNING,WOMENS,Apple Leather,0.52,88.05,95.1,12,TRUE,2023-01-01,2024-01-01,FALSE
1901,634,stuff,RUNNING,MENS,Recycled Rubber,1.22,68.89,80.54,90,FALSE,2024-01-01,2024-12-31,FALSE
1902,634,sort,BOOT,WOMENS,Hemp Canvas,0.6,44.0,71.71,47,FALSE,2024-12-31,9999-12-31,TRUE
1903,635,discussion,RUNNING,KIDS,Bio-EVA,1.53,182.34,99.82,10,FALSE,2023-01-01,2024-01-01,FALSE
1904,635,final,SNEAKER,UNISEX,TENCEL Lyocell,1.48,114.04,96.2,1,TRUE,2024-01-01,2024-12-31,FALSE
1905,635,alone,RUNNING,UNISEX,Apple Leather,0.49,62.31,21.46,92,FALSE,2024-12-31,9999-12-31,TRUE
1906,636,face,FORMAL,WOMENS,TENCEL Lyocell,1.22,162.52,44.02,79,TRUE,2023-01-01,2024-01-01,FALSE
1907,636,down,RUNNING,WOMENS,Recycled Nylon,0.52,132.02,19.13,16,TRUE,2024-01-01,2024-12-31,FALSE
1908,636,note,BOOT,KIDS,Hemp Canvas,1.11,115.89,2.81,29,FALSE,2024-12-31,9999-12-31,TRUE
1909,637,fight,SANDAL,WOMENS,Apple Leather,0.75,181.28,21.62,38,FALSE,2023-01-01,2024-01-01,FALSE
1910,637,concern,SNEAKER,MENS,Algae Foam,0.4,112.12,93.77,27,TRUE,2024-01-01,2024-12-31,FALSE
1911,637,statement,RUNNING,MENS,TENCEL Lyocell,0.48,152.98,62.69,12,FALSE,2024-12-31,9999-12-31,TRUE
1912,638,lot,SLIPPER,WOMENS,Recycled Rubber,1.47,240.57,35.92,97,FALSE,2023-01-01,2024-01-01,FALSE
1913,638,others,FORMAL,MENS,Chrome-free Leather,0.45,120.46,3.33,52,FALSE,2024-01-01,2024-12-31,FALSE
1914,638,situation,BOOT,MENS,Recycled Rubber,0.88,128.98,91.4,70,TRUE,2024-12-31,9999-12-31,TRUE
1915,639,spring,RUNNING,MENS,Cork,0.45,185.04,24.16,61,FALSE,2023-01-01,2024-01-01,FALSE
1916,639,space,BOOT,WOMENS,Recycled Nylon,0.66,79.71,84.83,39,FALSE,2024-01-01,2024-12-31,FALSE
1917,639,mission,SLIPPER,MENS,Natural Rubber,0.4,142.06,37.7,20,TRUE,2024-12-31,9999-12-31,TRUE
1918,640,often,SNEAKER,WOMENS,Chrome-free Leather,0.41,142.58,98.54,40,TRUE,2023-01-01,2024-01-01,FALSE
1919,640,much,FORMAL,WOMENS,Organic Cotton,1.04,77.59,6.11,23,FALSE,2024-01-01,2024-12-31,FALSE
1920,640,budget,BOOT,UNISEX,Natural Rubber,0.67,108.52,9.52,1,FALSE,2024-12-31,9999-12-31,TRUE
1921,641,page,SNEAKER,WOMENS,Recycled Nylon,0.91,181.12,35.62,0,FALSE,2023-01-01,2024-01-01,FALSE
1922,641,build,SLIPPER,MENS,Chrome-free Leather,0.7,41.93,88.64,14,TRUE,2024-01-01,2024-12-31,FALSE
1923,641,executive,RUNNING,WOMENS,Organic Cotton,1.51,98.13,67.83,58,TRUE,2024-12-31,9999-12-31,TRUE
1924,642,stage,FORMAL,MENS,TENCEL Lyocell,1.05,106.89,56.56,23,TRUE,2023-01-01,2024-01-01,FALSE
1925,642,of,BOOT,MENS,Cork,0.6,48.75,95.33,30,TRUE,2024-01-01,2024-12-31,FALSE
1926,642,than,SANDAL,WOMENS,Recycled PET,1.23,135.09,35.37,23,TRUE,2024-12-31,9999-12-31,TRUE
1927,643,hit,RUNNING,MENS,Recycled PET,1.12,39.23,44.49,11,FALSE,2023-01-01,2024-01-01,FALSE
1928,643,occur,SANDAL,WOMENS,TENCEL Lyocell,0.41,78.7,70.04,21,TRUE,2024-01-01,2024-12-31,FALSE
1929,643,test,SANDAL,MENS,Natural Rubber,0.82,230.18,78.57,66,FALSE,2024-12-31,9999-12-31,TRUE
1930,644,something,RUNNING,WOMENS,Chrome-free Leather,0.51,61.35,11.21,55,TRUE,2023-01-01,2024-01-01,FALSE
1931,644,analysis,RUNNING,MENS,Recycled PET,1.11,104.72,74.96,88,FALSE,2024-01-01,2024-12-31,FALSE
1932,644,soon,SNEAKER,MENS,Chrome-free Leather,1.02,187.85,75.04,98,TRUE,2024-12-31,9999-12-31,TRUE
1933,645,serve,SNEAKER,MENS,TENCEL Lyocell,1.12,84.35,54.75,48,FALSE,2023-01-01,2024-01-01,FALSE
1934,645,let,SNEAKER,UNISEX,Cork,0.61,145.9,33.17,39,FALSE,2024-01-01,2024-12-31,FALSE
1935,645,office,BOOT,KIDS,Organic Cotton,1.27,139.12,0.12,22,FALSE,2024-12-31,9999-12-31,TRUE
1936,646,discover,BOOT,MENS,Recycled Rubber,1.41,87.01,66.25,19,TRUE,2023-01-01,2024-01-01,FALSE
1937,646,large,SNEAKER,WOMENS,Apple Leather,1.19,192.54,92.46,67,FALSE,2024-01-01,2024-12-31,FALSE
1938,646,blue,SNEAKER,KIDS,Apple Leather,1.09,188.21,70.11,86,TRUE,2024-12-31,9999-12-31,TRUE
1939,647,simply,BOOT,WOMENS,Recycled PET,0.65,49.65,93.71,89,TRUE,2023-01-01,2024-01-01,FALSE
1940,647,themselves,FORMAL,WOMENS,Cork,0.83,234.38,69.55,13,TRUE,2024-01-01,2024-12-31,FALSE
1941,647,ready,SANDAL,WOMENS,TENCEL Lyocell,0.56,58.64,33.55,6,TRUE,2024-12-31,9999-12-31,TRUE
1942,648,society,RUNNING,WOMENS,Apple Leather,0.47,189.2,59.49,56,TRUE,2023-01-01,2024-01-01,FALSE
1943,648,end,RUNNING,UNISEX,Organic Cotton,1.04,66.72,7.1,2,FALSE,2024-01-01,2024-12-31,FALSE
1944,648,finish,SLIPPER,WOMENS,Hemp Canvas,1.38,244.44,7.4,38,TRUE,2024-12-31,9999-12-31,TRUE
1945,649,two,BOOT,UNISEX,Organic Cotton,1.3,150.49,11.93,100,TRUE,2023-01-01,2024-01-01,FALSE
1946,649,alone,SNEAKER,KIDS,Algae Foam,0.73,169.22,39.19,19,FALSE,2024-01-01,2024-12-31,FALSE
1947,649,listen,SANDAL,WOMENS,Organic Cotton,0.98,144.23,36.69,71,FALSE,2024-12-31,9999-12-31,TRUE
1948,650,everyone,SLIPPER,MENS,Apple Leather,0.87,239.35,87.7,5,TRUE,2023-01-01,2024-01-01,FALSE
1949,650,happen,SANDAL,KIDS,Organic Cotton,1.01,121.68,36.17,38,FALSE,2024-01-01,2024-12-31,FALSE
1950,650,training,SANDAL,UNISEX,Bio-EVA,0.44,241.72,39.15,25,FALSE,2024-12-31,9999-12-31,TRUE
1951,651,technology,BOOT,WOMENS,Natural Rubber,0.9,40.79,64.72,48,TRUE,2023-01-01,2024-01-01,FALSE
1952,651,begin,SNEAKER,UNISEX,Chrome-free Leather,0.92,214.14,8.85,18,TRUE,2024-01-01,2024-12-31,FALSE
1953,651,leg,SANDAL,MENS,Apple Leather,1.29,236.58,55.48,41,TRUE,2024-12-31,9999-12-31,TRUE
1954,652,tree,SNEAKER,MENS,Recycled Nylon,1.16,239.54,53.38,63,FALSE,2023-01-01,2024-01-01,FALSE
1955,652,buy,BOOT,MENS,Organic Cotton,1.15,124.59,63.95,92,TRUE,2024-01-01,2024-12-31,FALSE
1956,652,stand,SANDAL,WOMENS,Recycled Rubber,1.22,94.37,20.1,43,FALSE,2024-12-31,9999-12-31,TRUE
1957,653,task,FORMAL,MENS,Apple Leather,0.74,135.8,95.8,46,FALSE,2023-01-01,2024-01-01,FALSE
1958,653,economic,RUNNING,WOMENS,Natural Rubber,1.54,238.37,3.47,88,TRUE,2024-01-01,2024-12-31,FALSE
1959,653,determine,SNEAKER,UNISEX,Recycled Nylon,1.03,124.19,37.39,92,TRUE,2024-12-31,9999-12-31,TRUE
1960,654,talk,FORMAL,UNISEX,Chrome-free Leather,1.23,180.78,49.94,58,TRUE,2023-01-01,2024-01-01,FALSE
1961,654,sing,SANDAL,MENS,Apple Leather,1.27,236.98,91.62,42,FALSE,2024-01-01,2024-12-31,FALSE
1962,654,per,RUNNING,WOMENS,Chrome-free Leather,0.97,219.02,39.3,93,FALSE,2024-12-31,9999-12-31,TRUE
1963,655,risk,RUNNING,KIDS,Recycled PET,0.65,97.88,7.91,43,TRUE,2023-01-01,2024-01-01,FALSE
1964,655,have,SNEAKER,MENS,Recycled PET,0.8,215.14,61.83,39,FALSE,2024-01-01,2024-12-31,FALSE
1965,655,traditional,SANDAL,WOMENS,Chrome-free Leather,0.57,204.17,37.12,48,TRUE,2024-12-31,9999-12-31,TRUE
1966,656,see,SANDAL,WOMENS,Recycled Nylon,0.69,134.17,98.08,17,TRUE,2023-01-01,2024-01-01,FALSE
1967,656,poor,SANDAL,MENS,Organic Cotton,0.62,64.73,81.36,6,FALSE,2024-01-01,2024-12-31,FALSE
1968,656,project,SLIPPER,MENS,Recycled Rubber,0.7,227.42,94.1,14,TRUE,2024-12-31,9999-12-31,TRUE
1969,657,later,RUNNING,WOMENS,Hemp Canvas,0.47,157.98,22.0,98,TRUE,2023-01-01,2024-01-01,FALSE
1970,657,company,SNEAKER,UNISEX,Recycled Nylon,0.44,174.58,73.09,63,FALSE,2024-01-01,2024-12-31,FALSE
1971,657,power,SANDAL,KIDS,Organic Cotton,0.54,116.36,54.9,11,FALSE,2024-12-31,9999-12-31,TRUE
1972,658,chair,BOOT,WOMENS,Natural Rubber,1.38,177.17,73.91,22,TRUE,2023-01-01,2024-01-01,FALSE
1973,658,still,FORMAL,UNISEX,Bio-EVA,1.41,175.6,67.87,6,TRUE,2024-01-01,2024-12-31,FALSE
1974,658,design,SNEAKER,KIDS,Recycled Nylon,1.52,181.11,69.15,52,FALSE,2024-12-31,9999-12-31,TRUE
1975,659,teach,FORMAL,UNISEX,Natural Rubber,0.93,134.12,57.73,51,FALSE,2023-01-01,2024-01-01,FALSE
1976,659,design,RUNNING,WOMENS,Recycled PET,0.73,52.01,82.74,97,FALSE,2024-01-01,2024-12-31,FALSE
1977,659,support,RUNNING,WOMENS,Cork,1.04,44.16,93.61,41,FALSE,2024-12-31,9999-12-31,TRUE
1978,660,artist,BOOT,WOMENS,Recycled PET,0.58,218.83,17.82,16,TRUE,2023-01-01,2024-01-01,FALSE
1979,660,over,SNEAKER,MENS,Recycled Nylon,0.63,128.34,60.42,29,FALSE,2024-01-01,2024-12-31,FALSE
1980,660,have,BOOT,WOMENS,Apple Leather,1.32,150.11,62.75,11,TRUE,2024-12-31,9999-12-31,TRUE
1981,661,no,SNEAKER,WOMENS,Organic Cotton,0.85,111.63,70.92,66,FALSE,2023-01-01,2024-01-01,FALSE
1982,661,fast,SNEAKER,MENS,Recycled Rubber,0.62,191.51,85.59,100,TRUE,2024-01-01,2024-12-31,FALSE
1983,661,picture,SNEAKER,MENS,Recycled Rubber,1.39,219.56,68.29,30,TRUE,2024-12-31,9999-12-31,TRUE
1984,662,nothing,SNEAKER,MENS,TENCEL Lyocell,0.67,168.35,89.36,77,FALSE,2023-01-01,2024-01-01,FALSE
1985,662,concern,SNEAKER,WOMENS,Cork,1.23,226.82,83.16,100,TRUE,2024-01-01,2024-12-31,FALSE
1986,662,game,SNEAKER,MENS,Organic Cotton,0.82,46.3,39.71,6,FALSE,2024-12-31,9999-12-31,TRUE
1987,663,score,RUNNING,MENS,Chrome-free Leather,1.0,240.52,76.45,20,FALSE,2023-01-01,2024-01-01,FALSE
1988,663,final,SNEAKER,WOMENS,Recycled PET,0.55,122.25,35.42,70,TRUE,2024-01-01,2024-12-31,FALSE
1989,663,figure,SLIPPER,MENS,Recycled Rubber,0.62,57.82,85.9,85,FALSE,2024-12-31,9999-12-31,TRUE
1990,664,page,BOOT,KIDS,TENCEL Lyocell,1.04,93.24,40.25,25,TRUE,2023-01-01,2024-01-01,FALSE
1991,664,example,SANDAL,WOMENS,Natural Rubber,1.56,84.51,69.09,19,TRUE,2024-01-01,2024-12-31,FALSE
1992,664,toward,SNEAKER,MENS,Recycled PET,0.53,166.56,25.38,19,TRUE,2024-12-31,9999-12-31,TRUE
1993,665,my,SLIPPER,UNISEX,Algae Foam,1.26,178.65,68.53,23,TRUE,2023-01-01,2024-01-01,FALSE
1994,665,we,SLIPPER,MENS,Chrome-free Leather,1.39,168.77,99.31,27,TRUE,2024-01-01,2024-12-31,FALSE
1995,665,respond,SNEAKER,MENS,TENCEL Lyocell,1.16,190.63,86.45,31,TRUE,2024-12-31,9999-12-31,TRUE
1996,666,teacher,BOOT,MENS,Bio-EVA,1.22,142.27,10.45,30,TRUE,2023-01-01,2024-01-01,FALSE
1997,666,beyond,BOOT,WOMENS,Algae Foam,0.77,64.63,56.17,19,TRUE,2024-01-01,2024-12-31,FALSE
1998,666,central,BOOT,WOMENS,Chrome-free Leather,0.88,51.04,78.45,84,TRUE,2024-12-31,9999-12-31,TRUE
1999,667,social,BOOT,MENS,Recycled Rubber,0.86,104.9,27.68,60,TRUE,2023-01-01,2024-01-01,FALSE
2000,667,stock,RUNNING,MENS,TENCEL Lyocell,1.52,177.53,36.83,54,FALSE,2024-01-01,2024-12-31,FALSE
2001,667,its,SNEAKER,WOMENS,TENCEL Lyocell,1.21,108.29,27.16,72,FALSE,2024-12-31,9999-12-31,TRUE
2002,668,why,SNEAKER,MENS,Recycled Rubber,0.65,106.42,54.71,45,FALSE,2023-01-01,2024-01-01,FALSE
2003,668,artist,SNEAKER,UNISEX,TENCEL Lyocell,0.42,74.43,97.64,85,TRUE,2024-01-01,2024-12-31,FALSE
2004,668,factor,BOOT,MENS,Organic Cotton,1.27,57.86,30.75,25,FALSE,2024-12-31,9999-12-31,TRUE
2005,669,trial,SANDAL,MENS,Apple Leather,0.88,150.72,64.73,51,TRUE,2023-01-01,2024-01-01,FALSE
2006,669,reality,SLIPPER,MENS,Recycled PET,0.91,226.57,23.13,77,FALSE,2024-01-01,2024-12-31,FALSE
2007,669,card,SNEAKER,MENS,Chrome-free Leather,1.32,135.68,33.91,73,FALSE,2024-12-31,9999-12-31,TRUE
2008,670,science,RUNNING,MENS,Algae Foam,0.82,215.54,93.6,80,FALSE,2023-01-01,2024-01-01,FALSE
2009,670,tree,FORMAL,MENS,Bio-EVA,0.54,58.26,77.0,42,TRUE,2024-01-01,2024-12-31,FALSE
2010,670,cause,SNEAKER,MENS,Hemp Canvas,1.09,109.32,23.32,18,TRUE,2024-12-31,9999-12-31,TRUE
2011,671,enjoy,SNEAKER,WOMENS,Recycled Nylon,1.33,141.12,37.81,36,FALSE,2023-01-01,2024-01-01,FALSE
2012,671,child,RUNNING,KIDS,Cork,1.25,39.25,42.09,71,TRUE,2024-01-01,2024-12-31,FALSE
2013,671,seek,RUNNING,MENS,TENCEL Lyocell,1.0,101.53,44.78,57,FALSE,2024-12-31,9999-12-31,TRUE
2014,672,fund,FORMAL,WOMENS,TENCEL Lyocell,0.86,111.99,69.06,4,TRUE,2023-01-01,2024-01-01,FALSE
2015,672,them,RUNNING,WOMENS,Natural Rubber,0.78,85.32,19.92,75,FALSE,2024-01-01,2024-12-31,FALSE
2016,672,end,SLIPPER,MENS,Recycled Rubber,1.56,131.69,10.99,81,FALSE,2024-12-31,9999-12-31,TRUE
2017,673,sort,RUNNING,MENS,Chrome-free Leather,0.79,49.4,37.1,59,FALSE,2023-01-01,2024-01-01,FALSE
2018,673,threat,SNEAKER,WOMENS,Organic Cotton,0.59,125.84,20.64,38,TRUE,2024-01-01,2024-12-31,FALSE
2019,673,require,SNEAKER,WOMENS,Bio-EVA,1.03,217.49,84.05,97,TRUE,2024-12-31,9999-12-31,TRUE
2020,674,increase,RUNNING,KIDS,Chrome-free Leather,0.92,101.69,33.04,33,FALSE,2023-01-01,2024-01-01,FALSE
2021,674,might,FORMAL,WOMENS,Natural Rubber,1.25,203.97,79.17,39,FALSE,2024-01-01,2024-12-31,FALSE
2022,674,change,RUNNING,KIDS,Recycled Rubber,1.3,89.92,70.57,33,TRUE,2024-12-31,9999-12-31,TRUE
2023,675,participant,RUNNING,WOMENS,Recycled Nylon,1.45,94.4,52.58,86,FALSE,2023-01-01,2024-01-01,FALSE
2024,675,project,BOOT,WOMENS,Natural Rubber,1.11,144.11,12.83,92,TRUE,2024-01-01,2024-12-31,FALSE
2025,675,exist,FORMAL,KIDS,Hemp Canvas,1.04,200.81,52.24,34,TRUE,2024-12-31,9999-12-31,TRUE
2026,676,product,SNEAKER,KIDS,Apple Leather,1.31,132.56,6.12,22,TRUE,2023-01-01,2024-01-01,FALSE
2027,676,join,RUNNING,WOMENS,Bio-EVA,1.48,147.9,19.27,80,FALSE,2024-01-01,2024-12-31,FALSE
2028,676,how,RUNNING,WOMENS,TENCEL Lyocell,0.56,202.33,3.73,1,TRUE,2024-12-31,9999-12-31,TRUE
2029,677,live,SNEAKER,MENS,Bio-EVA,1.51,70.16,61.09,72,TRUE,2023-01-01,2024-01-01,FALSE
2030,677,bag,SNEAKER,UNISEX,Recycled Nylon,0.53,202.54,20.4,59,TRUE,2024-01-01,2024-12-31,FALSE
2031,677,property,RUNNING,WOMENS,Hemp Canvas,0.87,108.46,33.74,86,FALSE,2024-12-31,9999-12-31,TRUE
2032,678,study,SLIPPER,MENS,Cork,1.37,232.77,60.95,8,TRUE,2023-01-01,2024-01-01,FALSE
2033,678,up,RUNNING,WOMENS,Bio-EVA,0.79,120.46,8.46,28,FALSE,2024-01-01,2024-12-31,FALSE
2034,678,specific,BOOT,WOMENS,Natural Rubber,1.47,79.0,40.74,85,FALSE,2024-12-31,9999-12-31,TRUE
2035,679,better,SNEAKER,WOMENS,Bio-EVA,0.75,94.68,20.79,13,TRUE,2023-01-01,2024-01-01,FALSE
2036,679,interesting,SNEAKER,MENS,Algae Foam,1.01,184.56,80.1,50,FALSE,2024-01-01,2024-12-31,FALSE
2037,679,myself,RUNNING,WOMENS,Algae Foam,1.48,238.4,31.38,90,FALSE,2024-12-31,9999-12-31,TRUE
2038,680,so,BOOT,WOMENS,TENCEL Lyocell,1.55,71.13,80.47,11,FALSE,2023-01-01,2024-01-01,FALSE
2039,680,fall,SLIPPER,MENS,Bio-EVA,0.96,78.55,3.75,26,FALSE,2024-01-01,2024-12-31,FALSE
2040,680,run,SNEAKER,WOMENS,TENCEL Lyocell,1.4,237.92,16.34,71,FALSE,2024-12-31,9999-12-31,TRUE
2041,681,would,SNEAKER,MENS,Natural Rubber,1.3,192.26,75.39,97,TRUE,2023-01-01,2024-01-01,FALSE
2042,681,understand,SNEAKER,MENS,Organic Cotton,1.35,40.96,1.62,42,TRUE,2024-01-01,2024-12-31,FALSE
2043,681,home,SLIPPER,WOMENS,Recycled Nylon,0.68,85.09,25.36,59,TRUE,2024-12-31,9999-12-31,TRUE
2044,682,look,SANDAL,WOMENS,Recycled Nylon,1.34,115.69,81.58,56,FALSE,2023-01-01,2024-01-01,FALSE
2045,682,method,SNEAKER,MENS,Recycled Rubber,1.3,105.19,89.86,7,TRUE,2024-01-01,2024-12-31,FALSE
2046,682,generation,BOOT,WOMENS,Recycled PET,1.48,230.15,73.47,71,FALSE,2024-12-31,9999-12-31,TRUE
2047,683,party,SANDAL,WOMENS,Recycled PET,0.73,231.76,79.24,5,TRUE,2023-01-01,2024-01-01,FALSE
2048,683,able,SNEAKER,WOMENS,Apple Leather,1.1,194.69,99.94,98,TRUE,2024-01-01,2024-12-31,FALSE
2049,683,trouble,RUNNING,WOMENS,Organic Cotton,1.36,100.46,88.11,7,TRUE,2024-12-31,9999-12-31,TRUE
2050,684,staff,FORMAL,MENS,TENCEL Lyocell,1.19,153.76,72.96,13,FALSE,2023-01-01,2024-01-01,FALSE
2051,684,throw,RUNNING,MENS,Cork,1.39,125.92,62.23,76,FALSE,2024-01-01,2024-12-31,FALSE
2052,684,significant,SNEAKER,WOMENS,Chrome-free Leather,1.17,86.75,87.24,56,TRUE,2024-12-31,9999-12-31,TRUE
2053,685,better,BOOT,MENS,Chrome-free Leather,1.45,52.46,15.56,76,TRUE,2023-01-01,2024-01-01,FALSE
2054,685,side,SLIPPER,UNISEX,Chrome-free Leather,0.87,151.09,71.26,64,FALSE,2024-01-01,2024-12-31,FALSE
2055,685,low,SNEAKER,WOMENS,Natural Rubber,0.63,159.41,94.05,23,TRUE,2024-12-31,9999-12-31,TRUE
2056,686,prove,SNEAKER,KIDS,Organic Cotton,0.95,146.84,23.57,44,FALSE,2023-01-01,2024-01-01,FALSE
2057,686,red,BOOT,UNISEX,Hemp Canvas,0.46,231.43,97.6,9,TRUE,2024-01-01,2024-12-31,FALSE
2058,686,save,SNEAKER,UNISEX,Bio-EVA,0.44,171.15,22.55,19,TRUE,2024-12-31,9999-12-31,TRUE
2059,687,help,BOOT,MENS,Bio-EVA,0.83,164.62,73.52,97,TRUE,2023-01-01,2024-01-01,FALSE
2060,687,to,SNEAKER,WOMENS,Recycled Nylon,1.53,196.17,24.98,71,TRUE,2024-01-01,2024-12-31,FALSE
2061,687,at,SNEAKER,WOMENS,Bio-EVA,0.57,117.89,37.69,41,FALSE,2024-12-31,9999-12-31,TRUE
2062,688,stuff,SNEAKER,UNISEX,Chrome-free Leather,1.55,229.84,74.0,0,FALSE,2023-01-01,2024-01-01,FALSE
2063,688,nor,SANDAL,WOMENS,Bio-EVA,0.76,223.21,83.35,39,FALSE,2024-01-01,2024-12-31,FALSE
2064,688,information,RUNNING,MENS,Algae Foam,0.8,95.9,2.08,21,TRUE,2024-12-31,9999-12-31,TRUE
2065,689,discover,RUNNING,MENS,TENCEL Lyocell,1.22,53.99,76.61,40,TRUE,2023-01-01,2024-01-01,FALSE
2066,689,laugh,BOOT,MENS,Recycled Rubber,1.48,122.42,63.47,26,TRUE,2024-01-01,2024-12-31,FALSE
2067,689,thank,FORMAL,UNISEX,Chrome-free Leather,0.72,133.99,49.8,40,FALSE,2024-12-31,9999-12-31,TRUE
2068,690,development,SNEAKER,WOMENS,Organic Cotton,0.9,225.02,34.93,10,TRUE,2023-01-01,2024-01-01,FALSE
2069,690,miss,BOOT,WOMENS,Chrome-free Leather,1.27,72.11,59.25,14,TRUE,2024-01-01,2024-12-31,FALSE
2070,690,executive,FORMAL,KIDS,TENCEL Lyocell,0.66,70.84,31.77,96,FALSE,2024-12-31,9999-12-31,TRUE
2071,691,future,BOOT,WOMENS,Natural Rubber,1.2,209.6,64.58,22,FALSE,2023-01-01,2024-01-01,FALSE
2072,691,them,SANDAL,MENS,Apple Leather,0.45,118.17,33.52,33,FALSE,2024-01-01,2024-12-31,FALSE
2073,691,federal,SNEAKER,MENS,Chrome-free Leather,0.63,191.01,22.3,68,FALSE,2024-12-31,9999-12-31,TRUE
2074,692,green,SNEAKER,WOMENS,Algae Foam,1.42,186.92,15.7,82,TRUE,2023-01-01,2024-01-01,FALSE
2075,692,officer,FORMAL,WOMENS,TENCEL Lyocell,1.34,117.14,29.61,84,FALSE,2024-01-01,2024-12-31,FALSE
2076,692,participant,SNEAKER,MENS,Organic Cotton,0.92,126.6,49.95,51,TRUE,2024-12-31,9999-12-31,TRUE
2077,693,case,SNEAKER,UNISEX,Organic Cotton,0.79,155.82,5.85,39,FALSE,2023-01-01,2024-01-01,FALSE
2078,693,others,SANDAL,UNISEX,Hemp Canvas,0.45,120.54,57.0,64,FALSE,2024-01-01,2024-12-31,FALSE
2079,693,together,RUNNING,MENS,Cork,1.4,148.36,77.59,49,FALSE,2024-12-31,9999-12-31,TRUE
2080,694,memory,SNEAKER,UNISEX,Hemp Canvas,1.33,63.94,43.53,16,TRUE,2023-01-01,2024-01-01,FALSE
2081,694,story,BOOT,WOMENS,Organic Cotton,1.52,208.82,17.9,24,TRUE,2024-01-01,2024-12-31,FALSE
2082,694,gun,RUNNING,WOMENS,Bio-EVA,1.13,150.7,79.58,14,TRUE,2024-12-31,9999-12-31,TRUE
2083,695,wall,RUNNING,MENS,Recycled Nylon,1.33,186.0,11.19,60,FALSE,2023-01-01,2024-01-01,FALSE
2084,695,rest,RUNNING,UNISEX,Chrome-free Leather,1.13,244.12,27.77,88,FALSE,2024-01-01,2024-12-31,FALSE
2085,695,sound,BOOT,MENS,Natural Rubber,1.28,43.18,21.93,55,TRUE,2024-12-31,9999-12-31,TRUE
2086,696,anything,SNEAKER,MENS,Natural Rubber,0.4,40.13,93.62,95,TRUE,2023-01-01,2024-01-01,FALSE
2087,696,any,RUNNING,MENS,Natural Rubber,0.52,106.57,4.64,22,TRUE,2024-01-01,2024-12-31,FALSE
2088,696,bit,FORMAL,UNISEX,Algae Foam,0.4,113.61,68.91,53,FALSE,2024-12-31,9999-12-31,TRUE
2089,697,produce,BOOT,MENS,Algae Foam,1.13,51.52,39.81,89,TRUE,2023-01-01,2024-01-01,FALSE
2090,697,step,SANDAL,UNISEX,Apple Leather,1.43,76.24,55.58,26,FALSE,2024-01-01,2024-12-31,FALSE
2091,697,think,RUNNING,UNISEX,Hemp Canvas,1.46,81.81,81.46,52,FALSE,2024-12-31,9999-12-31,TRUE
2092,698,machine,SNEAKER,WOMENS,Organic Cotton,1.16,152.89,81.13,98,TRUE,2023-01-01,2024-01-01,FALSE
2093,698,admit,RUNNING,WOMENS,Cork,0.77,202.16,0.08,9,TRUE,2024-01-01,2024-12-31,FALSE
2094,698,capital,BOOT,UNISEX,Natural Rubber,0.67,166.84,9.91,69,FALSE,2024-12-31,9999-12-31,TRUE
2095,699,woman,SANDAL,WOMENS,Recycled Nylon,0.95,165.02,85.61,67,TRUE,2023-01-01,2024-01-01,FALSE
2096,699,toward,SANDAL,UNISEX,Apple Leather,0.42,239.06,48.23,49,TRUE,2024-01-01,2024-12-31,FALSE
2097,699,coach,SNEAKER,UNISEX,Hemp Canvas,1.39,74.08,63.48,68,FALSE,2024-12-31,9999-12-31,TRUE
2098,700,let,FORMAL,UNISEX,Natural Rubber,0.49,65.76,60.67,52,TRUE,2023-01-01,2024-01-01,FALSE
2099,700,loss,FORMAL,MENS,Chrome-free Leather,1.11,160.71,53.32,31,FALSE,2024-01-01,2024-12-31,FALSE
2100,700,a,SNEAKER,MENS,Natural Rubber,1.21,247.04,82.19,19,FALSE,2024-12-31,9999-12-31,TRUE
2101,701,later,RUNNING,MENS,TENCEL Lyocell,1.04,199.38,61.16,45,FALSE,2023-01-01,2024-01-01,FALSE
2102,701,degree,SNEAKER,WOMENS,Natural Rubber,1.14,163.57,89.11,20,TRUE,2024-01-01,2024-12-31,FALSE
2103,701,risk,SNEAKER,WOMENS,Cork,1.16,199.44,73.82,17,FALSE,2024-12-31,9999-12-31,TRUE
2104,702,where,BOOT,MENS,Recycled Rubber,0.57,168.64,42.31,38,TRUE,2023-01-01,2024-01-01,FALSE
2105,702,cause,RUNNING,MENS,Cork,1.07,155.18,59.53,39,FALSE,2024-01-01,2024-12-31,FALSE
2106,702,us,RUNNING,MENS,Hemp Canvas,1.42,98.69,27.58,65,TRUE,2024-12-31,9999-12-31,TRUE
2107,703,rate,BOOT,MENS,Bio-EVA,0.89,89.93,83.89,66,FALSE,2023-01-01,2024-01-01,FALSE
2108,703,five,RUNNING,MENS,Algae Foam,1.37,61.43,38.08,99,FALSE,2024-01-01,2024-12-31,FALSE
2109,703,cold,SNEAKER,WOMENS,Recycled PET,1.13,178.21,51.48,50,FALSE,2024-12-31,9999-12-31,TRUE
2110,704,two,RUNNING,WOMENS,Recycled Nylon,1.58,73.45,13.95,58,TRUE,2023-01-01,2024-01-01,FALSE
2111,704,worker,RUNNING,MENS,Recycled Nylon,0.42,153.32,27.06,32,TRUE,2024-01-01,2024-12-31,FALSE
2112,704,under,SNEAKER,WOMENS,Algae Foam,1.05,155.66,87.49,5,TRUE,2024-12-31,9999-12-31,TRUE
2113,705,eye,RUNNING,UNISEX,Algae Foam,1.14,193.75,26.19,95,FALSE,2023-01-01,2024-01-01,FALSE
2114,705,better,BOOT,MENS,Recycled Nylon,0.42,233.35,44.71,47,FALSE,2024-01-01,2024-12-31,FALSE
2115,705,real,SNEAKER,WOMENS,Hemp Canvas,1.26,198.55,40.33,75,FALSE,2024-12-31,9999-12-31,TRUE
2116,706,herself,SANDAL,WOMENS,Natural Rubber,1.49,238.57,38.74,12,FALSE,2023-01-01,2024-01-01,FALSE
2117,706,enough,SANDAL,WOMENS,Cork,1.05,216.38,99.05,55,TRUE,2024-01-01,2024-12-31,FALSE
2118,706,beautiful,SNEAKER,UNISEX,Recycled Nylon,1.49,176.26,53.08,20,TRUE,2024-12-31,9999-12-31,TRUE
2119,707,hot,BOOT,WOMENS,Organic Cotton,1.3,128.82,88.86,15,TRUE,2023-01-01,2024-01-01,FALSE
2120,707,red,SNEAKER,WOMENS,Apple Leather,0.7,165.31,93.81,50,TRUE,2024-01-01,2024-12-31,FALSE
2121,707,well,BOOT,KIDS,Algae Foam,1.51,210.89,37.42,38,FALSE,2024-12-31,9999-12-31,TRUE
2122,708,range,RUNNING,UNISEX,Organic Cotton,0.79,111.28,59.74,61,TRUE,2023-01-01,2024-01-01,FALSE
2123,708,company,FORMAL,UNISEX,Natural Rubber,1.43,65.23,0.79,30,TRUE,2024-01-01,2024-12-31,FALSE
2124,708,area,BOOT,MENS,Cork,0.44,143.77,48.04,49,TRUE,2024-12-31,9999-12-31,TRUE
2125,709,individual,SNEAKER,UNISEX,Chrome-free Leather,0.67,130.79,17.07,29,FALSE,2023-01-01,2024-01-01,FALSE
2126,709,process,RUNNING,MENS,Recycled PET,0.56,108.93,34.77,13,TRUE,2024-01-01,2024-12-31,FALSE
2127,709,focus,SANDAL,UNISEX,Recycled PET,1.29,121.82,65.84,11,FALSE,2024-12-31,9999-12-31,TRUE
2128,710,she,SNEAKER,MENS,Cork,1.51,173.42,63.33,59,TRUE,2023-01-01,2024-01-01,FALSE
2129,710,scene,RUNNING,WOMENS,Recycled Rubber,1.28,168.67,55.57,91,FALSE,2024-01-01,2024-12-31,FALSE
2130,710,someone,BOOT,WOMENS,Recycled Rubber,0.77,182.07,34.63,91,FALSE,2024-12-31,9999-12-31,TRUE
2131,711,east,SNEAKER,WOMENS,Algae Foam,0.99,168.14,44.86,7,TRUE,2023-01-01,2024-01-01,FALSE
2132,711,laugh,SNEAKER,UNISEX,Recycled PET,0.77,58.48,44.82,39,TRUE,2024-01-01,2024-12-31,FALSE
2133,711,reality,SNEAKER,MENS,Natural Rubber,1.33,101.49,87.38,93,FALSE,2024-12-31,9999-12-31,TRUE
2134,712,benefit,SANDAL,WOMENS,TENCEL Lyocell,0.95,113.85,30.03,73,TRUE,2023-01-01,2024-01-01,FALSE
2135,712,score,SNEAKER,UNISEX,Recycled Rubber,0.44,87.59,51.05,3,TRUE,2024-01-01,2024-12-31,FALSE
2136,712,beyond,SNEAKER,WOMENS,Recycled PET,1.35,183.56,23.96,82,FALSE,2024-12-31,9999-12-31,TRUE
2137,713,ability,BOOT,WOMENS,Apple Leather,1.02,145.27,88.96,71,TRUE,2023-01-01,2024-01-01,FALSE
2138,713,different,SANDAL,MENS,Cork,0.41,212.71,43.48,40,FALSE,2024-01-01,2024-12-31,FALSE
2139,713,me,RUNNING,WOMENS,Hemp Canvas,0.89,213.66,21.27,41,FALSE,2024-12-31,9999-12-31,TRUE
2140,714,bank,RUNNING,UNISEX,Algae Foam,0.52,157.55,10.74,54,FALSE,2023-01-01,2024-01-01,FALSE
2141,714,cause,SNEAKER,WOMENS,Chrome-free Leather,0.51,139.63,74.23,20,FALSE,2024-01-01,2024-12-31,FALSE
2142,714,personal,RUNNING,KIDS,Apple Leather,0.67,209.86,13.66,77,FALSE,2024-12-31,9999-12-31,TRUE
2143,715,draw,FORMAL,MENS,Cork,1.57,110.71,60.96,73,FALSE,2023-01-01,2024-01-01,FALSE
2144,715,natural,SNEAKER,WOMENS,Recycled PET,1.11,110.46,22.79,2,FALSE,2024-01-01,2024-12-31,FALSE
2145,715,response,SNEAKER,KIDS,Hemp Canvas,0.6,186.9,54.03,52,FALSE,2024-12-31,9999-12-31,TRUE
2146,716,light,SNEAKER,WOMENS,Recycled Rubber,0.87,193.59,51.46,66,TRUE,2023-01-01,2024-01-01,FALSE
2147,716,act,SANDAL,UNISEX,Hemp Canvas,1.27,161.4,43.8,71,FALSE,2024-01-01,2024-12-31,FALSE
2148,716,across,RUNNING,UNISEX,Cork,1.16,158.91,75.42,16,FALSE,2024-12-31,9999-12-31,TRUE
2149,717,safe,SANDAL,UNISEX,Recycled PET,0.57,131.63,58.38,93,FALSE,2023-01-01,2024-01-01,FALSE
2150,717,gun,BOOT,MENS,Recycled Rubber,0.49,67.91,52.88,24,FALSE,2024-01-01,2024-12-31,FALSE
2151,717,technology,FORMAL,MENS,Recycled PET,0.42,107.91,58.06,38,FALSE,2024-12-31,9999-12-31,TRUE
2152,718,camera,SNEAKER,WOMENS,Organic Cotton,0.72,233.45,42.55,97,FALSE,2023-01-01,2024-01-01,FALSE
2153,718,trade,RUNNING,MENS,Algae Foam,0.5,191.49,63.82,26,FALSE,2024-01-01,2024-12-31,FALSE
2154,718,knowledge,RUNNING,MENS,Algae Foam,1.33,160.41,60.98,62,FALSE,2024-12-31,9999-12-31,TRUE
2155,719,rule,SNEAKER,KIDS,Chrome-free Leather,0.41,211.42,73.79,79,FALSE,2023-01-01,2024-01-01,FALSE
2156,719,cause,FORMAL,UNISEX,Algae Foam,1.42,214.01,44.53,73,TRUE,2024-01-01,2024-12-31,FALSE
2157,719,mean,RUNNING,MENS,Cork,0.91,82.62,82.31,47,TRUE,2024-12-31,9999-12-31,TRUE
2158,720,avoid,SANDAL,WOMENS,Algae Foam,1.3,197.45,46.47,95,TRUE,2023-01-01,2024-01-01,FALSE
2159,720,drop,SANDAL,WOMENS,Organic Cotton,0.87,195.69,12.15,73,TRUE,2024-01-01,2024-12-31,FALSE
2160,720,identify,BOOT,WOMENS,Apple Leather,1.04,218.09,98.48,39,TRUE,2024-12-31,9999-12-31,TRUE
2161,721,behind,FORMAL,WOMENS,Natural Rubber,0.91,159.53,69.01,41,FALSE,2023-01-01,2024-01-01,FALSE
2162,721,side,SANDAL,UNISEX,Hemp Canvas,0.45,107.83,87.93,38,TRUE,2024-01-01,2024-12-31,FALSE
2163,721,sure,RUNNING,MENS,Recycled Nylon,1.52,205.97,53.09,26,TRUE,2024-12-31,9999-12-31,TRUE
2164,722,blue,RUNNING,KIDS,Recycled PET,1.23,146.03,59.96,72,TRUE,2023-01-01,2024-01-01,FALSE
2165,722,board,RUNNING,UNISEX,Recycled PET,0.41,109.11,32.18,96,FALSE,2024-01-01,2024-12-31,FALSE
2166,722,form,RUNNING,MENS,Apple Leather,0.94,90.73,65.07,49,FALSE,2024-12-31,9999-12-31,TRUE
2167,723,hold,SNEAKER,MENS,Natural Rubber,0.82,223.22,10.13,37,TRUE,2023-01-01,2024-01-01,FALSE
2168,723,upon,SLIPPER,MENS,Recycled Rubber,1.41,230.31,47.15,23,TRUE,2024-01-01,2024-12-31,FALSE
2169,723,firm,FORMAL,MENS,Cork,1.32,118.42,0.47,31,TRUE,2024-12-31,9999-12-31,TRUE
2170,724,certain,RUNNING,MENS,Bio-EVA,0.48,187.01,41.22,4,FALSE,2023-01-01,2024-01-01,FALSE
2171,724,idea,BOOT,MENS,Apple Leather,0.79,226.25,33.48,81,FALSE,2024-01-01,2024-12-31,FALSE
2172,724,staff,RUNNING,WOMENS,Apple Leather,1.56,46.87,66.93,69,TRUE,2024-12-31,9999-12-31,TRUE
2173,725,tax,RUNNING,WOMENS,Bio-EVA,0.98,82.79,13.43,65,FALSE,2023-01-01,2024-01-01,FALSE
2174,725,some,SNEAKER,WOMENS,Bio-EVA,0.54,197.55,22.99,40,FALSE,2024-01-01,2024-12-31,FALSE
2175,725,two,FORMAL,MENS,Algae Foam,0.45,143.01,26.01,96,FALSE,2024-12-31,9999-12-31,TRUE
2176,726,cell,BOOT,MENS,Apple Leather,1.5,158.63,17.31,68,FALSE,2023-01-01,2024-01-01,FALSE
2177,726,put,SNEAKER,MENS,Cork,0.72,106.18,96.09,14,FALSE,2024-01-01,2024-12-31,FALSE
2178,726,research,SNEAKER,UNISEX,Bio-EVA,1.3,134.27,84.59,15,TRUE,2024-12-31,9999-12-31,TRUE
2179,727,character,FORMAL,WOMENS,Apple Leather,1.37,240.57,98.51,100,TRUE,2023-01-01,2024-01-01,FALSE
2180,727,authority,RUNNING,UNISEX,Bio-EVA,1.27,213.09,20.31,26,FALSE,2024-01-01,2024-12-31,FALSE
2181,727,nice,SANDAL,UNISEX,Algae Foam,0.65,137.68,65.19,45,FALSE,2024-12-31,9999-12-31,TRUE
2182,728,order,SNEAKER,WOMENS,Chrome-free Leather,1.31,133.4,82.94,12,TRUE,2023-01-01,2024-01-01,FALSE
2183,728,across,SNEAKER,WOMENS,Recycled Nylon,1.53,112.31,51.27,81,FALSE,2024-01-01,2024-12-31,FALSE
2184,728,poor,SLIPPER,WOMENS,Organic Cotton,0.56,94.55,16.69,5,FALSE,2024-12-31,9999-12-31,TRUE
2185,729,rate,SNEAKER,UNISEX,Recycled Nylon,0.68,56.85,3.49,83,TRUE,2023-01-01,2024-01-01,FALSE
2186,729,community,RUNNING,WOMENS,TENCEL Lyocell,0.48,50.89,69.01,88,FALSE,2024-01-01,2024-12-31,FALSE
2187,729,less,SANDAL,WOMENS,Natural Rubber,0.72,248.54,24.02,70,FALSE,2024-12-31,9999-12-31,TRUE
2188,730,have,SNEAKER,MENS,Recycled Rubber,0.52,172.2,14.44,96,TRUE,2023-01-01,2024-01-01,FALSE
2189,730,seven,SLIPPER,WOMENS,Hemp Canvas,1.07,70.71,38.98,32,FALSE,2024-01-01,2024-12-31,FALSE
2190,730,different,BOOT,WOMENS,Natural Rubber,0.49,143.16,29.85,18,TRUE,2024-12-31,9999-12-31,TRUE
2191,731,production,SNEAKER,UNISEX,Hemp Canvas,1.21,75.2,9.97,68,FALSE,2023-01-01,2024-01-01,FALSE
2192,731,smile,SNEAKER,WOMENS,Chrome-free Leather,0.92,183.38,21.51,60,TRUE,2024-01-01,2024-12-31,FALSE
2193,731,civil,RUNNING,MENS,Recycled Rubber,0.47,234.29,77.9,4,FALSE,2024-12-31,9999-12-31,TRUE
2194,732,wide,SANDAL,WOMENS,Recycled Nylon,0.9,67.46,57.12,25,TRUE,2023-01-01,2024-01-01,FALSE
2195,732,its,RUNNING,WOMENS,Chrome-free Leather,0.97,104.73,5.99,63,TRUE,2024-01-01,2024-12-31,FALSE
2196,732,power,RUNNING,UNISEX,Apple Leather,0.43,135.89,61.53,11,TRUE,2024-12-31,9999-12-31,TRUE
2197,733,right,SANDAL,MENS,Natural Rubber,0.51,81.88,81.3,72,TRUE,2023-01-01,2024-01-01,FALSE
2198,733,level,RUNNING,UNISEX,Recycled Rubber,0.99,77.98,2.5,32,TRUE,2024-01-01,2024-12-31,FALSE
2199,733,trade,FORMAL,UNISEX,Hemp Canvas,1.35,248.75,11.1,21,FALSE,2024-12-31,9999-12-31,TRUE
2200,734,director,SLIPPER,WOMENS,Recycled Nylon,0.95,103.34,40.71,18,FALSE,2023-01-01,2024-01-01,FALSE
2201,734,before,SANDAL,WOMENS,TENCEL Lyocell,1.48,77.57,14.42,82,TRUE,2024-01-01,2024-12-31,FALSE
2202,734,watch,SNEAKER,WOMENS,Recycled Nylon,0.72,56.28,95.43,85,FALSE,2024-12-31,9999-12-31,TRUE
2203,735,black,BOOT,WOMENS,TENCEL Lyocell,1.36,138.64,18.03,78,TRUE,2023-01-01,2024-01-01,FALSE
2204,735,challenge,BOOT,MENS,Recycled Rubber,0.78,86.18,13.05,52,TRUE,2024-01-01,2024-12-31,FALSE
2205,735,soldier,RUNNING,UNISEX,Hemp Canvas,0.43,242.84,13.39,44,FALSE,2024-12-31,9999-12-31,TRUE
2206,736,candidate,RUNNING,MENS,Organic Cotton,0.44,61.21,57.5,14,TRUE,2023-01-01,2024-01-01,FALSE
2207,736,perform,FORMAL,MENS,Recycled Nylon,0.6,129.27,88.08,96,FALSE,2024-01-01,2024-12-31,FALSE
2208,736,show,SANDAL,UNISEX,Recycled Nylon,0.71,155.76,79.12,65,FALSE,2024-12-31,9999-12-31,TRUE
2209,737,if,SNEAKER,MENS,Apple Leather,1.49,144.04,26.92,58,TRUE,2023-01-01,2024-01-01,FALSE
2210,737,have,RUNNING,WOMENS,TENCEL Lyocell,1.07,57.6,56.46,73,TRUE,2024-01-01,2024-12-31,FALSE
2211,737,laugh,SNEAKER,UNISEX,Organic Cotton,0.92,48.16,40.37,94,FALSE,2024-12-31,9999-12-31,TRUE
2212,738,forward,RUNNING,UNISEX,Recycled Nylon,1.57,121.54,96.19,80,TRUE,2023-01-01,2024-01-01,FALSE
2213,738,strong,SNEAKER,WOMENS,Natural Rubber,1.05,146.07,27.04,5,FALSE,2024-01-01,2024-12-31,FALSE
2214,738,challenge,SNEAKER,MENS,Algae Foam,0.78,129.66,14.8,1,TRUE,2024-12-31,9999-12-31,TRUE
2215,739,end,SLIPPER,WOMENS,Hemp Canvas,1.22,194.93,86.62,45,FALSE,2023-01-01,2024-01-01,FALSE
2216,739,factor,SNEAKER,WOMENS,Natural Rubber,0.47,42.82,51.9,31,FALSE,2024-01-01,2024-12-31,FALSE
2217,739,quite,SANDAL,KIDS,Cork,1.11,167.56,0.34,66,FALSE,2024-12-31,9999-12-31,TRUE
2218,740,become,SANDAL,KIDS,Organic Cotton,0.54,206.65,2.31,11,TRUE,2023-01-01,2024-01-01,FALSE
2219,740,energy,SANDAL,MENS,TENCEL Lyocell,0.57,142.84,93.38,94,FALSE,2024-01-01,2024-12-31,FALSE
2220,740,on,BOOT,KIDS,Algae Foam,0.95,189.44,4.47,1,FALSE,2024-12-31,9999-12-31,TRUE
2221,741,plant,SANDAL,WOMENS,Apple Leather,1.54,236.99,86.66,70,TRUE,2023-01-01,2024-01-01,FALSE
2222,741,plan,SLIPPER,MENS,Recycled PET,0.43,164.31,84.12,75,FALSE,2024-01-01,2024-12-31,FALSE
2223,741,set,BOOT,WOMENS,Organic Cotton,0.52,214.36,95.31,10,FALSE,2024-12-31,9999-12-31,TRUE
2224,742,political,RUNNING,WOMENS,Organic Cotton,1.12,174.61,69.43,42,FALSE,2023-01-01,2024-01-01,FALSE
2225,742,feel,SANDAL,KIDS,Bio-EVA,1.57,78.71,25.98,85,TRUE,2024-01-01,2024-12-31,FALSE
2226,742,start,RUNNING,WOMENS,Natural Rubber,0.9,45.29,32.17,73,FALSE,2024-12-31,9999-12-31,TRUE
2227,743,yeah,SNEAKER,MENS,Hemp Canvas,1.44,129.71,14.83,6,TRUE,2023-01-01,2024-01-01,FALSE
2228,743,rock,BOOT,WOMENS,Recycled Rubber,0.42,68.25,77.0,11,FALSE,2024-01-01,2024-12-31,FALSE
2229,743,agreement,SNEAKER,WOMENS,Natural Rubber,0.94,232.71,28.9,0,TRUE,2024-12-31,9999-12-31,TRUE
2230,744,thus,FORMAL,WOMENS,Algae Foam,1.0,53.71,26.21,41,FALSE,2023-01-01,2024-01-01,FALSE
2231,744,throw,RUNNING,UNISEX,Chrome-free Leather,1.57,125.43,15.98,28,TRUE,2024-01-01,2024-12-31,FALSE
2232,744,reason,RUNNING,WOMENS,Organic Cotton,1.14,247.42,56.0,17,FALSE,2024-12-31,9999-12-31,TRUE
2233,745,type,RUNNING,MENS,Hemp Canvas,1.53,170.95,78.63,41,TRUE,2023-01-01,2024-01-01,FALSE
2234,745,fish,SNEAKER,MENS,Recycled Nylon,0.54,45.66,46.46,22,TRUE,2024-01-01,2024-12-31,FALSE
2235,745,describe,SNEAKER,MENS,Recycled PET,0.55,89.88,14.33,11,TRUE,2024-12-31,9999-12-31,TRUE
2236,746,national,SANDAL,UNISEX,Natural Rubber,1.58,65.7,73.5,80,TRUE,2023-01-01,2024-01-01,FALSE
2237,746,policy,RUNNING,WOMENS,Recycled Rubber,0.72,150.79,37.43,63,FALSE,2024-01-01,2024-12-31,FALSE
2238,746,Mr,RUNNING,WOMENS,Apple Leather,1.33,192.41,97.36,33,TRUE,2024-12-31,9999-12-31,TRUE
2239,747,current,SANDAL,KIDS,Bio-EVA,0.61,69.31,43.98,28,FALSE,2023-01-01,2024-01-01,FALSE
2240,747,small,SNEAKER,UNISEX,Recycled PET,1.15,108.91,0.68,63,FALSE,2024-01-01,2024-12-31,FALSE
2241,747,including,SANDAL,KIDS,Apple Leather,0.77,216.52,25.95,44,FALSE,2024-12-31,9999-12-31,TRUE
2242,748,find,RUNNING,MENS,Chrome-free Leather,0.6,236.44,75.69,95,FALSE,2023-01-01,2024-01-01,FALSE
2243,748,race,SANDAL,MENS,Natural Rubber,0.94,39.8,39.2,53,FALSE,2024-01-01,2024-12-31,FALSE
2244,748,arm,RUNNING,WOMENS,Hemp Canvas,0.88,71.05,13.0,9,FALSE,2024-12-31,9999-12-31,TRUE
2245,749,step,BOOT,MENS,Apple Leather,1.42,131.82,85.63,34,FALSE,2023-01-01,2024-01-01,FALSE
2246,749,water,SNEAKER,MENS,Recycled PET,0.59,51.62,20.77,1,TRUE,2024-01-01,2024-12-31,FALSE
2247,749,student,SLIPPER,WOMENS,Algae Foam,1.0,140.51,30.13,18,TRUE,2024-12-31,9999-12-31,TRUE
2248,750,education,RUNNING,WOMENS,Natural Rubber,0.46,191.47,87.87,96,TRUE,2023-01-01,2024-01-01,FALSE
2249,750,miss,SNEAKER,WOMENS,Organic Cotton,1.35,129.89,25.28,94,FALSE,2024-01-01,2024-12-31,FALSE
2250,750,imagine,SNEAKER,WOMENS,TENCEL Lyocell,0.42,122.93,69.1,36,FALSE,2024-12-31,9999-12-31,TRUE
2251,751,budget,SNEAKER,WOMENS,Hemp Canvas,1.13,201.56,54.67,10,FALSE,2023-01-01,2024-01-01,FALSE
2252,751,effect,RUNNING,WOMENS,Hemp Canvas,0.68,86.32,67.72,100,TRUE,2024-01-01,2024-12-31,FALSE
2253,751,money,FORMAL,MENS,Natural Rubber,0.48,147.53,58.67,53,FALSE,2024-12-31,9999-12-31,TRUE
2254,752,pull,SLIPPER,MENS,Recycled Nylon,0.42,216.82,81.66,5,TRUE,2023-01-01,2024-01-01,FALSE
2255,752,phone,SNEAKER,UNISEX,Bio-EVA,1.19,97.58,80.21,23,TRUE,2024-01-01,2024-12-31,FALSE
2256,752,avoid,SNEAKER,MENS,Recycled PET,1.13,238.72,42.39,30,TRUE,2024-12-31,9999-12-31,TRUE
2257,753,news,SNEAKER,UNISEX,Recycled Nylon,0.86,246.37,20.26,7,FALSE,2023-01-01,2024-01-01,FALSE
2258,753,visit,SNEAKER,MENS,Algae Foam,1.11,165.92,95.8,10,TRUE,2024-01-01,2024-12-31,FALSE
2259,753,actually,SNEAKER,KIDS,Natural Rubber,1.5,138.72,11.68,13,FALSE,2024-12-31,9999-12-31,TRUE
2260,754,herself,RUNNING,WOMENS,TENCEL Lyocell,1.31,155.5,4.56,95,TRUE,2023-01-01,2024-01-01,FALSE
2261,754,world,BOOT,MENS,Apple Leather,1.31,236.38,68.37,78,FALSE,2024-01-01,2024-12-31,FALSE
2262,754,free,SLIPPER,MENS,Bio-EVA,1.1,98.83,97.82,59,FALSE,2024-12-31,9999-12-31,TRUE
2263,755,cause,RUNNING,MENS,Recycled PET,0.54,82.27,43.75,28,TRUE,2023-01-01,2024-01-01,FALSE
2264,755,impact,SNEAKER,WOMENS,Cork,0.6,149.98,86.72,56,FALSE,2024-01-01,2024-12-31,FALSE
2265,755,traditional,SNEAKER,WOMENS,Cork,1.31,189.16,46.79,53,TRUE,2024-12-31,9999-12-31,TRUE
2266,756,those,SNEAKER,MENS,Organic Cotton,1.14,243.95,15.46,25,FALSE,2023-01-01,2024-01-01,FALSE
2267,756,outside,FORMAL,MENS,Apple Leather,0.7,141.99,12.06,25,TRUE,2024-01-01,2024-12-31,FALSE
2268,756,kitchen,SANDAL,WOMENS,Recycled Nylon,1.07,61.27,90.29,23,FALSE,2024-12-31,9999-12-31,TRUE
2269,757,history,RUNNING,MENS,Hemp Canvas,0.84,112.9,86.71,64,TRUE,2023-01-01,2024-01-01,FALSE
2270,757,office,SNEAKER,WOMENS,Recycled Nylon,0.63,200.29,21.33,50,FALSE,2024-01-01,2024-12-31,FALSE
2271,757,result,SNEAKER,UNISEX,Chrome-free Leather,0.45,247.6,60.25,97,TRUE,2024-12-31,9999-12-31,TRUE
2272,758,consider,RUNNING,MENS,Chrome-free Leather,0.97,120.68,44.25,87,TRUE,2023-01-01,2024-01-01,FALSE
2273,758,source,RUNNING,MENS,Natural Rubber,1.42,231.02,36.47,95,FALSE,2024-01-01,2024-12-31,FALSE
2274,758,market,FORMAL,WOMENS,Recycled PET,0.54,124.38,29.82,18,TRUE,2024-12-31,9999-12-31,TRUE
2275,759,speech,SNEAKER,KIDS,Natural Rubber,0.84,244.64,95.5,83,FALSE,2023-01-01,2024-01-01,FALSE
2276,759,baby,SNEAKER,UNISEX,Bio-EVA,0.65,196.09,11.25,68,FALSE,2024-01-01,2024-12-31,FALSE
2277,759,adult,BOOT,WOMENS,Recycled Nylon,1.0,85.28,1.02,13,FALSE,2024-12-31,9999-12-31,TRUE
2278,760,people,BOOT,UNISEX,TENCEL Lyocell,0.78,87.01,14.74,47,FALSE,2023-01-01,2024-01-01,FALSE
2279,760,author,RUNNING,MENS,TENCEL Lyocell,1.26,246.72,69.83,51,FALSE,2024-01-01,2024-12-31,FALSE
2280,760,address,SNEAKER,MENS,Apple Leather,1.44,87.86,55.0,11,TRUE,2024-12-31,9999-12-31,TRUE
2281,761,everybody,SNEAKER,WOMENS,TENCEL Lyocell,1.49,127.33,76.87,19,TRUE,2023-01-01,2024-01-01,FALSE
2282,761,dinner,SANDAL,MENS,Cork,1.55,106.21,24.68,43,TRUE,2024-01-01,2024-12-31,FALSE
2283,761,among,SANDAL,UNISEX,Organic Cotton,1.32,229.22,90.76,42,FALSE,2024-12-31,9999-12-31,TRUE
2284,762,win,SNEAKER,MENS,TENCEL Lyocell,1.0,59.68,36.23,19,TRUE,2023-01-01,2024-01-01,FALSE
2285,762,as,FORMAL,WOMENS,Hemp Canvas,1.12,72.76,73.44,2,TRUE,2024-01-01,2024-12-31,FALSE
2286,762,strategy,SANDAL,MENS,Hemp Canvas,1.59,201.06,42.29,59,TRUE,2024-12-31,9999-12-31,TRUE
2287,763,information,SNEAKER,WOMENS,Organic Cotton,0.95,51.84,50.0,15,TRUE,2023-01-01,2024-01-01,FALSE
2288,763,move,SANDAL,UNISEX,Cork,1.59,197.05,48.12,92,TRUE,2024-01-01,2024-12-31,FALSE
2289,763,few,SNEAKER,WOMENS,Apple Leather,1.04,202.03,88.87,37,FALSE,2024-12-31,9999-12-31,TRUE
2290,764,production,SANDAL,MENS,Bio-EVA,0.95,77.02,4.98,72,TRUE,2023-01-01,2024-01-01,FALSE
2291,764,seem,SNEAKER,UNISEX,Hemp Canvas,0.88,69.98,45.09,71,FALSE,2024-01-01,2024-12-31,FALSE
2292,764,more,RUNNING,WOMENS,Chrome-free Leather,0.7,41.16,65.27,48,FALSE,2024-12-31,9999-12-31,TRUE
2293,765,speak,SNEAKER,KIDS,Recycled Nylon,1.25,237.05,20.82,70,FALSE,2023-01-01,2024-01-01,FALSE
2294,765,just,RUNNING,MENS,Organic Cotton,1.12,84.76,52.9,92,FALSE,2024-01-01,2024-12-31,FALSE
2295,765,land,RUNNING,WOMENS,Recycled Nylon,1.23,206.44,51.7,66,FALSE,2024-12-31,9999-12-31,TRUE
2296,766,science,BOOT,WOMENS,Recycled PET,0.8,116.81,23.53,0,TRUE,2023-01-01,2024-01-01,FALSE
2297,766,interest,SNEAKER,MENS,Recycled Nylon,1.33,138.6,57.77,95,TRUE,2024-01-01,2024-12-31,FALSE
2298,766,beautiful,FORMAL,MENS,Cork,1.54,202.07,31.43,87,FALSE,2024-12-31,9999-12-31,TRUE
2299,767,push,RUNNING,MENS,Hemp Canvas,1.0,224.19,49.98,43,TRUE,2023-01-01,2024-01-01,FALSE
2300,767,not,SNEAKER,UNISEX,Recycled Rubber,1.44,89.66,78.13,33,TRUE,2024-01-01,2024-12-31,FALSE
2301,767,note,SNEAKER,WOMENS,Chrome-free Leather,1.4,134.64,20.62,7,FALSE,2024-12-31,9999-12-31,TRUE
2302,768,power,SNEAKER,MENS,Cork,0.53,54.75,46.48,47,FALSE,2023-01-01,2024-01-01,FALSE
2303,768,claim,RUNNING,MENS,Apple Leather,0.53,73.52,77.94,20,FALSE,2024-01-01,2024-12-31,FALSE
2304,768,fall,RUNNING,WOMENS,Bio-EVA,1.06,160.2,23.27,47,TRUE,2024-12-31,9999-12-31,TRUE
2305,769,because,SNEAKER,MENS,Algae Foam,0.65,218.86,17.92,3,FALSE,2023-01-01,2024-01-01,FALSE
2306,769,force,SANDAL,KIDS,Apple Leather,1.35,41.92,99.69,34,TRUE,2024-01-01,2024-12-31,FALSE
2307,769,bar,RUNNING,MENS,Recycled PET,0.91,44.31,7.15,59,FALSE,2024-12-31,9999-12-31,TRUE
2308,770,much,SANDAL,KIDS,TENCEL Lyocell,0.5,233.01,44.56,99,TRUE,2023-01-01,2024-01-01,FALSE
2309,770,will,RUNNING,WOMENS,Recycled PET,1.1,82.82,41.33,58,TRUE,2024-01-01,2024-12-31,FALSE
2310,770,Democrat,FORMAL,MENS,Natural Rubber,0.54,208.75,15.99,35,FALSE,2024-12-31,9999-12-31,TRUE
2311,771,system,RUNNING,WOMENS,Algae Foam,1.05,240.16,3.25,50,FALSE,2023-01-01,2024-01-01,FALSE
2312,771,clearly,RUNNING,WOMENS,Recycled Nylon,1.14,167.68,98.66,41,TRUE,2024-01-01,2024-12-31,FALSE
2313,771,not,BOOT,UNISEX,Natural Rubber,0.95,72.18,75.81,23,FALSE,2024-12-31,9999-12-31,TRUE
2314,772,general,SNEAKER,UNISEX,Organic Cotton,0.87,112.09,4.78,98,FALSE,2023-01-01,2024-01-01,FALSE
2315,772,include,RUNNING,WOMENS,Cork,0.9,121.98,33.11,21,TRUE,2024-01-01,2024-12-31,FALSE
2316,772,peace,SNEAKER,MENS,Chrome-free Leather,0.65,141.74,62.34,80,FALSE,2024-12-31,9999-12-31,TRUE
2317,773,protect,SNEAKER,MENS,Algae Foam,1.06,102.28,0.28,95,TRUE,2023-01-01,2024-01-01,FALSE
2318,773,source,RUNNING,MENS,Recycled Nylon,0.6,153.58,66.51,13,FALSE,2024-01-01,2024-12-31,FALSE
2319,773,they,SANDAL,WOMENS,Recycled PET,0.62,55.33,37.14,38,FALSE,2024-12-31,9999-12-31,TRUE
2320,774,rate,SNEAKER,WOMENS,Bio-EVA,1.09,46.26,22.52,20,TRUE,2023-01-01,2024-01-01,FALSE
2321,774,responsibility,SNEAKER,WOMENS,Recycled PET,0.6,114.08,4.07,47,FALSE,2024-01-01,2024-12-31,FALSE
2322,774,question,SANDAL,WOMENS,Apple Leather,0.54,224.79,22.62,43,TRUE,2024-12-31,9999-12-31,TRUE
2323,775,attorney,SANDAL,MENS,Recycled PET,1.43,160.99,81.32,71,TRUE,2023-01-01,2024-01-01,FALSE
2324,775,force,SANDAL,MENS,TENCEL Lyocell,0.69,222.78,29.45,31,TRUE,2024-01-01,2024-12-31,FALSE
2325,775,say,SNEAKER,MENS,Recycled PET,1.04,111.83,74.66,68,FALSE,2024-12-31,9999-12-31,TRUE
2326,776,leave,SNEAKER,WOMENS,Apple Leather,0.72,95.75,16.17,74,TRUE,2023-01-01,2024-01-01,FALSE
2327,776,show,SANDAL,UNISEX,Chrome-free Leather,1.49,167.46,61.48,7,TRUE,2024-01-01,2024-12-31,FALSE
2328,776,throughout,SNEAKER,MENS,Natural Rubber,0.98,103.89,37.17,20,TRUE,2024-12-31,9999-12-31,TRUE
2329,777,edge,SNEAKER,WOMENS,TENCEL Lyocell,0.72,58.51,20.31,57,TRUE,2023-01-01,2024-01-01,FALSE
2330,777,article,SLIPPER,WOMENS,Organic Cotton,0.87,54.96,22.91,61,TRUE,2024-01-01,2024-12-31,FALSE
2331,777,election,SANDAL,WOMENS,Cork,1.54,138.43,15.11,65,FALSE,2024-12-31,9999-12-31,TRUE
2332,778,before,RUNNING,MENS,Recycled Nylon,0.57,44.34,62.08,15,TRUE,2023-01-01,2024-01-01,FALSE
2333,778,window,SANDAL,WOMENS,Algae Foam,0.59,194.78,53.3,34,TRUE,2024-01-01,2024-12-31,FALSE
2334,778,leader,SNEAKER,WOMENS,Organic Cotton,0.53,113.3,23.03,42,TRUE,2024-12-31,9999-12-31,TRUE
2335,779,business,RUNNING,WOMENS,Hemp Canvas,0.57,161.2,10.51,30,FALSE,2023-01-01,2024-01-01,FALSE
2336,779,long,SNEAKER,UNISEX,Cork,1.11,172.92,26.09,77,FALSE,2024-01-01,2024-12-31,FALSE
2337,779,population,RUNNING,UNISEX,Recycled Nylon,0.58,58.62,54.53,90,FALSE,2024-12-31,9999-12-31,TRUE
2338,780,politics,BOOT,MENS,Hemp Canvas,1.05,61.99,18.03,0,TRUE,2023-01-01,2024-01-01,FALSE
2339,780,around,RUNNING,MENS,Cork,1.16,213.2,19.83,26,FALSE,2024-01-01,2024-12-31,FALSE
2340,780,for,SANDAL,MENS,Apple Leather,0.92,59.01,87.26,7,TRUE,2024-12-31,9999-12-31,TRUE
2341,781,reflect,RUNNING,MENS,Bio-EVA,0.92,51.04,51.98,81,FALSE,2023-01-01,2024-01-01,FALSE
2342,781,site,SANDAL,UNISEX,Algae Foam,1.4,152.71,97.27,41,FALSE,2024-01-01,2024-12-31,FALSE
2343,781,really,SANDAL,MENS,Chrome-free Leather,0.61,194.33,26.61,61,TRUE,2024-12-31,9999-12-31,TRUE
2344,782,sit,BOOT,WOMENS,Bio-EVA,0.66,202.83,87.49,94,TRUE,2023-01-01,2024-01-01,FALSE
2345,782,continue,SANDAL,MENS,Algae Foam,0.61,221.61,0.86,13,FALSE,2024-01-01,2024-12-31,FALSE
2346,782,call,RUNNING,UNISEX,Apple Leather,0.89,197.96,98.89,57,TRUE,2024-12-31,9999-12-31,TRUE
2347,783,actually,RUNNING,MENS,Bio-EVA,0.62,41.67,85.11,21,FALSE,2023-01-01,2024-01-01,FALSE
2348,783,second,SNEAKER,WOMENS,Bio-EVA,1.09,163.74,78.81,77,FALSE,2024-01-01,2024-12-31,FALSE
2349,783,certain,RUNNING,WOMENS,Hemp Canvas,0.45,125.08,0.02,43,FALSE,2024-12-31,9999-12-31,TRUE
2350,784,science,SNEAKER,MENS,Cork,0.62,139.21,28.5,5,TRUE,2023-01-01,2024-01-01,FALSE
2351,784,activity,SNEAKER,WOMENS,Hemp Canvas,0.5,85.12,37.07,25,FALSE,2024-01-01,2024-12-31,FALSE
2352,784,common,SNEAKER,WOMENS,Recycled Nylon,0.51,238.42,22.22,0,FALSE,2024-12-31,9999-12-31,TRUE
2353,785,model,RUNNING,WOMENS,Algae Foam,0.95,177.41,32.04,35,TRUE,2023-01-01,2024-01-01,FALSE
2354,785,hand,FORMAL,UNISEX,TENCEL Lyocell,0.47,243.88,87.03,50,TRUE,2024-01-01,2024-12-31,FALSE
2355,785,necessary,SANDAL,MENS,Chrome-free Leather,0.42,107.37,46.3,25,TRUE,2024-12-31,9999-12-31,TRUE
2356,786,nation,SNEAKER,UNISEX,Recycled Rubber,1.43,180.39,20.56,25,FALSE,2023-01-01,2024-01-01,FALSE
2357,786,stay,SNEAKER,MENS,TENCEL Lyocell,0.71,188.64,96.5,38,TRUE,2024-01-01,2024-12-31,FALSE
2358,786,test,SNEAKER,WOMENS,Chrome-free Leather,1.48,99.42,91.54,25,TRUE,2024-12-31,9999-12-31,TRUE
2359,787,set,RUNNING,MENS,Chrome-free Leather,0.83,238.71,89.43,96,TRUE,2023-01-01,2024-01-01,FALSE
2360,787,event,FORMAL,WOMENS,Bio-EVA,0.75,169.97,4.5,35,FALSE,2024-01-01,2024-12-31,FALSE
2361,787,compare,SANDAL,MENS,Recycled Nylon,0.52,154.6,1.98,11,FALSE,2024-12-31,9999-12-31,TRUE
2362,788,hot,RUNNING,MENS,Natural Rubber,0.76,77.38,88.22,36,FALSE,2023-01-01,2024-01-01,FALSE
2363,788,card,RUNNING,WOMENS,Bio-EVA,1.32,74.33,26.87,54,FALSE,2024-01-01,2024-12-31,FALSE
2364,788,so,SANDAL,MENS,Chrome-free Leather,0.71,158.76,99.74,21,TRUE,2024-12-31,9999-12-31,TRUE
2365,789,statement,SNEAKER,MENS,Hemp Canvas,0.85,198.82,41.8,72,TRUE,2023-01-01,2024-01-01,FALSE
2366,789,TV,BOOT,WOMENS,Algae Foam,1.28,94.91,65.28,0,FALSE,2024-01-01,2024-12-31,FALSE
2367,789,exist,SNEAKER,UNISEX,Recycled Rubber,0.78,194.8,26.79,11,TRUE,2024-12-31,9999-12-31,TRUE
2368,790,significant,SNEAKER,WOMENS,Recycled Rubber,0.42,206.6,58.16,28,TRUE,2023-01-01,2024-01-01,FALSE
2369,790,various,SNEAKER,MENS,Recycled PET,0.99,174.98,41.06,12,TRUE,2024-01-01,2024-12-31,FALSE
2370,790,buy,RUNNING,KIDS,Algae Foam,0.73,134.98,39.62,48,TRUE,2024-12-31,9999-12-31,TRUE
2371,791,spend,SANDAL,UNISEX,Apple Leather,0.82,126.28,89.61,59,TRUE,2023-01-01,2024-01-01,FALSE
2372,791,we,FORMAL,UNISEX,Chrome-free Leather,1.51,228.28,78.21,47,FALSE,2024-01-01,2024-12-31,FALSE
2373,791,all,FORMAL,WOMENS,Chrome-free Leather,1.02,166.88,3.36,7,TRUE,2024-12-31,9999-12-31,TRUE
2374,792,government,RUNNING,MENS,Algae Foam,0.53,202.18,30.81,5,FALSE,2023-01-01,2024-01-01,FALSE
2375,792,surface,BOOT,UNISEX,Chrome-free Leather,0.75,88.6,41.19,54,TRUE,2024-01-01,2024-12-31,FALSE
2376,792,laugh,FORMAL,WOMENS,Natural Rubber,0.72,128.21,50.92,27,TRUE,2024-12-31,9999-12-31,TRUE
2377,793,expert,RUNNING,MENS,Natural Rubber,1.38,137.91,79.15,15,FALSE,2023-01-01,2024-01-01,FALSE
2378,793,need,SNEAKER,UNISEX,Cork,1.47,138.83,57.46,35,FALSE,2024-01-01,2024-12-31,FALSE
2379,793,attack,BOOT,UNISEX,Cork,1.18,129.49,21.8,97,TRUE,2024-12-31,9999-12-31,TRUE
2380,794,everyone,BOOT,UNISEX,Chrome-free Leather,1.3,159.25,20.44,87,FALSE,2023-01-01,2024-01-01,FALSE
2381,794,seem,BOOT,MENS,Recycled Nylon,1.0,140.13,39.98,94,FALSE,2024-01-01,2024-12-31,FALSE
2382,794,part,SANDAL,MENS,Recycled Nylon,1.41,172.73,57.1,17,FALSE,2024-12-31,9999-12-31,TRUE
2383,795,product,BOOT,WOMENS,Recycled Rubber,1.07,199.65,76.48,69,FALSE,2023-01-01,2024-01-01,FALSE
2384,795,ball,BOOT,MENS,Chrome-free Leather,0.65,215.18,76.25,51,FALSE,2024-01-01,2024-12-31,FALSE
2385,795,model,BOOT,KIDS,Recycled Nylon,0.42,79.25,80.96,74,TRUE,2024-12-31,9999-12-31,TRUE
2386,796,lose,SANDAL,UNISEX,Recycled PET,1.59,210.44,93.05,62,TRUE,2023-01-01,2024-01-01,FALSE
2387,796,much,SNEAKER,MENS,Apple Leather,1.32,201.25,23.34,11,TRUE,2024-01-01,2024-12-31,FALSE
2388,796,here,FORMAL,WOMENS,Cork,1.4,167.26,17.16,75,TRUE,2024-12-31,9999-12-31,TRUE
2389,797,around,SNEAKER,MENS,Recycled Rubber,1.22,178.62,97.25,11,FALSE,2023-01-01,2024-01-01,FALSE
2390,797,money,SNEAKER,WOMENS,Hemp Canvas,1.17,184.39,11.3,45,FALSE,2024-01-01,2024-12-31,FALSE
2391,797,town,BOOT,MENS,Recycled PET,0.86,76.72,61.69,68,TRUE,2024-12-31,9999-12-31,TRUE
2392,798,our,SNEAKER,WOMENS,Recycled Rubber,0.59,248.86,23.2,65,FALSE,2023-01-01,2024-01-01,FALSE
2393,798,compare,SNEAKER,UNISEX,TENCEL Lyocell,1.24,203.39,69.37,94,TRUE,2024-01-01,2024-12-31,FALSE
2394,798,hold,SANDAL,WOMENS,Cork,1.43,40.17,63.4,82,TRUE,2024-12-31,9999-12-31,TRUE
2395,799,coach,SNEAKER,WOMENS,Recycled Nylon,1.03,220.38,75.86,6,TRUE,2023-01-01,2024-01-01,FALSE
2396,799,especially,BOOT,WOMENS,TENCEL Lyocell,1.51,177.22,90.13,83,FALSE,2024-01-01,2024-12-31,FALSE
2397,799,spring,RUNNING,WOMENS,Cork,0.46,138.95,93.69,19,TRUE,2024-12-31,9999-12-31,TRUE
2398,800,board,SNEAKER,MENS,Recycled PET,0.44,171.11,3.14,81,FALSE,2023-01-01,2024-01-01,FALSE
2399,800,wall,SLIPPER,WOMENS,Organic Cotton,0.58,73.78,94.59,70,TRUE,2024-01-01,2024-12-31,FALSE
2400,800,painting,FORMAL,WOMENS,Bio-EVA,1.03,196.98,3.02,2,TRUE,2024-12-31,9999-12-31,TRUE
