id,name,email,country,region,loyalty_tier,carbon_offset_opt_in
1,Ashley Yang,williamsmichelle@example.org,GERMANY,EUROPE,GOLD,FALSE
2,Jack Mora,sarahmathews@example.net,UNITED STATES,AMERICA,GREEN,TRUE
3,Michelle Rios,marcbutler@example.net,GERMANY,EUROPE,GOLD,FALSE
4,Roger Duncan,shawrachel@example.org,NETHERLANDS,EUROPE,NONE,TRUE
5,Jose Williams,djones@example.com,AUSTRALIA,APAC,NONE,FALSE
6,Emily Miller,msmith@example.com,GERMANY,EUROPE,NONE,TRUE
7,Elizabeth Dean,frichardson@example.org,UNITED STATES,AMERICA,NONE,FALSE
8,Kimberly Flynn,adamortiz@example.org,UNITED STATES,AMERICA,NONE,TRUE
9,Makayla Steele,tapiaaaron@example.net,UNITED KINGDOM,EUROPE,GREEN,TRUE
10,Oscar Parker,alyssaallen@example.com,UNITED STATES,AMERICA,GREEN,FALSE
11,Valerie Thomas,christopher38@example.com,JAPAN,ASIA,NONE,FALSE
12,Jacqueline Villegas,carpenterwilliam@example.net,AUSTRALIA,APAC,NONE,TRUE
13,Angela Bradley,ibates@example.org,JAPAN,ASIA,GREEN,FALSE
14,Samuel Howe,vhaynes@example.com,SWEDEN,EUROPE,NONE,TRUE
15,Dillon Jones,derekcarrillo@example.org,UNITED STATES,AMERICA,NONE,TRUE
16,Christopher Owens,wmartinez@example.org,AUSTRALIA,APAC,NONE,FALSE
17,John Phelps,mooregina@example.net,FRANCE,EUROPE,NONE,FALSE
18,Amanda Huff,eddie35@example.com,UNITED STATES,AMERICA,SILVER,FALSE
19,Megan Green,anthonysullivan@example.com,UNITED KINGDOM,EUROPE,NONE,FALSE
20,Krista Davis,laradonald@example.org,UNITED STATES,AMERICA,GREEN,FALSE
21,Richard Walker,madisonwatson@example.net,CANADA,AMERICA,NONE,TRUE
22,Angela Willis,johnsoncaleb@example.net,UNITED STATES,AMERICA,GREEN,FALSE
23,Carl Stein,david70@example.org,JAPAN,ASIA,NONE,FALSE
24,Jessica Ramsey,rjohnson@example.com,FRANCE,EUROPE,NONE,TRUE
25,Daniel Lopez,sean20@example.net,SWEDEN,EUROPE,NONE,TRUE
26,Danielle Phillips,eandrade@example.org,UNITED STATES,AMERICA,NONE,FALSE
27,James Barnes,crystalpham@example.org,FRANCE,EUROPE,GREEN,TRUE
28,Rachael Howard DDS,kcooper@example.net,UNITED STATES,AMERICA,NONE,FALSE
29,Devin Johnson,anthonycochran@example.com,SPAIN,EUROPE,GREEN,TRUE
30,William Moreno,terrigarcia@example.net,CANADA,AMERICA,NONE,FALSE
31,Joseph Moody,gallagherstacie@example.net,UNITED STATES,AMERICA,GREEN,TRUE
32,Rebecca Kelly,gregorywatkins@example.net,UNITED KINGDOM,EUROPE,GOLD,FALSE
33,Suzanne Johnson,stacey92@example.net,FRANCE,EUROPE,NONE,TRUE
34,Sara Cochran,lweaver@example.com,FRANCE,EUROPE,SILVER,FALSE
35,Anthony Guzman,foxaaron@example.net,AUSTRALIA,APAC,SILVER,FALSE
36,Carlos Love,brian29@example.net,CANADA,AMERICA,NONE,FALSE
37,Patricia Mathis,susan56@example.net,GERMANY,EUROPE,GREEN,TRUE
38,Eric Taylor,jessicakim@example.net,GERMANY,EUROPE,NONE,FALSE
39,Marie Thompson,jeffrey92@example.com,UNITED STATES,AMERICA,NONE,TRUE
40,Michael Anderson,rushstacy@example.com,GERMANY,EUROPE,NONE,FALSE
41,Patricia Bradley,carriemccall@example.net,UNITED STATES,AMERICA,GREEN,FALSE
42,Keith Zuniga,markmiller@example.com,SPAIN,EUROPE,NONE,TRUE
43,Mrs. Stacey Davis,sean43@example.org,UNITED STATES,AMERICA,NONE,TRUE
44,Hayley Buchanan,williamssamuel@example.com,FRANCE,EUROPE,GREEN,TRUE
45,Stacey Snyder,ybell@example.org,AUSTRALIA,APAC,GOLD,FALSE
46,Rachel Lane,franciscojones@example.org,UNITED KINGDOM,EUROPE,NONE,TRUE
47,Fernando Lynn,petersonpamela@example.org,UNITED KINGDOM,EUROPE,NONE,TRUE
48,Kimberly Villanueva,morgantricia@example.com,UNITED STATES,AMERICA,GREEN,TRUE
49,Jessica Valdez,gmoore@example.com,JAPAN,ASIA,GREEN,TRUE
50,Colton Terry,donna43@example.org,FRANCE,EUROPE,NONE,FALSE
51,Kenneth Larsen,briansmith@example.org,UNITED KINGDOM,EUROPE,GREEN,FALSE
52,Matthew Greene,collinclark@example.net,UNITED KINGDOM,EUROPE,GREEN,FALSE
53,Bradley Anthony,kristen77@example.net,UNITED STATES,AMERICA,NONE,FALSE
54,Martin Hughes,nicole52@example.com,UNITED STATES,AMERICA,GOLD,TRUE
55,Jeremiah Baker,anne21@example.org,SWEDEN,EUROPE,GOLD,FALSE
56,Rhonda Gutierrez,angelarandall@example.net,FRANCE,EUROPE,GOLD,FALSE
57,Joseph Camacho,parmstrong@example.com,AUSTRALIA,APAC,GOLD,FALSE
58,James Nash,shawrachel@example.net,FRANCE,EUROPE,NONE,TRUE
59,Lisa Martinez,kthompson@example.org,UNITED STATES,AMERICA,NONE,FALSE
60,Beth Henderson,oharris@example.org,UNITED STATES,AMERICA,NONE,FALSE
61,Deanna Bartlett,millerangela@example.net,GERMANY,EUROPE,GREEN,FALSE
62,Donald Ellis,buchanancindy@example.net,FRANCE,EUROPE,GOLD,TRUE
63,Ashley Hernandez,buckleyanna@example.org,AUSTRALIA,APAC,SILVER,TRUE
64,Sharon Beard,pbaker@example.com,UNITED STATES,AMERICA,NONE,FALSE
65,Kara Jackson,mthomas@example.net,NETHERLANDS,EUROPE,GREEN,FALSE
66,Amanda Preston,hannah07@example.com,UNITED STATES,AMERICA,GREEN,TRUE
67,Alicia Roth,larry71@example.org,UNITED STATES,AMERICA,GOLD,TRUE
68,William Ramos,joseph69@example.net,GERMANY,EUROPE,SILVER,TRUE
69,Jeremy Mcintyre,wfigueroa@example.net,UNITED STATES,AMERICA,SILVER,FALSE
70,Samantha Robertson,cameronmckinney@example.com,FRANCE,EUROPE,GREEN,FALSE
71,Samuel Suarez,thompsonnancy@example.org,UNITED STATES,AMERICA,NONE,FALSE
72,Danielle Bryant,janet45@example.com,AUSTRALIA,APAC,NONE,FALSE
73,Madison Martinez,allentracy@example.com,UNITED KINGDOM,EUROPE,SILVER,TRUE
74,Seth Matthews,max41@example.com,UNITED STATES,AMERICA,GREEN,FALSE
75,Anthony Nash,mercedesholland@example.net,CANADA,AMERICA,NONE,FALSE
76,Matthew Palmer,wellsdavid@example.org,UNITED STATES,AMERICA,NONE,TRUE
77,Alejandra King,jennifer46@example.com,CANADA,AMERICA,GREEN,TRUE
78,Judy Robinson,erica96@example.net,JAPAN,ASIA,SILVER,TRUE
79,Jorge Bates,anna99@example.com,GERMANY,EUROPE,GREEN,FALSE
80,Brian Brown,danielle44@example.net,FRANCE,EUROPE,NONE,TRUE
81,Stephanie Evans,zacharyallen@example.org,UNITED STATES,AMERICA,NONE,FALSE
82,Rebekah Greene,erin07@example.com,GERMANY,EUROPE,GREEN,TRUE
83,Jason Price,aguilarwanda@example.org,CANADA,AMERICA,SILVER,TRUE
84,Micheal Parks,qknox@example.com,UNITED STATES,AMERICA,NONE,TRUE
85,Sarah Pittman,kellyruiz@example.net,FRANCE,EUROPE,NONE,FALSE
86,Robert Hines,staceylam@example.net,AUSTRALIA,APAC,NONE,FALSE
87,Henry Garner,robert55@example.com,JAPAN,ASIA,GREEN,TRUE
88,Julie Wilson,delacruzbrandy@example.net,UNITED KINGDOM,EUROPE,GOLD,FALSE
89,Steve Mason,amoreno@example.org,UNITED STATES,AMERICA,GREEN,TRUE
90,Brittany Gay,robert97@example.org,UNITED STATES,AMERICA,GREEN,FALSE
91,Mike Maxwell,lcook@example.com,UNITED KINGDOM,EUROPE,GOLD,FALSE
92,Abigail Hill,barbaramoore@example.org,UNITED STATES,AMERICA,SILVER,FALSE
93,Jeffrey Jordan,ysanford@example.org,NETHERLANDS,EUROPE,GOLD,FALSE
94,Curtis Watson,mcclainkatherine@example.net,NETHERLANDS,EUROPE,NONE,TRUE
95,Michael Sims,jeremywiley@example.com,UNITED STATES,AMERICA,NONE,FALSE
96,James Chapman,cameronwilliams@example.com,UNITED KINGDOM,EUROPE,GREEN,FALSE
97,Joseph Warren,ibarron@example.com,NETHERLANDS,EUROPE,NONE,TRUE
98,Katherine Christensen MD,osmith@example.net,SWEDEN,EUROPE,GREEN,TRUE
99,Mrs. Alison Wagner,richardsondebra@example.org,UNITED STATES,AMERICA,SILVER,FALSE
100,Martin Wise,wheelerbrandon@example.org,AUSTRALIA,APAC,GREEN,FALSE
101,Alicia Norris,hwallace@example.net,FRANCE,EUROPE,NONE,TRUE
102,Michael Harris,turnerdorothy@example.net,SPAIN,EUROPE,GREEN,FALSE
103,Lisa Haynes,grivas@example.net,GERMANY,EUROPE,GREEN,FALSE
104,Autumn Wilson,jimenezchelsea@example.com,UNITED KINGDOM,EUROPE,NONE,FALSE
105,Valerie Howard,cphillips@example.net,JAPAN,ASIA,NONE,TRUE
106,Daniel Fitzpatrick MD,smithchristopher@example.org,GERMANY,EUROPE,GREEN,TRUE
107,Maureen Hernandez,chancharles@example.net,AUSTRALIA,APAC,GREEN,TRUE
108,David Hall,joseph01@example.org,NETHERLANDS,EUROPE,GOLD,FALSE
109,Sarah Ward,ronald11@example.org,NETHERLANDS,EUROPE,NONE,TRUE
110,Charles Holland,michael79@example.com,JAPAN,ASIA,GREEN,FALSE
111,Anna Briggs,danielross@example.com,UNITED KINGDOM,EUROPE,GREEN,FALSE
112,James Jefferson,zbanks@example.org,CANADA,AMERICA,GREEN,FALSE
113,Michael Brown,dalepruitt@example.com,UNITED STATES,AMERICA,NONE,TRUE
114,Meghan White,nmaxwell@example.org,UNITED STATES,AMERICA,NONE,FALSE
115,Sheryl Acosta,timothyfreeman@example.com,UNITED KINGDOM,EUROPE,NONE,FALSE
116,Arthur Pena,busherica@example.net,GERMANY,EUROPE,NONE,FALSE
117,Krystal Levine,april91@example.com,UNITED STATES,AMERICA,SILVER,TRUE
118,Danielle Reed,jhernandez@example.net,UNITED STATES,AMERICA,NONE,FALSE
119,Mason Moore,kchristian@example.org,UNITED STATES,AMERICA,NONE,TRUE
120,Erica Rivera,brent38@example.net,AUSTRALIA,APAC,NONE,FALSE
121,Robert Miller,csolis@example.org,GERMANY,EUROPE,GOLD,TRUE
122,Jillian Wilson,bmcgee@example.org,UNITED STATES,AMERICA,NONE,FALSE
123,Andrew Dunn,connersylvia@example.net,UNITED KINGDOM,EUROPE,GREEN,FALSE
124,Jordan Clark,xclements@example.org,FRANCE,EUROPE,SILVER,FALSE
125,Sarah Rivera,xmoran@example.net,FRANCE,EUROPE,NONE,TRUE
126,Brent Hopkins,petersonmaria@example.com,UNITED STATES,AMERICA,SILVER,TRUE
127,Jacqueline Rodriguez,travisunderwood@example.net,UNITED STATES,AMERICA,NONE,TRUE
128,Ashley Carr,davidphelps@example.org,UNITED STATES,AMERICA,GOLD,FALSE
129,Richard Love,shermanbrandon@example.net,FRANCE,EUROPE,NONE,FALSE
130,Leah Barton,lellis@example.net,FRANCE,EUROPE,GOLD,TRUE
131,Jonathan Moreno,tranryan@example.net,FRANCE,EUROPE,NONE,FALSE
132,Mr. Thomas Thompson,jessicaanderson@example.com,GERMANY,EUROPE,GOLD,FALSE
133,Lisa Morris,mbarnes@example.net,NETHERLANDS,EUROPE,NONE,FALSE
134,Denise Stuart,shawn22@example.com,SWEDEN,EUROPE,NONE,FALSE
135,Stacey Hunt,jennifer83@example.org,FRANCE,EUROPE,GOLD,TRUE
136,Miguel Parks,tinasantos@example.org,UNITED STATES,AMERICA,GREEN,TRUE
137,Melissa Morris,hodgesanna@example.net,GERMANY,EUROPE,GREEN,FALSE
138,Mary Butler,natalie60@example.net,UNITED KINGDOM,EUROPE,NONE,TRUE
139,James Brown,gonzalezkaren@example.org,SPAIN,EUROPE,NONE,FALSE
140,Miss Brianna Brown,james80@example.com,UNITED KINGDOM,EUROPE,GREEN,TRUE
141,Ashley Parrish,juliahoffman@example.org,NETHERLANDS,EUROPE,NONE,FALSE
142,Rebecca Horton,housepaul@example.net,UNITED STATES,AMERICA,NONE,FALSE
143,Juan Smith,james73@example.net,UNITED STATES,AMERICA,NONE,FALSE
144,Maria Fischer,kimberlybrandt@example.com,CANADA,AMERICA,NONE,TRUE
145,William Jones,jillwilson@example.org,UNITED KINGDOM,EUROPE,NONE,TRUE
146,Justin Anderson,adam72@example.org,UNITED STATES,AMERICA,GREEN,TRUE
147,Frank Williams,tracy98@example.com,UNITED STATES,AMERICA,GOLD,TRUE
148,Michael Fox,abigailhartman@example.org,AUSTRALIA,APAC,NONE,FALSE
149,Joshua Davis,nicolealvarado@example.com,FRANCE,EUROPE,NONE,TRUE
150,Daniel Goodwin,wbarajas@example.net,UNITED STATES,AMERICA,NONE,FALSE
151,Michael Griffin,susanfleming@example.com,UNITED STATES,AMERICA,NONE,FALSE
152,Robert Wilson,amber40@example.net,UNITED STATES,AMERICA,NONE,FALSE
153,Jaime Lang,stucker@example.net,JAPAN,ASIA,NONE,TRUE
154,Jose Vaughan,teresaayala@example.net,FRANCE,EUROPE,SILVER,FALSE
155,Austin Santiago,michellecoleman@example.org,FRANCE,EUROPE,NONE,FALSE
156,Ronald Johns,elucas@example.net,UNITED KINGDOM,EUROPE,GREEN,TRUE
157,Allison Love,millerbrian@example.com,UNITED KINGDOM,EUROPE,NONE,FALSE
158,Laura Perez,rickey76@example.com,NETHERLANDS,EUROPE,GREEN,FALSE
159,James Wilson,maychristine@example.net,UNITED KINGDOM,EUROPE,NONE,TRUE
160,Mercedes Jones,robertsgina@example.net,CANADA,AMERICA,GOLD,FALSE
161,Preston Kim,bshort@example.com,AUSTRALIA,APAC,NONE,TRUE
162,Daniel Francis,susan24@example.net,AUSTRALIA,APAC,NONE,TRUE
163,Traci Camacho,susan08@example.net,UNITED STATES,AMERICA,GREEN,TRUE
164,Andrew Armstrong,fmedina@example.com,AUSTRALIA,APAC,GREEN,FALSE
165,Patrick Swanson,robertbrewer@example.net,UNITED STATES,AMERICA,NONE,FALSE
166,Clinton Jensen,james29@example.org,UNITED KINGDOM,EUROPE,NONE,FALSE
167,Tara Gamble,enewman@example.com,UNITED STATES,AMERICA,NONE,TRUE
168,Danielle Gonzalez,wlynn@example.org,AUSTRALIA,APAC,NONE,FALSE
169,Cynthia Mitchell,mcculloughlouis@example.com,FRANCE,EUROPE,NONE,FALSE
170,Matthew Steele,arianadiaz@example.com,FRANCE,EUROPE,NONE,FALSE
171,Caroline Edwards,jenniferdavidson@example.com,UNITED KINGDOM,EUROPE,NONE,FALSE
172,Brandy Quinn,wford@example.com,UNITED STATES,AMERICA,GREEN,TRUE
173,Mr. Matthew Miller,michele28@example.org,GERMANY,EUROPE,SILVER,TRUE
174,Stephen Jones,mcclainmelissa@example.net,UNITED KINGDOM,EUROPE,GOLD,TRUE
175,Kevin Sullivan,rebeccaarnold@example.net,UNITED STATES,AMERICA,NONE,FALSE
176,Kimberly Valdez,michaelwalker@example.net,AUSTRALIA,APAC,SILVER,FALSE
177,Donna Marshall,sanderswayne@example.net,UNITED KINGDOM,EUROPE,NONE,FALSE
178,Victor Holden,katherinetaylor@example.org,UNITED STATES,AMERICA,NONE,FALSE
179,Travis Hopkins,jillwebb@example.com,FRANCE,EUROPE,GREEN,TRUE
180,Philip Hall,mike03@example.net,UNITED STATES,AMERICA,NONE,TRUE
181,Heather Harrison,ckeith@example.net,UNITED STATES,AMERICA,NONE,FALSE
182,Michael Boyd,mary49@example.net,SPAIN,EUROPE,NONE,TRUE
183,Jamie Gray,blacknicholas@example.org,GERMANY,EUROPE,NONE,TRUE
184,Heather Parrish,msparks@example.org,JAPAN,ASIA,GOLD,FALSE
185,Brenda Martin,robertsonjuan@example.org,UNITED KINGDOM,EUROPE,GREEN,FALSE
186,Jack Love,guerrerorobert@example.com,GERMANY,EUROPE,NONE,TRUE
187,Karen Mendoza,brittanyholland@example.com,AUSTRALIA,APAC,NONE,FALSE
188,Andrew Berry,dennishunt@example.net,AUSTRALIA,APAC,NONE,FALSE
189,Christopher Nielsen,kgreene@example.net,UNITED STATES,AMERICA,GREEN,FALSE
190,Nathan Stanley,stacey37@example.net,UNITED STATES,AMERICA,NONE,FALSE
191,Sharon Jackson DVM,laurahoover@example.org,GERMANY,EUROPE,NONE,TRUE
192,Kayla Jackson,sandra99@example.org,GERMANY,EUROPE,GREEN,TRUE
193,James Rodriguez,alexandrablankenship@example.net,JAPAN,ASIA,NONE,TRUE
194,Chase Davis,mvalenzuela@example.org,NETHERLANDS,EUROPE,GREEN,FALSE
195,Kim Goodwin,olsondavid@example.net,FRANCE,EUROPE,GOLD,FALSE
196,April Pace,xboyd@example.org,AUSTRALIA,APAC,SILVER,TRUE
197,Jessica Mays,yclarke@example.com,GERMANY,EUROPE,GREEN,FALSE
198,Natalie Juarez,colemanjonathan@example.org,UNITED STATES,AMERICA,GOLD,FALSE
199,Angela George,ascott@example.net,FRANCE,EUROPE,GREEN,FALSE
200,Adrienne Mills,brooksjamie@example.com,UNITED KINGDOM,EUROPE,SILVER,TRUE
201,Brian Simmons,jose86@example.net,JAPAN,ASIA,NONE,FALSE
202,Donald Becker,robertbowers@example.com,JAPAN,ASIA,NONE,TRUE
203,Justin Webb,becky62@example.net,NETHERLANDS,EUROPE,NONE,TRUE
204,David Logan,craigromero@example.com,JAPAN,ASIA,NONE,FALSE
205,Lisa Cohen,martintamara@example.org,SPAIN,EUROPE,NONE,TRUE
206,Samantha Ruiz,qdavis@example.org,UNITED STATES,AMERICA,GREEN,FALSE
207,Lee Ramsey,hmendez@example.com,AUSTRALIA,APAC,SILVER,TRUE
208,Linda Bautista,daniellegonzales@example.org,FRANCE,EUROPE,NONE,TRUE
209,Tara Holmes,arthurgreene@example.net,UNITED STATES,AMERICA,GREEN,TRUE
210,Lisa Craig,john02@example.org,NETHERLANDS,EUROPE,NONE,FALSE
211,Penny Gomez MD,aprilmclaughlin@example.org,AUSTRALIA,APAC,GREEN,TRUE
212,Krista Barber,michael43@example.net,GERMANY,EUROPE,SILVER,FALSE
213,Jordan Powell,greenrichard@example.org,UNITED KINGDOM,EUROPE,SILVER,FALSE
214,Kathy Morgan,prattsue@example.net,UNITED STATES,AMERICA,GREEN,TRUE
215,Laura Benson,xhart@example.org,SWEDEN,EUROPE,GREEN,FALSE
216,Tonya Ellis,bmosley@example.com,GERMANY,EUROPE,GREEN,FALSE
217,Austin Schultz,ericahall@example.com,UNITED STATES,AMERICA,NONE,TRUE
218,Harry Nichols,john16@example.net,CANADA,AMERICA,NONE,FALSE
219,Gloria Spencer,thomasgomez@example.net,UNITED KINGDOM,EUROPE,GOLD,FALSE
220,Travis Vega,victorgonzalez@example.net,SPAIN,EUROPE,NONE,FALSE
221,Derek Perez,marykelly@example.org,UNITED KINGDOM,EUROPE,NONE,TRUE
222,Blake Sosa,waustin@example.net,CANADA,AMERICA,SILVER,FALSE
223,Sarah Watson,travis94@example.com,SPAIN,EUROPE,SILVER,TRUE
224,Phillip Dixon,kwalker@example.org,UNITED STATES,AMERICA,NONE,FALSE
225,Robert Mendoza,shawphillip@example.net,FRANCE,EUROPE,NONE,TRUE
226,Joyce Martinez,astewart@example.org,UNITED STATES,AMERICA,NONE,TRUE
227,Jamie Garcia,chloe42@example.net,GERMANY,EUROPE,GOLD,TRUE
228,Derrick Mullen,michael76@example.org,NETHERLANDS,EUROPE,NONE,TRUE
229,Paul Diaz,lramirez@example.net,CANADA,AMERICA,NONE,FALSE
230,Kenneth Perez,lelinda@example.net,UNITED STATES,AMERICA,NONE,TRUE
231,James Thomas,thomassmith@example.com,UNITED KINGDOM,EUROPE,GREEN,FALSE
232,Dr. Samuel Holmes DDS,jevans@example.net,AUSTRALIA,APAC,NONE,TRUE
233,Brett Martin,lisawoods@example.net,UNITED STATES,AMERICA,NONE,TRUE
234,Patrick Green,ann45@example.org,UNITED STATES,AMERICA,NONE,TRUE
235,Gregory Frazier,barbarasantos@example.net,GERMANY,EUROPE,GOLD,TRUE
236,Richard Kelly,champton@example.org,AUSTRALIA,APAC,NONE,TRUE
237,Dustin Welch,mirandadavidson@example.com,GERMANY,EUROPE,GREEN,TRUE
238,Logan Sullivan,millermatthew@example.com,UNITED KINGDOM,EUROPE,NONE,TRUE
239,Eddie Adams,cnelson@example.com,UNITED STATES,AMERICA,NONE,FALSE
240,Kelly Cole,ivanjohnson@example.net,UNITED KINGDOM,EUROPE,NONE,TRUE
241,David Manning,clarkrandy@example.org,FRANCE,EUROPE,NONE,FALSE
242,Shawn Kelley,wisealexandria@example.org,CANADA,AMERICA,SILVER,TRUE
243,Luke Miller,pparker@example.net,SPAIN,EUROPE,NONE,TRUE
244,Mark Anderson,anthonyalvarado@example.com,UNITED STATES,AMERICA,GREEN,TRUE
245,Julie Pitts,amy28@example.org,UNITED STATES,AMERICA,GREEN,FALSE
246,Joyce Curry,omills@example.net,JAPAN,ASIA,SILVER,TRUE
247,Gregory Fernandez,ramosmichael@example.com,UNITED STATES,AMERICA,GREEN,TRUE
248,Adam Mills,mauriceharrison@example.org,UNITED KINGDOM,EUROPE,GREEN,TRUE
249,Katherine Campos,albert64@example.net,JAPAN,ASIA,NONE,FALSE
250,Adam Brooks,bkhan@example.com,CANADA,AMERICA,GOLD,FALSE
251,Miguel Brewer,fwalker@example.com,UNITED STATES,AMERICA,GREEN,FALSE
252,Kellie Marsh,justin84@example.com,FRANCE,EUROPE,SILVER,FALSE
253,Barry Taylor,walshchristine@example.com,FRANCE,EUROPE,NONE,FALSE
254,Katherine Flores,brandonnichols@example.org,UNITED STATES,AMERICA,NONE,TRUE
255,Diane Martinez,oacosta@example.org,JAPAN,ASIA,SILVER,FALSE
256,Johnny Peterson,kristi75@example.com,UNITED KINGDOM,EUROPE,GOLD,TRUE
257,Amanda Miller,brianrowe@example.org,GERMANY,EUROPE,SILVER,TRUE
258,Catherine Huang,lisa01@example.net,AUSTRALIA,APAC,NONE,FALSE
259,Ray Ramos,gonzalezjill@example.org,GERMANY,EUROPE,NONE,TRUE
260,Vickie Kennedy,sharon20@example.net,UNITED KINGDOM,EUROPE,GOLD,FALSE
261,Kelly King,james03@example.org,UNITED STATES,AMERICA,SILVER,FALSE
262,Jeffrey Smith,brenda63@example.org,NETHERLANDS,EUROPE,NONE,FALSE
263,Lauren Vazquez,nathandavis@example.org,CANADA,AMERICA,GREEN,FALSE
264,Mr. George Booker DDS,browndeanna@example.net,GERMANY,EUROPE,GREEN,FALSE
265,Ashley Freeman,tina57@example.net,UNITED STATES,AMERICA,NONE,FALSE
266,Michael Howard,johnwilliams@example.net,UNITED STATES,AMERICA,NONE,FALSE
267,Edward Terry,ashleystephens@example.com,NETHERLANDS,EUROPE,GREEN,TRUE
268,Denise Guerra,caseymoore@example.com,GERMANY,EUROPE,NONE,FALSE
269,Kimberly Gibson,bgross@example.net,UNITED STATES,AMERICA,NONE,TRUE
270,Patty Allen,barrettamber@example.com,UNITED KINGDOM,EUROPE,NONE,FALSE
271,Michael Cannon,chloemorris@example.net,JAPAN,ASIA,NONE,FALSE
272,Brent Hopkins,conleydavid@example.org,JAPAN,ASIA,NONE,FALSE
273,John Garcia,hbarrett@example.net,UNITED STATES,AMERICA,SILVER,FALSE
274,Dawn Diaz,smithsamantha@example.net,AUSTRALIA,APAC,NONE,FALSE
275,Steve Miller PhD,wardjulia@example.com,AUSTRALIA,APAC,GOLD,TRUE
276,Rebecca Brown,allison14@example.org,GERMANY,EUROPE,GREEN,TRUE
277,Toni Davis,amandalopez@example.net,FRANCE,EUROPE,NONE,TRUE
278,Laura Meza,xreese@example.net,UNITED STATES,AMERICA,SILVER,TRUE
279,Megan Park,kandrade@example.org,NETHERLANDS,EUROPE,GOLD,TRUE
280,Kathy Sandoval,umahoney@example.net,UNITED STATES,AMERICA,GREEN,FALSE
281,Erika Watson PhD,umckenzie@example.net,UNITED STATES,AMERICA,NONE,TRUE
282,Joshua Brooks,michael77@example.com,GERMANY,EUROPE,NONE,FALSE
283,Andrew Mitchell,holmesvictoria@example.com,GERMANY,EUROPE,NONE,FALSE
284,William Lewis,andrew48@example.net,UNITED STATES,AMERICA,SILVER,FALSE
285,Tammy Moore,stevenseric@example.com,NETHERLANDS,EUROPE,SILVER,TRUE
286,Kevin Hall,christopher69@example.org,UNITED STATES,AMERICA,NONE,FALSE
287,Misty Mcguire,tracynolan@example.net,FRANCE,EUROPE,GREEN,FALSE
288,Susan Larson,benjamin96@example.org,NETHERLANDS,EUROPE,NONE,FALSE
289,Tammy Cook,hbutler@example.org,GERMANY,EUROPE,NONE,TRUE
290,Sarah Mcfarland,hbrown@example.org,UNITED STATES,AMERICA,NONE,TRUE
291,Karl Murphy,ericnunez@example.com,UNITED STATES,AMERICA,NONE,TRUE
292,Nicole Johnston,walkerkeith@example.com,UNITED STATES,AMERICA,GREEN,TRUE
293,George Alvarez,kelleyjose@example.com,AUSTRALIA,APAC,GREEN,FALSE
294,Patricia Anderson,timothygonzalez@example.com,UNITED STATES,AMERICA,GREEN,FALSE
295,Christina Gilbert,johnadams@example.com,FRANCE,EUROPE,SILVER,TRUE
296,Thomas Davis,whenderson@example.org,CANADA,AMERICA,NONE,FALSE
297,Kirk Johnson,gary59@example.com,UNITED STATES,AMERICA,GREEN,FALSE
298,Jessica Glass,jamesbrooks@example.net,FRANCE,EUROPE,NONE,FALSE
299,Ashley Brown,mistywilkins@example.org,UNITED STATES,AMERICA,GREEN,TRUE
300,Robert Torres,njohnson@example.net,FRANCE,EUROPE,NONE,FALSE
301,Christina Mills,ana92@example.net,GERMANY,EUROPE,NONE,TRUE
302,Alicia Aguilar,scottbrian@example.org,JAPAN,ASIA,NONE,TRUE
303,Lisa Brown,jonesdonna@example.net,GERMANY,EUROPE,GREEN,TRUE
304,Mary Lin,carternicole@example.com,GERMANY,EUROPE,NONE,FALSE
305,James Bray,mckeetodd@example.net,UNITED KINGDOM,EUROPE,NONE,TRUE
306,Charlotte Mason,tcastro@example.org,UNITED STATES,AMERICA,NONE,FALSE
307,Thomas Torres,klong@example.org,JAPAN,ASIA,NONE,TRUE
308,Harold Garrett,wendyirwin@example.com,UNITED STATES,AMERICA,NONE,FALSE
309,Lori Johns,raymondstacy@example.org,UNITED STATES,AMERICA,NONE,TRUE
310,Steven Sandoval,blairabigail@example.net,FRANCE,EUROPE,NONE,TRUE
311,Lori Perez,ashleysimmons@example.com,AUSTRALIA,APAC,NONE,FALSE
312,Erin Daniels,denisecarpenter@example.net,GERMANY,EUROPE,NONE,TRUE
313,Shari Parker,russellstout@example.org,JAPAN,ASIA,GREEN,FALSE
314,Krystal Moore,grantstacy@example.org,CANADA,AMERICA,GOLD,FALSE
315,Ryan Thomas,cannonnicole@example.com,AUSTRALIA,APAC,GREEN,TRUE
316,Elizabeth Reese,edwin31@example.org,UNITED KINGDOM,EUROPE,SILVER,FALSE
317,Phillip Salazar,catherine93@example.net,FRANCE,EUROPE,GREEN,TRUE
318,Michael Howard,manderson@example.com,JAPAN,ASIA,GREEN,FALSE
319,Jacqueline Christian,kwells@example.org,UNITED STATES,AMERICA,NONE,FALSE
320,Jason Novak,stephanie33@example.org,UNITED STATES,AMERICA,NONE,TRUE
321,Timothy Duke,dwatts@example.org,GERMANY,EUROPE,NONE,FALSE
322,Ricardo Franklin,zcortez@example.net,UNITED STATES,AMERICA,GREEN,TRUE
323,Laura Herrera,meyershannon@example.org,UNITED KINGDOM,EUROPE,NONE,FALSE
324,Danielle Medina,grantzachary@example.net,FRANCE,EUROPE,SILVER,FALSE
325,Cheryl Gonzales,kim47@example.org,UNITED STATES,AMERICA,GREEN,TRUE
326,Louis Brown,stevenlucas@example.org,GERMANY,EUROPE,GREEN,FALSE
327,Ashley Osborne,phillipmorris@example.org,UNITED STATES,AMERICA,NONE,TRUE
328,Kevin Marquez,nicoledavis@example.com,FRANCE,EUROPE,GREEN,TRUE
329,Susan Hogan,davisjasmin@example.net,AUSTRALIA,APAC,NONE,FALSE
330,Joseph Cruz,nicholasjames@example.org,UNITED KINGDOM,EUROPE,SILVER,TRUE
331,Krystal Keller,fernandothomas@example.net,UNITED KINGDOM,EUROPE,GOLD,TRUE
332,Eric Cross,lroberts@example.org,GERMANY,EUROPE,NONE,TRUE
333,Toni Smith,alexander77@example.net,GERMANY,EUROPE,GOLD,FALSE
334,Lisa Snyder,briannaalvarez@example.com,UNITED KINGDOM,EUROPE,SILVER,FALSE
335,Kyle Smith,christine83@example.org,UNITED KINGDOM,EUROPE,NONE,FALSE
336,Anthony Bailey,melissaestrada@example.net,UNITED KINGDOM,EUROPE,NONE,FALSE
337,Thomas Williams,kchaney@example.net,UNITED STATES,AMERICA,GOLD,TRUE
338,Matthew Graves,tammycurry@example.com,UNITED STATES,AMERICA,NONE,TRUE
339,Anna Evans,priscilla16@example.net,UNITED STATES,AMERICA,NONE,FALSE
340,John Martinez,mark68@example.org,UNITED STATES,AMERICA,NONE,FALSE
341,Lisa Rodriguez,webbhaley@example.net,UNITED STATES,AMERICA,SILVER,FALSE
342,Lee Stewart,sara99@example.com,UNITED KINGDOM,EUROPE,GREEN,TRUE
343,Lynn Vasquez,nicolehall@example.com,FRANCE,EUROPE,SILVER,TRUE
344,April Johnson,mclaughlinjared@example.net,CANADA,AMERICA,SILVER,FALSE
345,Mrs. Felicia Castro DDS,davidsonhannah@example.com,GERMANY,EUROPE,GREEN,TRUE
346,Elizabeth Hunter,katie15@example.com,UNITED STATES,AMERICA,SILVER,TRUE
347,Keith Choi,jamesbass@example.net,AUSTRALIA,APAC,GOLD,TRUE
348,John Johnson,timothyburton@example.net,CANADA,AMERICA,GREEN,TRUE
349,Julia Olsen,conleykevin@example.net,FRANCE,EUROPE,NONE,TRUE
350,Kristen Smith,lauren51@example.org,FRANCE,EUROPE,NONE,TRUE
351,Andre Terrell,ashleyprice@example.net,UNITED STATES,AMERICA,NONE,TRUE
352,Richard Parker,jennifer46@example.org,UNITED STATES,AMERICA,GOLD,TRUE
353,David Hayes DVM,aliciathompson@example.com,AUSTRALIA,APAC,NONE,FALSE
354,Paula Gentry,zhunter@example.com,UNITED STATES,AMERICA,GREEN,TRUE
355,Brittany Peterson,hoconnor@example.com,SPAIN,EUROPE,GOLD,FALSE
356,Briana Wiggins,jamiejohnson@example.com,JAPAN,ASIA,GREEN,TRUE
357,Kelly Smith,mcdanielbrooke@example.org,GERMANY,EUROPE,NONE,TRUE
358,Stephen Garcia,andrew43@example.com,UNITED KINGDOM,EUROPE,NONE,TRUE
359,Dustin Patel,rlambert@example.org,FRANCE,EUROPE,SILVER,TRUE
360,Brian Mullen,clarkmichael@example.com,GERMANY,EUROPE,SILVER,TRUE
361,Tony Brock,georgecollins@example.com,UNITED KINGDOM,EUROPE,NONE,TRUE
362,Amber Johnson,rodriguezbrian@example.com,GERMANY,EUROPE,SILVER,TRUE
363,Michael Vance,tjensen@example.com,UNITED STATES,AMERICA,SILVER,FALSE
364,Michelle Lambert,beltrankatelyn@example.com,FRANCE,EUROPE,GREEN,TRUE
365,Anna Lang,tdavis@example.net,CANADA,AMERICA,GREEN,TRUE
366,Pamela Ruiz,douglashuang@example.com,AUSTRALIA,APAC,NONE,FALSE
367,Jenna Lyons,kristina57@example.com,UNITED STATES,AMERICA,GOLD,FALSE
368,John Bell,ssingleton@example.com,GERMANY,EUROPE,NONE,FALSE
369,Bethany Garcia,nguyendebra@example.com,UNITED KINGDOM,EUROPE,GOLD,FALSE
370,Jennifer Gutierrez,amydickson@example.com,CANADA,AMERICA,NONE,FALSE
371,Daniel Benson,bmueller@example.net,JAPAN,ASIA,NONE,FALSE
372,Kimberly Young,stevensonjennifer@example.com,GERMANY,EUROPE,NONE,FALSE
373,Kyle Nguyen,shortgregory@example.com,SWEDEN,EUROPE,GOLD,TRUE
374,Brian Cervantes,pmurphy@example.net,CANADA,AMERICA,NONE,TRUE
375,Daniel Taylor,shermandonna@example.com,FRANCE,EUROPE,NONE,TRUE
376,Jean Lane,jamierich@example.com,NETHERLANDS,EUROPE,GREEN,TRUE
377,Susan Torres,wrobbins@example.org,AUSTRALIA,APAC,NONE,FALSE
378,Lisa Dixon,melissabrown@example.net,UNITED KINGDOM,EUROPE,NONE,TRUE
379,April Castro,daniel40@example.org,FRANCE,EUROPE,GREEN,TRUE
380,Kevin Garrett,bsullivan@example.net,GERMANY,EUROPE,NONE,TRUE
381,Christopher Taylor,xbridges@example.com,NETHERLANDS,EUROPE,NONE,TRUE
382,Zachary Santiago,alexanderwong@example.org,FRANCE,EUROPE,GOLD,TRUE
383,Katelyn Kim,christophermay@example.com,GERMANY,EUROPE,NONE,TRUE
384,Stephanie Dominguez,dhanson@example.net,AUSTRALIA,APAC,GREEN,FALSE
385,Robert Cruz,jacobjacobs@example.net,UNITED STATES,AMERICA,NONE,FALSE
386,Dr. Michael Adams DVM,arthur09@example.com,GERMANY,EUROPE,SILVER,FALSE
387,Ashley Olson,thomasjessica@example.com,UNITED KINGDOM,EUROPE,SILVER,TRUE
388,Blake Wu,sanchezcrystal@example.net,GERMANY,EUROPE,NONE,FALSE
389,Angela Schultz,chloe58@example.org,NETHERLANDS,EUROPE,NONE,FALSE
390,Jose Harrison,robert44@example.org,UNITED STATES,AMERICA,NONE,TRUE
391,Thomas Curry,bryan79@example.org,UNITED STATES,AMERICA,SILVER,FALSE
392,Mary Carter,mitchellchristopher@example.net,NETHERLANDS,EUROPE,GREEN,FALSE
393,Richard King,joshua40@example.net,JAPAN,ASIA,NONE,TRUE
394,Christopher Vargas,donnawood@example.org,UNITED KINGDOM,EUROPE,NONE,TRUE
395,Michael Washington,cooperchristopher@example.org,UNITED STATES,AMERICA,NONE,FALSE
396,Samantha Monroe,ptownsend@example.net,UNITED STATES,AMERICA,SILVER,TRUE
397,Mark Clark,brian41@example.org,UNITED STATES,AMERICA,GREEN,TRUE
398,James Turner,noahthornton@example.com,AUSTRALIA,APAC,NONE,TRUE
399,Joseph Graham,sara76@example.net,JAPAN,ASIA,NONE,TRUE
400,Joseph Blanchard,hardindana@example.com,UNITED KINGDOM,EUROPE,NONE,FALSE
401,Marissa Nelson,joseph14@example.net,CANADA,AMERICA,SILVER,TRUE
402,Julia Leonard,jessicachapman@example.org,UNITED STATES,AMERICA,NONE,FALSE
403,Megan Kaiser,amy01@example.org,UNITED STATES,AMERICA,NONE,FALSE
404,Joseph Jennings,jeffrey44@example.org,SWEDEN,EUROPE,NONE,TRUE
405,Manuel Brown,stephanielittle@example.net,FRANCE,EUROPE,SILVER,FALSE
406,Angelica Jacobs,pdouglas@example.net,UNITED KINGDOM,EUROPE,NONE,TRUE
407,Cathy Rodriguez,jonowens@example.org,CANADA,AMERICA,NONE,FALSE
408,Tammy Hill,qschwartz@example.com,UNITED STATES,AMERICA,NONE,TRUE
409,Richard Ramirez,reyesmarvin@example.org,UNITED STATES,AMERICA,SILVER,FALSE
410,Robert Thompson,vasquezsarah@example.net,UNITED STATES,AMERICA,GREEN,TRUE
411,Matthew Rodriguez,probinson@example.org,JAPAN,ASIA,NONE,FALSE
412,Michelle Garcia,jonesjessica@example.com,FRANCE,EUROPE,GREEN,FALSE
413,Jonathan Delgado,fitzpatrickelizabeth@example.com,UNITED KINGDOM,EUROPE,NONE,FALSE
414,Gary Myers,robertsonshelby@example.com,SPAIN,EUROPE,NONE,FALSE
415,Jared Luna,fernandezaaron@example.net,FRANCE,EUROPE,GREEN,FALSE
416,Karen Bradley,mathew46@example.org,SWEDEN,EUROPE,NONE,FALSE
417,Tina Davis,christopher74@example.net,UNITED STATES,AMERICA,NONE,TRUE
418,Julian Ponce,kentprice@example.org,GERMANY,EUROPE,NONE,TRUE
419,Heather Miller,imoss@example.org,FRANCE,EUROPE,NONE,TRUE
420,Nathan Watkins,yprice@example.net,SPAIN,EUROPE,SILVER,TRUE
421,Kathryn Hanna,blevy@example.org,UNITED KINGDOM,EUROPE,NONE,FALSE
422,George Le,zwilson@example.net,NETHERLANDS,EUROPE,NONE,FALSE
423,Judy Gregory,joycehall@example.org,CANADA,AMERICA,NONE,TRUE
424,Charles Valdez,nmeadows@example.org,UNITED KINGDOM,EUROPE,GREEN,FALSE
425,Matthew Smith,conwaylori@example.org,GERMANY,EUROPE,NONE,TRUE
426,Christopher Garza,wilsonbrooke@example.net,UNITED STATES,AMERICA,SILVER,FALSE
427,Robert Simmons,rnguyen@example.net,GERMANY,EUROPE,GREEN,FALSE
428,Erica Oconnell,kathrynwatkins@example.com,UNITED KINGDOM,EUROPE,GREEN,TRUE
429,Donald Todd,heathertran@example.com,UNITED KINGDOM,EUROPE,NONE,FALSE
430,Kevin Anderson,bstrickland@example.com,UNITED KINGDOM,EUROPE,SILVER,TRUE
431,Adam Howe,robert72@example.org,FRANCE,EUROPE,NONE,FALSE
432,Devin Cole,sharonbishop@example.org,JAPAN,ASIA,GREEN,TRUE
433,Michelle Salazar,burtonkimberly@example.com,UNITED KINGDOM,EUROPE,GOLD,TRUE
434,Justin Lee,montgomerymichelle@example.net,UNITED KINGDOM,EUROPE,GREEN,FALSE
435,Julie Sims,joshualee@example.org,UNITED STATES,AMERICA,GREEN,TRUE
436,Tracy Wells,ernestlivingston@example.org,UNITED STATES,AMERICA,GREEN,FALSE
437,Dominique Hamilton,christina70@example.org,CANADA,AMERICA,NONE,FALSE
438,Tammy Thompson,washingtondarren@example.org,AUSTRALIA,APAC,SILVER,TRUE
439,Leslie Nguyen,julievillanueva@example.org,JAPAN,ASIA,NONE,TRUE
440,Erika Garcia,ykane@example.org,UNITED STATES,AMERICA,NONE,FALSE
441,Kevin Brown,nthomas@example.com,FRANCE,EUROPE,SILVER,TRUE
442,James Ellis,crystalcantrell@example.org,UNITED KINGDOM,EUROPE,NONE,FALSE
443,Andrew Carroll,derek77@example.com,AUSTRALIA,APAC,SILVER,TRUE
444,Greg Tanner,kristinelittle@example.net,CANADA,AMERICA,SILVER,FALSE
445,Laura Tran,christophervincent@example.com,GERMANY,EUROPE,GREEN,FALSE
446,Cindy Wells,uramirez@example.com,FRANCE,EUROPE,NONE,FALSE
447,Danielle Murphy,patriciavargas@example.org,UNITED STATES,AMERICA,NONE,FALSE
448,Stephanie Butler,williamsthomas@example.net,UNITED STATES,AMERICA,GOLD,FALSE
449,Joseph Mendoza,chavezjohn@example.net,FRANCE,EUROPE,NONE,FALSE
450,Melissa Russell,davidphillips@example.net,UNITED STATES,AMERICA,GREEN,TRUE
451,Mrs. Maureen Martin DDS,braysteven@example.org,UNITED STATES,AMERICA,NONE,TRUE
452,Jennifer Clarke,courtney01@example.com,UNITED STATES,AMERICA,GREEN,TRUE
453,Faith Johnson,smullins@example.net,CANADA,AMERICA,GREEN,FALSE
454,Rebecca French,olivermatthew@example.org,UNITED STATES,AMERICA,NONE,TRUE
455,Susan Cox,rodriguezmichael@example.net,SPAIN,EUROPE,GOLD,TRUE
456,Jacob Wong,castrokim@example.org,GERMANY,EUROPE,GOLD,TRUE
457,Mrs. Ashley Mendoza,karenhodges@example.com,AUSTRALIA,APAC,SILVER,FALSE
458,Derek Frazier,brian55@example.com,NETHERLANDS,EUROPE,NONE,TRUE
459,Mr. Bryan Mckinney,shannon51@example.org,GERMANY,EUROPE,NONE,FALSE
460,Judith Miller,keithfrye@example.org,JAPAN,ASIA,NONE,FALSE
461,Brian Hernandez,nancymeyer@example.net,FRANCE,EUROPE,GREEN,TRUE
462,Jason Fleming,thomasfisher@example.net,UNITED STATES,AMERICA,GREEN,FALSE
463,Dorothy Brown,marystone@example.com,JAPAN,ASIA,GREEN,FALSE
464,Grant Lucas,todd88@example.com,GERMANY,EUROPE,NONE,FALSE
465,Keith Villanueva,george43@example.com,SPAIN,EUROPE,NONE,FALSE
466,Dwayne Bruce,michaelbryant@example.org,UNITED STATES,AMERICA,NONE,FALSE
467,Caitlyn Nichols,teresafranco@example.net,UNITED STATES,AMERICA,SILVER,TRUE
468,Rebecca Martin,williamsleslie@example.org,FRANCE,EUROPE,GOLD,TRUE
469,Jacob Harris,wadetiffany@example.org,UNITED STATES,AMERICA,GREEN,FALSE
470,Joshua Martin,david06@example.com,NETHERLANDS,EUROPE,GOLD,FALSE
471,Theresa Reilly,adamrodgers@example.net,UNITED STATES,AMERICA,NONE,TRUE
472,Michael Wells,tara92@example.net,GERMANY,EUROPE,SILVER,FALSE
473,Tammy Morgan,dennisrachel@example.org,UNITED STATES,AMERICA,SILVER,TRUE
474,Audrey Johnson,seandavis@example.org,NETHERLANDS,EUROPE,SILVER,FALSE
475,Christie Fox,james18@example.com,UNITED KINGDOM,EUROPE,SILVER,TRUE
476,Tina Daugherty,ulee@example.net,SWEDEN,EUROPE,GREEN,TRUE
477,Terri Kerr,raymond65@example.com,UNITED STATES,AMERICA,GREEN,FALSE
478,Dustin Bell,fsawyer@example.org,UNITED KINGDOM,EUROPE,GOLD,TRUE
479,Jill Riddle,zroberts@example.net,JAPAN,ASIA,NONE,FALSE
480,Jessica Mosley,maryharper@example.org,UNITED KINGDOM,EUROPE,SILVER,TRUE
481,John Dillon,carl96@example.org,UNITED STATES,AMERICA,GOLD,TRUE
482,Mark Nelson,angelapage@example.org,FRANCE,EUROPE,GOLD,FALSE
483,Ronnie Roberts,twilliams@example.net,UNITED KINGDOM,EUROPE,GOLD,TRUE
484,Justin Ford,moodyeric@example.com,FRANCE,EUROPE,NONE,TRUE
485,Sandra Kennedy,robert73@example.org,NETHERLANDS,EUROPE,NONE,TRUE
486,Donald Gamble,georgemichael@example.com,UNITED KINGDOM,EUROPE,GOLD,TRUE
487,Sheena Burton,hmccann@example.com,UNITED STATES,AMERICA,SILVER,TRUE
488,Laura Bruce,bonniethomas@example.com,SPAIN,EUROPE,GREEN,FALSE
489,Brandy Martin,michael50@example.com,JAPAN,ASIA,GREEN,TRUE
490,Mark Jones,katiewhite@example.org,NETHERLANDS,EUROPE,GREEN,FALSE
491,Carol Morris,margaret44@example.net,FRANCE,EUROPE,GREEN,FALSE
492,Heidi Ferguson,madeline02@example.net,UNITED KINGDOM,EUROPE,NONE,FALSE
493,Richard Jenkins,curtismoore@example.org,SWEDEN,EUROPE,NONE,TRUE
494,Rebecca Hansen,butlersabrina@example.org,FRANCE,EUROPE,SILVER,TRUE
495,Tammy Mendoza,hannah27@example.net,UNITED KINGDOM,EUROPE,NONE,TRUE
496,Tracy Jackson,anthony13@example.org,CANADA,AMERICA,NONE,FALSE
497,Brenda Perez,jasonzavala@example.com,GERMANY,EUROPE,GREEN,TRUE
498,Rachel Jones,ctodd@example.org,UNITED STATES,AMERICA,NONE,TRUE
499,Ricky Palmer,harrisonrebekah@example.org,UNITED KINGDOM,EUROPE,NONE,TRUE
500,Michael Webster,morajamie@example.org,UNITED KINGDOM,EUROPE,GOLD,TRUE
501,Gregory Davis,stacy55@example.org,UNITED STATES,AMERICA,NONE,FALSE
502,Phyllis Austin,garciabelinda@example.org,SWEDEN,EUROPE,NONE,FALSE
503,Michelle Brandt,rachelmedina@example.net,GERMANY,EUROPE,NONE,TRUE
504,Daniel Gordon,lrichardson@example.org,SPAIN,EUROPE,NONE,FALSE
505,Tyler White,tina63@example.net,UNITED STATES,AMERICA,GOLD,FALSE
506,Brian Rollins,owensapril@example.com,GERMANY,EUROPE,NONE,TRUE
507,Michele Hawkins,millertristan@example.com,UNITED STATES,AMERICA,NONE,FALSE
508,Kyle Collins,aperez@example.com,NETHERLANDS,EUROPE,NONE,TRUE
509,Mrs. Shannon Jacobson,xcrosby@example.org,UNITED STATES,AMERICA,NONE,TRUE
510,Michael Powers,qkim@example.net,UNITED KINGDOM,EUROPE,NONE,FALSE
511,Charles Morales,figueroapatricia@example.org,FRANCE,EUROPE,NONE,TRUE
512,William Morgan,bmartinez@example.net,CANADA,AMERICA,NONE,FALSE
513,Dr. Ralph Wheeler DDS,qkelly@example.net,UNITED STATES,AMERICA,NONE,TRUE
514,Victoria Dixon,katrinarodriguez@example.com,UNITED STATES,AMERICA,SILVER,FALSE
515,David Dunlap Jr.,greertyrone@example.org,UNITED KINGDOM,EUROPE,SILVER,TRUE
516,Janet Shelton,kevinhanson@example.org,UNITED STATES,AMERICA,GREEN,TRUE
517,Kelly Vasquez,qharris@example.com,AUSTRALIA,APAC,NONE,TRUE
518,Dennis Cooper PhD,cisnerosanthony@example.com,NETHERLANDS,EUROPE,GOLD,FALSE
519,Barbara Cole,cramos@example.org,UNITED STATES,AMERICA,GREEN,TRUE
520,Matthew Chan,travistaylor@example.net,JAPAN,ASIA,NONE,FALSE
521,Phillip Carroll,rkeller@example.net,UNITED STATES,AMERICA,SILVER,FALSE
522,Karen Dickerson,myerstroy@example.com,UNITED STATES,AMERICA,NONE,FALSE
523,Heather Levine,bryan90@example.org,CANADA,AMERICA,SILVER,FALSE
524,Hannah Harmon,hubbardcolleen@example.com,UNITED STATES,AMERICA,NONE,TRUE
525,Gregory Howard,brian33@example.org,CANADA,AMERICA,GREEN,TRUE
526,Leslie Lozano,meltondanny@example.org,FRANCE,EUROPE,GOLD,TRUE
527,Gabriel Murray,abradley@example.com,UNITED KINGDOM,EUROPE,GREEN,FALSE
528,John Johnson,nicholas65@example.net,FRANCE,EUROPE,GREEN,TRUE
529,John Vazquez,matthewshaw@example.net,FRANCE,EUROPE,GREEN,TRUE
530,Lucas Cox,oharris@example.org,AUSTRALIA,APAC,SILVER,TRUE
531,Kimberly Mitchell,evansashley@example.org,SWEDEN,EUROPE,SILVER,TRUE
532,Tina Robbins,vargasjoshua@example.net,FRANCE,EUROPE,NONE,TRUE
533,Karen Clark,pearsonkevin@example.com,UNITED KINGDOM,EUROPE,NONE,FALSE
534,Joshua Gonzalez,gking@example.com,NETHERLANDS,EUROPE,SILVER,TRUE
535,Kimberly Ibarra,barbaralewis@example.net,JAPAN,ASIA,NONE,FALSE
536,Debra Little,umichael@example.net,FRANCE,EUROPE,NONE,FALSE
537,Curtis Ford,edwardjennings@example.com,GERMANY,EUROPE,NONE,TRUE
538,Jennifer Dalton,waltersmeghan@example.com,CANADA,AMERICA,NONE,TRUE
539,Maria Scott,richardwilson@example.org,GERMANY,EUROPE,NONE,TRUE
540,Robert Collins,bcastro@example.com,UNITED KINGDOM,EUROPE,NONE,FALSE
541,Amanda Moore,anthonyclarke@example.com,GERMANY,EUROPE,NONE,FALSE
542,Casey Phelps,dcasey@example.org,UNITED STATES,AMERICA,GREEN,FALSE
543,Edward Brown,qmosley@example.net,UNITED STATES,AMERICA,GREEN,TRUE
544,Jennifer Larsen,joelduncan@example.net,FRANCE,EUROPE,NONE,TRUE
545,Kelly Calderon,tyler13@example.net,AUSTRALIA,APAC,NONE,FALSE
546,Robert Murphy,vshaffer@example.org,AUSTRALIA,APAC,GREEN,TRUE
547,Claudia Rodriguez,taragonzales@example.com,UNITED STATES,AMERICA,NONE,FALSE
548,Amy Ferguson,stewartrodney@example.net,CANADA,AMERICA,NONE,TRUE
549,Donald Mueller,michaelbaldwin@example.com,UNITED STATES,AMERICA,NONE,FALSE
550,Walter Obrien,vazquezkristina@example.org,FRANCE,EUROPE,NONE,TRUE
551,James Fowler,rebecca18@example.org,AUSTRALIA,APAC,NONE,TRUE
552,Jasmine Browning,qpennington@example.com,GERMANY,EUROPE,NONE,TRUE
553,Rodney Young,michelemartin@example.com,UNITED KINGDOM,EUROPE,GOLD,TRUE
554,Sherry Wang,rmccormick@example.org,NETHERLANDS,EUROPE,NONE,FALSE
555,Teresa Ruiz,vhouse@example.net,UNITED KINGDOM,EUROPE,SILVER,TRUE
556,Thomas Garcia,hollyhunter@example.com,GERMANY,EUROPE,GREEN,TRUE
557,Nicholas Kelley,shawn00@example.net,UNITED KINGDOM,EUROPE,NONE,TRUE
558,Lorraine Gibbs,aarongonzalez@example.com,UNITED STATES,AMERICA,GREEN,TRUE
559,Bradley Moore,melaniejennings@example.com,UNITED STATES,AMERICA,GOLD,FALSE
560,Shane Anderson,graceserrano@example.com,AUSTRALIA,APAC,NONE,TRUE
561,Jason White,kduffy@example.org,JAPAN,ASIA,NONE,FALSE
562,Alexander Hansen,rebeccamccann@example.org,FRANCE,EUROPE,NONE,TRUE
563,Samuel Williams,jburke@example.org,AUSTRALIA,APAC,NONE,FALSE
564,Carolyn Bradley,higginsryan@example.com,AUSTRALIA,APAC,GOLD,TRUE
565,Kathleen Walker,jamesatkins@example.com,UNITED STATES,AMERICA,NONE,FALSE
566,Johnny Anderson,carolcarney@example.com,SWEDEN,EUROPE,NONE,TRUE
567,Chelsey White,anthonycherry@example.org,UNITED STATES,AMERICA,NONE,TRUE
568,Susan Wood,emiller@example.org,UNITED STATES,AMERICA,NONE,FALSE
569,Valerie Sanders,jennifererickson@example.net,UNITED STATES,AMERICA,NONE,TRUE
570,Angel Hawkins,cookjimmy@example.com,NETHERLANDS,EUROPE,NONE,TRUE
571,Teresa Coffey DDS,smithwilliam@example.com,UNITED STATES,AMERICA,GREEN,FALSE
572,James Wood,carpenterjorge@example.net,NETHERLANDS,EUROPE,SILVER,TRUE
573,Gerald Mcdonald Jr.,hthomas@example.com,FRANCE,EUROPE,NONE,FALSE
574,Carl Savage,julie64@example.com,AUSTRALIA,APAC,NONE,FALSE
575,Pam Baker,ryan25@example.net,UNITED KINGDOM,EUROPE,NONE,FALSE
576,Pamela Hernandez DVM,jbrown@example.org,UNITED STATES,AMERICA,GREEN,TRUE
577,Andrew Green,fgraham@example.org,CANADA,AMERICA,NONE,TRUE
578,William Hoffman,uvasquez@example.org,GERMANY,EUROPE,NONE,TRUE
579,Brandon Oneill,marybrady@example.com,CANADA,AMERICA,GOLD,TRUE
580,Mary Lewis,foxashley@example.com,NETHERLANDS,EUROPE,NONE,TRUE
581,Danielle Jimenez,clayanthony@example.net,GERMANY,EUROPE,GOLD,FALSE
582,Mrs. Jacqueline Hickman,hooderic@example.org,UNITED KINGDOM,EUROPE,GREEN,FALSE
583,Michael Castillo,brooke05@example.org,CANADA,AMERICA,NONE,FALSE
584,Tiffany Nguyen,jasonwilliams@example.net,FRANCE,EUROPE,GREEN,TRUE
585,Robert Manning,qdavis@example.org,UNITED STATES,AMERICA,SILVER,FALSE
586,Randy Ross,phelpsfrank@example.com,UNITED STATES,AMERICA,GREEN,TRUE
587,Paul Valdez,evanslaurie@example.net,FRANCE,EUROPE,NONE,TRUE
588,Emily Cohen,michaeldavis@example.com,AUSTRALIA,APAC,NONE,TRUE
589,Katherine Mcclure,madams@example.com,UNITED STATES,AMERICA,NONE,TRUE
590,Jay Richardson,ryansimmons@example.org,UNITED STATES,AMERICA,NONE,FALSE
591,Valerie Rhodes,sarahrose@example.net,NETHERLANDS,EUROPE,NONE,TRUE
592,Donna Kim,ievans@example.net,GERMANY,EUROPE,SILVER,FALSE
593,Sarah Mills,ashley81@example.org,UNITED STATES,AMERICA,GOLD,TRUE
594,Kayla Gutierrez,kguerrero@example.com,AUSTRALIA,APAC,NONE,FALSE
595,Kevin Mack,wilsondorothy@example.org,FRANCE,EUROPE,SILVER,FALSE
596,Sarah Williams,tmcdowell@example.com,UNITED STATES,AMERICA,NONE,FALSE
597,Jordan Santiago,matthew23@example.org,FRANCE,EUROPE,NONE,TRUE
598,William Green,hamiltonandrew@example.com,SPAIN,EUROPE,GREEN,TRUE
599,Christopher Woods,vmelton@example.net,GERMANY,EUROPE,SILVER,TRUE
600,Elizabeth Li,hannah64@example.org,UNITED KINGDOM,EUROPE,GOLD,FALSE
601,Adrian Rodriguez,hortonjacob@example.org,JAPAN,ASIA,NONE,FALSE
602,Matthew Santos,ywilkinson@example.net,NETHERLANDS,EUROPE,NONE,TRUE
603,Eric Ford,hhenderson@example.org,NETHERLANDS,EUROPE,NONE,TRUE
604,Nancy Wallace,cruiz@example.net,CANADA,AMERICA,SILVER,TRUE
605,Edward Gallegos,awilliams@example.org,UNITED STATES,AMERICA,NONE,FALSE
606,Michelle Petty,mmclaughlin@example.net,UNITED STATES,AMERICA,NONE,FALSE
607,Donna Freeman,upalmer@example.net,UNITED KINGDOM,EUROPE,GOLD,TRUE
608,Susan Dillon,jenniferrice@example.com,GERMANY,EUROPE,GREEN,FALSE
609,Kristen Adams,hsmall@example.com,FRANCE,EUROPE,NONE,FALSE
610,Maria West,ssmith@example.net,UNITED KINGDOM,EUROPE,NONE,TRUE
611,Gregg Hall,brianacohen@example.net,FRANCE,EUROPE,GOLD,FALSE
612,Michelle Mcdonald,jennifer66@example.net,SPAIN,EUROPE,NONE,FALSE
613,Heather Kennedy,christycampbell@example.net,AUSTRALIA,APAC,GREEN,FALSE
614,John Thompson,catherinegarcia@example.com,CANADA,AMERICA,SILVER,FALSE
615,Katherine Young,kiddmichael@example.com,UNITED STATES,AMERICA,SILVER,FALSE
616,Christopher Clayton,romanmatthew@example.org,FRANCE,EUROPE,NONE,FALSE
617,Barbara Walker,victoria50@example.net,UNITED STATES,AMERICA,NONE,TRUE
618,Chris Vaughn,mccarthysara@example.com,GERMANY,EUROPE,NONE,TRUE
619,Tonya Campos,harringtonchelsea@example.org,UNITED STATES,AMERICA,SILVER,TRUE
620,Amanda Garcia,pittsrhonda@example.org,SPAIN,EUROPE,SILVER,FALSE
621,Michelle Gill,goconnor@example.org,NETHERLANDS,EUROPE,NONE,TRUE
622,Felicia Taylor,scottperry@example.org,FRANCE,EUROPE,NONE,TRUE
623,Robert Peterson,christopherwatson@example.com,GERMANY,EUROPE,NONE,TRUE
624,Maurice Hernandez,icobb@example.com,UNITED STATES,AMERICA,NONE,TRUE
625,Jason Ellis,sherry72@example.org,FRANCE,EUROPE,GOLD,FALSE
626,Kelly Jones,leroy26@example.org,CANADA,AMERICA,GREEN,FALSE
627,Andrew Nielsen,rachelbrown@example.net,NETHERLANDS,EUROPE,GREEN,TRUE
628,Rebecca Liu,robert84@example.net,UNITED STATES,AMERICA,GREEN,FALSE
629,Susan Smith,rachel92@example.net,GERMANY,EUROPE,NONE,TRUE
630,Mathew Clay,zterry@example.net,UNITED STATES,AMERICA,GOLD,FALSE
631,Craig Turner,medinapeter@example.net,UNITED STATES,AMERICA,GOLD,FALSE
632,Beth Braun,jason88@example.com,AUSTRALIA,APAC,GOLD,TRUE
633,Nicole Moore,zamoraamber@example.com,JAPAN,ASIA,NONE,FALSE
634,Raymond Barber,dennismckenzie@example.com,UNITED STATES,AMERICA,SILVER,FALSE
635,Heather Williams,westashley@example.org,UNITED STATES,AMERICA,NONE,FALSE
636,William Trujillo,michaelmitchell@example.net,NETHERLANDS,EUROPE,GOLD,FALSE
637,Brenda Gray,danielblack@example.org,SWEDEN,EUROPE,GREEN,TRUE
638,Heather Garcia,fpoole@example.org,CANADA,AMERICA,NONE,TRUE
639,Stephen Alvarez,rmiller@example.net,UNITED KINGDOM,EUROPE,GREEN,TRUE
640,Justin Maxwell,breanna67@example.net,GERMANY,EUROPE,NONE,FALSE
641,Katherine Mcpherson,drewmartinez@example.net,UNITED KINGDOM,EUROPE,GREEN,FALSE
642,Walter Palmer,bensonstanley@example.org,UNITED STATES,AMERICA,NONE,TRUE
643,Terry Wood,guzmanricky@example.org,JAPAN,ASIA,GOLD,TRUE
644,Dylan Mills,watsonvickie@example.com,AUSTRALIA,APAC,SILVER,TRUE
645,Alfred Thomas,twilliams@example.com,JAPAN,ASIA,NONE,TRUE
646,Robert Burns,kelleycarlos@example.org,JAPAN,ASIA,SILVER,FALSE
647,Kenneth Knight,kimberly79@example.org,GERMANY,EUROPE,GOLD,FALSE
648,Kathy Murray,jcontreras@example.net,FRANCE,EUROPE,SILVER,TRUE
649,Robert Beck,zhughes@example.com,FRANCE,EUROPE,NONE,TRUE
650,Tina Wu,debbie20@example.net,UNITED KINGDOM,EUROPE,GREEN,TRUE
651,Patricia Parker,schneiderchristopher@example.net,UNITED STATES,AMERICA,GREEN,FALSE
652,Nina Bernard,karenshaw@example.org,UNITED STATES,AMERICA,GREEN,TRUE
653,Timothy White,hilljamie@example.net,UNITED KINGDOM,EUROPE,NONE,FALSE
654,Lauren Miller,richard07@example.org,UNITED STATES,AMERICA,GOLD,TRUE
655,Christopher Johnson,patrick11@example.org,GERMANY,EUROPE,SILVER,FALSE
656,Dominique White,moorestephanie@example.net,UNITED STATES,AMERICA,GREEN,TRUE
657,Lucas Nguyen,reeveskenneth@example.org,GERMANY,EUROPE,NONE,FALSE
658,Jason Nguyen,hdavid@example.org,GERMANY,EUROPE,GREEN,TRUE
659,Paul Willis,gromero@example.com,UNITED STATES,AMERICA,NONE,FALSE
660,Debra Flores,bjones@example.com,GERMANY,EUROPE,GOLD,TRUE
661,Susan Smith,sanchezangela@example.org,FRANCE,EUROPE,SILVER,TRUE
662,Jason Miller,kristathomas@example.net,FRANCE,EUROPE,NONE,TRUE
663,Dr. Kimberly Henderson,dwilliams@example.net,GERMANY,EUROPE,NONE,TRUE
664,William Smith,qnelson@example.net,UNITED STATES,AMERICA,GREEN,TRUE
665,Gregory Chen,brandon89@example.org,UNITED STATES,AMERICA,NONE,TRUE
666,James Martinez,jessicalutz@example.com,UNITED KINGDOM,EUROPE,GREEN,TRUE
667,Jonathan Pham,cynthia74@example.org,SWEDEN,EUROPE,GREEN,FALSE
668,Erica Clark,allen20@example.net,CANADA,AMERICA,NONE,TRUE
669,Steven Chambers,speters@example.net,UNITED STATES,AMERICA,SILVER,TRUE
670,James Miller PhD,ryanpatricia@example.net,FRANCE,EUROPE,NONE,FALSE
671,Caleb Stanton,wcarey@example.com,JAPAN,ASIA,GREEN,FALSE
672,Randy Terry,martinezmitchell@example.org,UNITED STATES,AMERICA,NONE,TRUE
673,Daniel Smith,erin53@example.org,GERMANY,EUROPE,SILVER,TRUE
674,Lori Stokes,jimsnyder@example.com,GERMANY,EUROPE,GREEN,FALSE
675,Johnathan Padilla,adrianjoyce@example.net,UNITED STATES,AMERICA,GREEN,FALSE
676,Sergio Carroll,mjackson@example.net,NETHERLANDS,EUROPE,NONE,FALSE
677,Megan Morrison,cameronanderson@example.org,SWEDEN,EUROPE,GOLD,TRUE
678,Timothy Foley,james08@example.net,GERMANY,EUROPE,GOLD,TRUE
679,Justin Gibson,pdavidson@example.org,JAPAN,ASIA,NONE,FALSE
680,Erica Richard,rhill@example.net,UNITED STATES,AMERICA,SILVER,FALSE
681,Isaiah Blake,brandonhull@example.net,NETHERLANDS,EUROPE,GREEN,TRUE
682,Aaron Lee,beardlindsey@example.net,GERMANY,EUROPE,SILVER,TRUE
683,Michael Rosario,jamesmurphy@example.org,CANADA,AMERICA,NONE,FALSE
684,Anne Castillo,watkinsconnie@example.com,GERMANY,EUROPE,NONE,TRUE
685,Danielle Wells,marissa58@example.org,FRANCE,EUROPE,SILVER,TRUE
686,Patricia Harvey,garrettbeth@example.org,UNITED STATES,AMERICA,SILVER,TRUE
687,Sydney Bennett,pattonbryan@example.com,UNITED KINGDOM,EUROPE,NONE,FALSE
688,Leslie Reynolds,byrdanita@example.com,UNITED STATES,AMERICA,GREEN,FALSE
689,Jennifer Williamson,mhall@example.net,NETHERLANDS,EUROPE,NONE,FALSE
690,Jody Marshall,nhobbs@example.org,JAPAN,ASIA,NONE,TRUE
691,Timothy Logan,lholmes@example.org,FRANCE,EUROPE,NONE,TRUE
692,Adam Reeves,rebeccamartinez@example.net,FRANCE,EUROPE,NONE,FALSE
693,Jason Hardy,ilopez@example.org,UNITED KINGDOM,EUROPE,GREEN,FALSE
694,Eric Graham,larry82@example.org,GERMANY,EUROPE,NONE,TRUE
695,Larry Carter,holmesdiane@example.org,UNITED STATES,AMERICA,NONE,FALSE
696,Jonathon Conley,hendersonjames@example.org,AUSTRALIA,APAC,GOLD,TRUE
697,Christina Jones,elizabethneal@example.com,NETHERLANDS,EUROPE,GREEN,TRUE
698,Erin Lane,christina65@example.org,NETHERLANDS,EUROPE,NONE,TRUE
699,Shawn Lozano,arobinson@example.net,UNITED STATES,AMERICA,GREEN,TRUE
700,David Hanson,timothytate@example.com,UNITED KINGDOM,EUROPE,GREEN,TRUE
701,Jamie Ross,coxcharles@example.org,CANADA,AMERICA,SILVER,FALSE
702,Brenda Alexander,bradley03@example.org,UNITED STATES,AMERICA,NONE,FALSE
703,Daniel Green,matthewspencer@example.org,UNITED STATES,AMERICA,SILVER,TRUE
704,Christopher Green,smitherica@example.com,UNITED STATES,AMERICA,NONE,TRUE
705,Stacey Morgan,kevinallen@example.com,FRANCE,EUROPE,NONE,TRUE
706,Teresa Rowland,ejohns@example.org,UNITED KINGDOM,EUROPE,GREEN,FALSE
707,Thomas Norton,amandabenson@example.com,UNITED STATES,AMERICA,GREEN,TRUE
708,Vanessa Sanchez,hinesbrenda@example.net,GERMANY,EUROPE,NONE,TRUE
709,Charles Wright,monique89@example.com,UNITED KINGDOM,EUROPE,SILVER,TRUE
710,Brad Ruiz,jacksonpaul@example.net,SPAIN,EUROPE,GOLD,FALSE
711,Jacqueline Stone,marcbrooks@example.net,UNITED KINGDOM,EUROPE,SILVER,FALSE
712,Dr. John Perkins,clarkpatricia@example.com,UNITED STATES,AMERICA,GOLD,FALSE
713,Jennifer Torres,xduncan@example.com,NETHERLANDS,EUROPE,NONE,TRUE
714,Brandy Miller,ostone@example.net,CANADA,AMERICA,NONE,TRUE
715,Jose Rogers,amcdonald@example.com,AUSTRALIA,APAC,NONE,FALSE
716,Emily Reyes,scottbaker@example.org,NETHERLANDS,EUROPE,NONE,TRUE
717,Bradley Kirby,hartmansara@example.org,JAPAN,ASIA,NONE,FALSE
718,Isaac Payne,james54@example.com,NETHERLANDS,EUROPE,GREEN,TRUE
719,Patricia Bruce,janicebolton@example.net,UNITED STATES,AMERICA,NONE,FALSE
720,Susan Smith,juan56@example.com,UNITED KINGDOM,EUROPE,GREEN,TRUE
721,Norma Smith,michelleperez@example.net,SWEDEN,EUROPE,NONE,FALSE
722,Kara Black,dsharp@example.com,CANADA,AMERICA,NONE,TRUE
723,Emily Lopez,cclark@example.net,NETHERLANDS,EUROPE,GREEN,FALSE
724,Charles Russo,sherry07@example.net,JAPAN,ASIA,NONE,TRUE
725,Gina Barnes,sfarmer@example.net,NETHERLANDS,EUROPE,GREEN,FALSE
726,Kevin Bradley,weekseric@example.com,UNITED STATES,AMERICA,GREEN,FALSE
727,Rebecca Mcintyre,nbaird@example.com,AUSTRALIA,APAC,SILVER,FALSE
728,James Wells,ashley74@example.org,UNITED STATES,AMERICA,GOLD,TRUE
729,Michael Thompson,mjohnson@example.org,SWEDEN,EUROPE,GREEN,FALSE
730,Jasmin Harris,donna17@example.org,CANADA,AMERICA,NONE,FALSE
731,Adam Murphy,hmyers@example.org,UNITED STATES,AMERICA,NONE,TRUE
732,Karen Jones,davidharris@example.com,GERMANY,EUROPE,NONE,TRUE
733,Mary Moore,briana87@example.com,JAPAN,ASIA,SILVER,TRUE
734,William Griffin,pjacobs@example.net,SPAIN,EUROPE,NONE,TRUE
735,Keith Henry,vjohnston@example.org,AUSTRALIA,APAC,GREEN,FALSE
736,Stanley Bryant,peter26@example.org,JAPAN,ASIA,SILVER,FALSE
737,Luke Reynolds,lbartlett@example.net,JAPAN,ASIA,NONE,FALSE
738,Jennifer Bautista,nicolemoore@example.net,JAPAN,ASIA,GOLD,FALSE
739,Mary Jones,reginajenkins@example.net,SWEDEN,EUROPE,SILVER,TRUE
740,Jacob Campos,robert24@example.org,FRANCE,EUROPE,NONE,TRUE
741,Julia Jones,vjames@example.com,GERMANY,EUROPE,NONE,FALSE
742,Jennifer Smith,fletcherderek@example.net,UNITED STATES,AMERICA,GREEN,FALSE
743,Kari Jones,jenniferkim@example.com,GERMANY,EUROPE,SILVER,FALSE
744,Sarah Jackson,lawsongregory@example.org,CANADA,AMERICA,SILVER,TRUE
745,Jeanne Jones,byrderic@example.com,NETHERLANDS,EUROPE,GREEN,TRUE
746,Miguel Stafford,scottwilliams@example.net,JAPAN,ASIA,GREEN,FALSE
747,Margaret Moran,myerskyle@example.org,UNITED KINGDOM,EUROPE,GREEN,FALSE
748,Amber Bennett,sarahbrooks@example.org,NETHERLANDS,EUROPE,SILVER,TRUE
749,Alan Johnson,rogersjames@example.net,CANADA,AMERICA,GREEN,TRUE
750,Tyler Davis,jenniferwilliams@example.net,FRANCE,EUROPE,NONE,TRUE
751,Gabriel Hart,colleenvilla@example.com,AUSTRALIA,APAC,GREEN,FALSE
752,Barbara Lewis,marcus06@example.net,GERMANY,EUROPE,GOLD,FALSE
753,James Ellis,barrettjoshua@example.net,UNITED KINGDOM,EUROPE,GOLD,FALSE
754,Austin Robinson,katrina71@example.net,JAPAN,ASIA,GREEN,TRUE
755,Wanda Jefferson,johnathandavis@example.com,FRANCE,EUROPE,NONE,FALSE
756,Miss Megan Compton,martinreid@example.net,UNITED STATES,AMERICA,GREEN,TRUE
757,Samuel Olson,andres97@example.com,GERMANY,EUROPE,SILVER,TRUE
758,Natalie Gordon,hallchristina@example.org,UNITED STATES,AMERICA,GOLD,TRUE
759,Oscar Todd,brownnicholas@example.com,CANADA,AMERICA,NONE,TRUE
760,James May,sandrageorge@example.com,NETHERLANDS,EUROPE,NONE,TRUE
761,Erin Ramirez,meyertiffany@example.net,JAPAN,ASIA,NONE,FALSE
762,Nicole Perez,matthew38@example.org,UNITED STATES,AMERICA,SILVER,FALSE
763,Mary Wright,cathyjames@example.com,SWEDEN,EUROPE,NONE,FALSE
764,Mark Brown,mjones@example.org,GERMANY,EUROPE,GREEN,FALSE
765,Brenda Harris,thompsonana@example.org,UNITED KINGDOM,EUROPE,NONE,FALSE
766,Blake Hardy,frank33@example.com,CANADA,AMERICA,GREEN,TRUE
767,David Mitchell,mfaulkner@example.com,FRANCE,EUROPE,GREEN,TRUE
768,Karen Tapia,raymond27@example.com,AUSTRALIA,APAC,GREEN,FALSE
769,Leon Hamilton,lorileon@example.org,FRANCE,EUROPE,SILVER,FALSE
770,Jessica Miller,brooke28@example.net,UNITED STATES,AMERICA,SILVER,TRUE
771,James Torres,nicholas97@example.org,UNITED STATES,AMERICA,NONE,FALSE
772,Miguel Gonzalez,adamhensley@example.net,GERMANY,EUROPE,SILVER,TRUE
773,Katherine Frost,xwaller@example.com,NETHERLANDS,EUROPE,NONE,TRUE
774,Martin Chapman MD,riddledavid@example.net,UNITED STATES,AMERICA,GREEN,FALSE
775,Phillip Krueger,william75@example.net,FRANCE,EUROPE,NONE,TRUE
776,James Coleman,johnjohnson@example.com,CANADA,AMERICA,NONE,FALSE
777,Megan Terry,josegibson@example.net,AUSTRALIA,APAC,SILVER,FALSE
778,David Lane,alexanderwise@example.net,GERMANY,EUROPE,SILVER,TRUE
779,Janice Mccarthy,stonejacob@example.com,UNITED STATES,AMERICA,SILVER,TRUE
780,Jeffery Holt,uwillis@example.com,UNITED STATES,AMERICA,GREEN,FALSE
781,Tammy Booth,fieldskimberly@example.com,UNITED STATES,AMERICA,NONE,TRUE
782,Debra Clark,ahale@example.org,NETHERLANDS,EUROPE,SILVER,FALSE
783,April Jones,pwarren@example.com,JAPAN,ASIA,GREEN,FALSE
784,Carolyn Brooks,jameswhite@example.org,GERMANY,EUROPE,GREEN,TRUE
785,Robert Lopez,bradylisa@example.org,UNITED KINGDOM,EUROPE,GREEN,TRUE
786,Steven Ortiz,oneillgabriel@example.com,NETHERLANDS,EUROPE,GOLD,FALSE
787,Caleb Brown,richardstimothy@example.net,GERMANY,EUROPE,GREEN,FALSE
788,Alexandra Adams,ortegakristina@example.org,JAPAN,ASIA,SILVER,FALSE
789,Joseph Smith,sarah75@example.net,AUSTRALIA,APAC,GOLD,FALSE
790,Jacob Wu,lisa56@example.com,SWEDEN,EUROPE,SILVER,FALSE
791,Vanessa Marks,smithmonica@example.com,UNITED STATES,AMERICA,SILVER,FALSE
792,Stacy Taylor,meltonjoshua@example.net,UNITED STATES,AMERICA,GREEN,TRUE
793,Danielle Hayes,qrobertson@example.org,UNITED KINGDOM,EUROPE,GOLD,FALSE
794,Mark Mcmahon,allen50@example.net,UNITED KINGDOM,EUROPE,SILVER,TRUE
795,Jeremy Lawson,ystevenson@example.org,AUSTRALIA,APAC,GREEN,FALSE
796,Todd David,shatfield@example.org,UNITED KINGDOM,EUROPE,SILVER,FALSE
797,Elizabeth Lee,mollywalter@example.net,NETHERLANDS,EUROPE,NONE,TRUE
798,Bethany Robles,marisa87@example.org,NETHERLANDS,EUROPE,SILVER,TRUE
799,Tina Olson,johnjackson@example.net,NETHERLANDS,EUROPE,GREEN,TRUE
800,Ashley Holder,martinsarah@example.com,UNITED STATES,AMERICA,NONE,TRUE
801,Connie Scott,qlynn@example.org,UNITED STATES,AMERICA,GREEN,TRUE
802,Tammy Schultz,sdavis@example.com,UNITED STATES,AMERICA,NONE,FALSE
803,Tara Miranda,schneidernicholas@example.net,JAPAN,ASIA,GREEN,TRUE
804,Molly Valdez,ostokes@example.com,CANADA,AMERICA,GREEN,FALSE
805,Brandon Davis,juliewilson@example.com,UNITED STATES,AMERICA,NONE,TRUE
806,Erik James,collinsbrittany@example.org,FRANCE,EUROPE,NONE,FALSE
807,Veronica Flores,lauren28@example.net,NETHERLANDS,EUROPE,NONE,TRUE
808,Courtney Foster,sstewart@example.org,NETHERLANDS,EUROPE,NONE,TRUE
809,Mr. Kyle Thomas DDS,georgekyle@example.net,UNITED STATES,AMERICA,SILVER,FALSE
810,Zachary Mccarthy,nwelch@example.com,CANADA,AMERICA,GREEN,FALSE
811,Vincent Brown,eric33@example.net,CANADA,AMERICA,SILVER,TRUE
812,Tammy Parsons,tluna@example.net,UNITED STATES,AMERICA,SILVER,TRUE
813,Caitlin Smith,rrogers@example.com,UNITED STATES,AMERICA,NONE,FALSE
814,Norma Myers DDS,justin38@example.com,UNITED STATES,AMERICA,SILVER,FALSE
815,Frank Moody,hornjenna@example.com,UNITED STATES,AMERICA,GREEN,FALSE
816,Laura Ramos,jcarter@example.org,AUSTRALIA,APAC,GREEN,FALSE
817,Paul Moss,coxmelissa@example.org,GERMANY,EUROPE,GREEN,FALSE
818,Virginia Hernandez,kshelton@example.org,UNITED KINGDOM,EUROPE,NONE,FALSE
819,William White,wilsonzachary@example.com,GERMANY,EUROPE,GREEN,FALSE
820,Tracy Sims,hsanchez@example.org,UNITED STATES,AMERICA,NONE,TRUE
821,Eric Carlson,denisebennett@example.net,JAPAN,ASIA,SILVER,TRUE
822,Megan Davis DDS,phill@example.com,NETHERLANDS,EUROPE,GREEN,FALSE
823,Bryan Miller,gmay@example.org,GERMANY,EUROPE,GREEN,TRUE
824,Kenneth Armstrong,heather19@example.org,GERMANY,EUROPE,NONE,TRUE
825,Zachary Park,ashley15@example.org,AUSTRALIA,APAC,GREEN,FALSE
826,Shannon Medina,bhess@example.com,UNITED KINGDOM,EUROPE,GREEN,FALSE
827,Kimberly Burnett,lbrown@example.net,UNITED STATES,AMERICA,SILVER,TRUE
828,Rachel Martinez,tammymerritt@example.org,GERMANY,EUROPE,GREEN,FALSE
829,Melissa Smith,hmcbride@example.org,CANADA,AMERICA,NONE,FALSE
830,Daniel Martin,melissa01@example.org,SWEDEN,EUROPE,NONE,FALSE
831,Heidi Stephens,qrowland@example.org,GERMANY,EUROPE,SILVER,FALSE
832,Angel Bautista,donna72@example.net,FRANCE,EUROPE,NONE,TRUE
833,Erik Bartlett DVM,haileybates@example.org,UNITED STATES,AMERICA,GREEN,FALSE
834,Cole Evans,susanguzman@example.org,AUSTRALIA,APAC,GOLD,TRUE
835,Destiny Daniel,qjones@example.com,NETHERLANDS,EUROPE,NONE,FALSE
836,Steven Ross,duffyerica@example.net,UNITED STATES,AMERICA,SILVER,TRUE
837,Dalton Soto,wanda35@example.net,UNITED STATES,AMERICA,GOLD,FALSE
838,Samantha Jacobs,uunderwood@example.com,UNITED STATES,AMERICA,SILVER,TRUE
839,Victor Wright,david18@example.com,UNITED KINGDOM,EUROPE,NONE,FALSE
840,Mark Cox,kimberly23@example.com,UNITED STATES,AMERICA,NONE,FALSE
841,James Novak,ylynn@example.org,FRANCE,EUROPE,NONE,TRUE
842,Nicholas Parker,wdavis@example.net,UNITED STATES,AMERICA,NONE,TRUE
843,Diane Nelson,mosleygeorge@example.com,UNITED STATES,AMERICA,NONE,TRUE
844,Robert Byrd,iwoods@example.com,FRANCE,EUROPE,GREEN,TRUE
845,Jose Moore,douglasbradley@example.com,UNITED STATES,AMERICA,NONE,TRUE
846,Nicholas Villegas,erikabarnes@example.com,GERMANY,EUROPE,NONE,FALSE
847,William Lindsey,joshua68@example.net,JAPAN,ASIA,SILVER,FALSE
848,Robin Torres,mezarichard@example.com,FRANCE,EUROPE,GREEN,TRUE
849,Madison Jones,shirleymartin@example.org,UNITED STATES,AMERICA,GREEN,FALSE
850,Dustin Noble,haydenroger@example.net,SWEDEN,EUROPE,NONE,FALSE
851,Breanna Jimenez,sullivanchristina@example.net,UNITED KINGDOM,EUROPE,NONE,FALSE
852,Jeffery Ferguson,john89@example.org,GERMANY,EUROPE,NONE,FALSE
853,Traci Craig,gregoryrichardson@example.org,CANADA,AMERICA,GREEN,FALSE
854,Tiffany Henderson,hjackson@example.com,UNITED STATES,AMERICA,GREEN,TRUE
855,Danielle Ryan,robertstimothy@example.com,JAPAN,ASIA,NONE,FALSE
856,Oscar Carroll,sandrahickman@example.net,GERMANY,EUROPE,SILVER,TRUE
857,Stephanie Walls,abrown@example.net,FRANCE,EUROPE,GREEN,TRUE
858,Edwin Rodriguez,pamela26@example.com,UNITED KINGDOM,EUROPE,SILVER,FALSE
859,Jeffrey Gonzalez,robertgentry@example.org,UNITED STATES,AMERICA,NONE,TRUE
860,Matthew Perez,xbrooks@example.com,UNITED STATES,AMERICA,NONE,TRUE
861,Kimberly Adams,cdouglas@example.org,FRANCE,EUROPE,GREEN,FALSE
862,Paul Smith,danielmitchell@example.org,FRANCE,EUROPE,NONE,FALSE
863,Patrick Santana,elizabethvaughan@example.net,FRANCE,EUROPE,NONE,TRUE
864,Mrs. Katherine Simpson,markduran@example.com,UNITED KINGDOM,EUROPE,NONE,FALSE
865,Tammy Cameron,ganderson@example.org,UNITED STATES,AMERICA,SILVER,FALSE
866,Gregory Smith,brettgallegos@example.com,UNITED STATES,AMERICA,GREEN,TRUE
867,Nancy Hamilton,justin16@example.org,FRANCE,EUROPE,GREEN,TRUE
868,Monica Lopez,katie43@example.net,GERMANY,EUROPE,NONE,FALSE
869,Christina Mccarthy,hayneswayne@example.org,AUSTRALIA,APAC,NONE,TRUE
870,Scott Fuller,jeromeanderson@example.org,JAPAN,ASIA,NONE,TRUE
871,Corey Thomas,jensenchristopher@example.org,UNITED STATES,AMERICA,NONE,TRUE
872,Joseph Graves,jeffreysimmons@example.org,UNITED STATES,AMERICA,NONE,FALSE
873,Maria Torres,michael56@example.org,UNITED STATES,AMERICA,SILVER,FALSE
874,Anthony Williams,guerreromarc@example.com,UNITED STATES,AMERICA,NONE,TRUE
875,Terry Garcia,johnnyhenry@example.com,CANADA,AMERICA,NONE,TRUE
876,Brent Smith,markfigueroa@example.com,GERMANY,EUROPE,GREEN,FALSE
877,Leah Jacobs,debraclark@example.com,NETHERLANDS,EUROPE,SILVER,FALSE
878,Brian Soto,williamstanya@example.net,GERMANY,EUROPE,GREEN,FALSE
879,Cheryl Griffin,jonesamy@example.com,GERMANY,EUROPE,NONE,TRUE
880,John Juarez,bradleylee@example.net,UNITED STATES,AMERICA,NONE,TRUE
881,Stephanie Malone,patricia71@example.com,GERMANY,EUROPE,NONE,TRUE
882,Jason Velazquez,jacksonjoshua@example.org,FRANCE,EUROPE,NONE,FALSE
883,Tyler Brown,joysanders@example.net,GERMANY,EUROPE,NONE,TRUE
884,Kayla Jones,ychristensen@example.net,UNITED STATES,AMERICA,SILVER,FALSE
885,Jennifer Nelson,adamarmstrong@example.net,FRANCE,EUROPE,NONE,FALSE
886,Sherry Gibbs,ugordon@example.net,UNITED KINGDOM,EUROPE,NONE,TRUE
887,Samuel Phillips,andrea23@example.org,FRANCE,EUROPE,NONE,TRUE
888,Dorothy Bowman,sara40@example.net,UNITED STATES,AMERICA,NONE,TRUE
889,Wanda Clark,smithmichael@example.net,CANADA,AMERICA,GREEN,FALSE
890,Erika Potts,jennifer69@example.com,GERMANY,EUROPE,SILVER,TRUE
891,Anthony Cabrera,jeffrey42@example.com,UNITED KINGDOM,EUROPE,SILVER,FALSE
892,Kimberly Irwin,sharphailey@example.net,UNITED KINGDOM,EUROPE,GREEN,FALSE
893,Mark Munoz,lisawalker@example.com,UNITED KINGDOM,EUROPE,GREEN,TRUE
894,Mark Garrison,omoore@example.net,AUSTRALIA,APAC,SILVER,FALSE
895,Jackie Barrera,crawfordstephen@example.org,UNITED STATES,AMERICA,NONE,FALSE
896,John Blair,andrew22@example.com,NETHERLANDS,EUROPE,GREEN,FALSE
897,Chelsea Thomas,psanchez@example.com,UNITED KINGDOM,EUROPE,SILVER,TRUE
898,Joseph Acosta,morrisonnicholas@example.org,GERMANY,EUROPE,NONE,FALSE
899,Adam Rivas,andersonkayla@example.com,UNITED STATES,AMERICA,NONE,TRUE
900,Mark Smith,rosariodaniel@example.net,UNITED KINGDOM,EUROPE,NONE,TRUE
901,Sarah Miller,timothyhart@example.com,GERMANY,EUROPE,NONE,FALSE
902,Elizabeth Mendoza,brianholt@example.net,GERMANY,EUROPE,NONE,TRUE
903,Alisha Williams,curtis62@example.org,AUSTRALIA,APAC,NONE,FALSE
904,Allison Simmons,michaelmitchell@example.net,UNITED KINGDOM,EUROPE,GREEN,TRUE
905,Stephen Carson,vasquezvicki@example.org,UNITED KINGDOM,EUROPE,GOLD,TRUE
906,Tyler Howard,david10@example.net,UNITED KINGDOM,EUROPE,GREEN,FALSE
907,Jeffrey Rogers,erinhernandez@example.net,UNITED STATES,AMERICA,GREEN,TRUE
908,Lori Mitchell,nelsonvictor@example.com,UNITED KINGDOM,EUROPE,SILVER,TRUE
909,Rita Dawson,mccormickmichelle@example.org,SWEDEN,EUROPE,GREEN,FALSE
910,Bridget Hernandez,ygriffith@example.com,UNITED STATES,AMERICA,NONE,FALSE
911,Ashley Simmons,duane52@example.org,UNITED KINGDOM,EUROPE,NONE,TRUE
912,Heather Snyder,asteele@example.net,SWEDEN,EUROPE,NONE,FALSE
913,Felicia Pham,patrickdunn@example.net,UNITED STATES,AMERICA,NONE,TRUE
914,Kim Underwood,tmiller@example.com,UNITED STATES,AMERICA,NONE,FALSE
915,Paula Shepherd,jacquelineyoung@example.org,CANADA,AMERICA,GREEN,FALSE
916,Samuel Cox,hrosario@example.org,GERMANY,EUROPE,GREEN,FALSE
917,Heather Atkinson,kenneththomas@example.net,AUSTRALIA,APAC,NONE,FALSE
918,Susan Sanchez,briantaylor@example.net,JAPAN,ASIA,NONE,FALSE
919,Jamie Johnson,swatson@example.org,UNITED KINGDOM,EUROPE,NONE,TRUE
920,Angela Monroe,anthonydiaz@example.org,UNITED STATES,AMERICA,NONE,TRUE
921,Adam Guerra,lhernandez@example.com,GERMANY,EUROPE,NONE,FALSE
922,Nicole Hale,theodore57@example.net,NETHERLANDS,EUROPE,SILVER,TRUE
923,Donna Moore,munozglenn@example.org,UNITED STATES,AMERICA,SILVER,FALSE
924,Ronnie Frazier,qspencer@example.net,JAPAN,ASIA,SILVER,TRUE
925,Michelle Henderson,josephdavis@example.com,UNITED KINGDOM,EUROPE,NONE,TRUE
926,Beth Lewis,robinsonisaiah@example.net,SWEDEN,EUROPE,NONE,TRUE
927,Lisa Jones,pwoods@example.net,JAPAN,ASIA,NONE,TRUE
928,James Brown,deborah34@example.org,UNITED KINGDOM,EUROPE,GREEN,TRUE
929,Jack Maxwell,anthony42@example.net,FRANCE,EUROPE,GREEN,FALSE
930,Daniel Smith,jacob30@example.org,FRANCE,EUROPE,GREEN,TRUE
931,William Cunningham,uwilliams@example.org,SPAIN,EUROPE,NONE,FALSE
932,Alejandra Kelly,susan83@example.com,FRANCE,EUROPE,NONE,FALSE
933,Molly Dickson,riverapeggy@example.net,UNITED KINGDOM,EUROPE,GREEN,TRUE
934,Robert Hernandez,cwoods@example.com,UNITED STATES,AMERICA,NONE,FALSE
935,Michael Miller,cisnerosjesse@example.org,AUSTRALIA,APAC,GREEN,FALSE
936,Martha Mack,victoriamason@example.net,UNITED KINGDOM,EUROPE,SILVER,TRUE
937,Kelly Mack,vfloyd@example.com,NETHERLANDS,EUROPE,NONE,FALSE
938,Scott Jordan,nallen@example.net,FRANCE,EUROPE,NONE,FALSE
939,Christian Burton,adavis@example.org,GERMANY,EUROPE,NONE,FALSE
940,Emily Dillon,portershawn@example.org,JAPAN,ASIA,GOLD,FALSE
941,Candice Ramirez,michael12@example.net,AUSTRALIA,APAC,SILVER,FALSE
942,Deanna Kennedy,kathryn72@example.org,UNITED STATES,AMERICA,NONE,TRUE
943,Katherine Cox,richard92@example.com,SWEDEN,EUROPE,NONE,TRUE
944,Ryan Crane,christopher68@example.com,AUSTRALIA,APAC,NONE,FALSE
945,Shawn Fleming,figueroajohn@example.net,JAPAN,ASIA,SILVER,FALSE
946,Samuel Roberts,ashleynash@example.org,AUSTRALIA,APAC,SILVER,FALSE
947,Joel Davis,imcdonald@example.com,JAPAN,ASIA,GREEN,TRUE
948,Christopher Rodriguez,mtate@example.com,UNITED STATES,AMERICA,NONE,FALSE
949,Evan Davies,vlewis@example.com,UNITED STATES,AMERICA,NONE,TRUE
950,Jesse Gardner,nthomas@example.com,UNITED STATES,AMERICA,NONE,TRUE
951,Victoria Schroeder,mayermichael@example.com,UNITED KINGDOM,EUROPE,NONE,TRUE
952,Cindy Lewis,cisnerosgabriela@example.com,JAPAN,ASIA,GREEN,FALSE
953,Christopher Thomas,richard47@example.com,CANADA,AMERICA,GREEN,FALSE
954,Mckenzie Green,davisrachel@example.com,GERMANY,EUROPE,NONE,FALSE
955,Elizabeth Gonzalez,iolson@example.net,GERMANY,EUROPE,NONE,FALSE
956,Tracie Kim,jmorrow@example.net,FRANCE,EUROPE,GREEN,TRUE
957,Nathan Lane,mariodowns@example.net,UNITED STATES,AMERICA,SILVER,TRUE
958,Nancy Stewart,peggypeck@example.com,FRANCE,EUROPE,NONE,TRUE
959,Ashley Cordova,ubaker@example.org,UNITED STATES,AMERICA,NONE,FALSE
960,Terri Mathews DDS,johnsonjulie@example.org,UNITED STATES,AMERICA,NONE,FALSE
961,Joshua Martin,nrobinson@example.org,UNITED STATES,AMERICA,GREEN,FALSE
962,Laura Smith,allen48@example.org,NETHERLANDS,EUROPE,NONE,TRUE
963,Mariah Bryant,ibell@example.com,UNITED STATES,AMERICA,NONE,FALSE
964,Pamela Wilson,stephenbrooks@example.net,GERMANY,EUROPE,GREEN,FALSE
965,Kimberly James,swalters@example.net,UNITED STATES,AMERICA,NONE,FALSE
966,Susan Garcia,shafferdale@example.net,GERMANY,EUROPE,NONE,FALSE
967,Timothy Garcia,schultzwesley@example.org,UNITED STATES,AMERICA,NONE,TRUE
968,Sarah Lewis,harnold@example.org,CANADA,AMERICA,SILVER,TRUE
969,Tiffany Bell,pgutierrez@example.net,SPAIN,EUROPE,GREEN,TRUE
970,Jennifer Ayers,williamadams@example.net,AUSTRALIA,APAC,GREEN,TRUE
971,Ryan Pope,anunez@example.com,UNITED KINGDOM,EUROPE,GOLD,TRUE
972,Alexander Gibbs,matthew96@example.org,CANADA,AMERICA,NONE,TRUE
973,Jenna Jensen,zpoole@example.net,SPAIN,EUROPE,SILVER,TRUE
974,Todd Myers,richardflores@example.org,UNITED KINGDOM,EUROPE,GREEN,FALSE
975,Brett Owen,welchkristen@example.net,UNITED STATES,AMERICA,NONE,TRUE
976,Sara Moore,james10@example.com,FRANCE,EUROPE,NONE,TRUE
977,Randy Hernandez,armstronganthony@example.net,FRANCE,EUROPE,GOLD,TRUE
978,Jesse Welch,jacob34@example.org,AUSTRALIA,APAC,SILVER,TRUE
979,Danielle Deleon,qtownsend@example.org,FRANCE,EUROPE,NONE,TRUE
980,Timothy Burton,rodriguezsara@example.org,CANADA,AMERICA,NONE,FALSE
981,Douglas Kline,jonesmegan@example.org,UNITED STATES,AMERICA,GREEN,TRUE
982,John Johnson,tuckerconnie@example.org,NETHERLANDS,EUROPE,GREEN,FALSE
983,Jaime Edwards,lstokes@example.com,FRANCE,EUROPE,GREEN,TRUE
984,Christopher Bradley,wilsonmatthew@example.com,UNITED STATES,AMERICA,GREEN,FALSE
985,Mr. Joshua Moore,sara39@example.org,CANADA,AMERICA,NONE,FALSE
986,Kelly Hodges,michellewilson@example.org,UNITED STATES,AMERICA,NONE,FALSE
987,Charles Miller,josepholson@example.org,AUSTRALIA,APAC,NONE,FALSE
988,Juan Phillips,zgraham@example.org,GERMANY,EUROPE,NONE,TRUE
989,Craig Mathis,suzanne19@example.net,UNITED KINGDOM,EUROPE,GREEN,FALSE
990,Robert Mckay,chamilton@example.com,UNITED STATES,AMERICA,NONE,FALSE
991,Denise Flores,lawsonruben@example.net,GERMANY,EUROPE,GREEN,FALSE
992,Steven Weiss,cjackson@example.net,GERMANY,EUROPE,NONE,TRUE
993,Jason Munoz,raymond12@example.com,UNITED KINGDOM,EUROPE,NONE,FALSE
994,Cody Sanchez,dianewatson@example.com,SWEDEN,EUROPE,NONE,TRUE
995,Fernando Smith,jason95@example.org,UNITED STATES,AMERICA,NONE,FALSE
996,Janice Guzman,dakotaramirez@example.net,UNITED STATES,AMERICA,GREEN,FALSE
997,Rhonda Powers,bfleming@example.com,GERMANY,EUROPE,NONE,TRUE
998,Christina Williams,rjimenez@example.com,SPAIN,EUROPE,GREEN,TRUE
999,Jesse Guzman,byoung@example.com,FRANCE,EUROPE,GREEN,FALSE
1000,Richard Johnston,buckjustin@example.com,UNITED KINGDOM,EUROPE,GREEN,FALSE
1001,Joseph Rose,deanna17@example.org,GERMANY,EUROPE,NONE,TRUE
1002,Jennifer Turner,karen61@example.net,GERMANY,EUROPE,NONE,FALSE
1003,Katherine Williams,heather77@example.net,FRANCE,EUROPE,GREEN,FALSE
1004,Barbara Brooks,johnsonbrandon@example.org,UNITED STATES,AMERICA,NONE,FALSE
1005,Wyatt Callahan,fperez@example.org,FRANCE,EUROPE,GREEN,TRUE
1006,Robin Cabrera,villamiranda@example.com,GERMANY,EUROPE,GREEN,TRUE
1007,Amanda Williams,charles59@example.com,UNITED KINGDOM,EUROPE,GREEN,FALSE
1008,Christopher Taylor,uwilson@example.org,UNITED STATES,AMERICA,SILVER,FALSE
1009,Stacy Church,qwalsh@example.org,UNITED STATES,AMERICA,NONE,TRUE
1010,Cynthia Woods,ubray@example.net,UNITED STATES,AMERICA,SILVER,TRUE
1011,Mr. Ralph Dawson,angelica33@example.net,SWEDEN,EUROPE,GOLD,TRUE
1012,Wesley Brown,santiagotaylor@example.com,UNITED KINGDOM,EUROPE,NONE,FALSE
1013,Brian Clark,kathleen47@example.net,UNITED STATES,AMERICA,GREEN,FALSE
1014,Jonathan Sloan,sabrinacruz@example.com,SWEDEN,EUROPE,NONE,FALSE
1015,Kayla Deleon,caseyhenderson@example.net,UNITED STATES,AMERICA,GREEN,TRUE
1016,Sergio Wong,stevenrodriguez@example.org,NETHERLANDS,EUROPE,NONE,FALSE
1017,Steven Lopez,alvarezalyssa@example.com,SPAIN,EUROPE,NONE,FALSE
1018,Timothy Miller,zlewis@example.net,SPAIN,EUROPE,SILVER,TRUE
1019,Gene Alexander,corey66@example.org,UNITED KINGDOM,EUROPE,SILVER,FALSE
1020,James Wheeler,gstone@example.net,SWEDEN,EUROPE,NONE,TRUE
1021,David Rodriguez,brownaustin@example.com,NETHERLANDS,EUROPE,SILVER,FALSE
1022,Joseph Hill,gmyers@example.org,GERMANY,EUROPE,GREEN,FALSE
1023,Sherry Adams,georgeharris@example.net,JAPAN,ASIA,NONE,FALSE
1024,Kyle Gross,lopezrebecca@example.net,AUSTRALIA,APAC,GOLD,FALSE
1025,Eric Knox,georgemaldonado@example.org,UNITED STATES,AMERICA,GREEN,TRUE
1026,Steven Thomas,waderonnie@example.org,CANADA,AMERICA,SILVER,TRUE
1027,Dennis Jones,wheelertara@example.net,SPAIN,EUROPE,NONE,FALSE
1028,Shane Kennedy,fuentesashley@example.com,GERMANY,EUROPE,NONE,FALSE
1029,Kelly Jackson,kimberlygarcia@example.net,AUSTRALIA,APAC,GREEN,TRUE
1030,John Bell,elizabeth45@example.com,GERMANY,EUROPE,GREEN,TRUE
1031,Harold Mckinney,rrodriguez@example.net,CANADA,AMERICA,NONE,FALSE
1032,Alicia Irwin,donnathomas@example.com,UNITED KINGDOM,EUROPE,GOLD,FALSE
1033,Kenneth Dominguez,vhoward@example.org,UNITED STATES,AMERICA,GREEN,FALSE
1034,Troy Fowler,natalie87@example.net,UNITED KINGDOM,EUROPE,SILVER,TRUE
1035,Thomas Bailey,peter64@example.com,UNITED KINGDOM,EUROPE,GREEN,FALSE
1036,Kevin Miles,hamiltonspencer@example.com,UNITED KINGDOM,EUROPE,NONE,TRUE
1037,Wayne Porter,stevenhernandez@example.com,GERMANY,EUROPE,GREEN,TRUE
1038,Mary Torres,calvin40@example.com,FRANCE,EUROPE,SILVER,TRUE
1039,Douglas Watkins,freemanadam@example.com,CANADA,AMERICA,NONE,TRUE
1040,April King,natasha88@example.org,SWEDEN,EUROPE,NONE,FALSE
1041,Michelle Thomas,ryanhull@example.com,UNITED STATES,AMERICA,SILVER,TRUE
1042,John Gomez,ghenderson@example.com,JAPAN,ASIA,SILVER,TRUE
1043,Linda Thompson,ushelton@example.net,JAPAN,ASIA,SILVER,TRUE
1044,Randall Wright,tspencer@example.com,UNITED KINGDOM,EUROPE,NONE,TRUE
1045,Keith Fuller,nicholasliu@example.com,GERMANY,EUROPE,GREEN,FALSE
1046,Joseph Benson,taylor67@example.com,FRANCE,EUROPE,GREEN,TRUE
1047,Julia Gaines,bernardrobert@example.org,CANADA,AMERICA,SILVER,FALSE
1048,Elizabeth Sanchez,david89@example.com,NETHERLANDS,EUROPE,GOLD,FALSE
1049,Ryan Martinez,fordkathryn@example.net,NETHERLANDS,EUROPE,NONE,TRUE
1050,Anthony Brown,cookconnor@example.com,CANADA,AMERICA,SILVER,FALSE
1051,Melissa Lin,yangemily@example.net,SWEDEN,EUROPE,GREEN,TRUE
1052,Meredith Black,rtaylor@example.net,FRANCE,EUROPE,NONE,TRUE
1053,Elizabeth Collins,shaffercindy@example.org,SWEDEN,EUROPE,GREEN,TRUE
1054,Aaron Munoz,meyerjohn@example.org,FRANCE,EUROPE,NONE,TRUE
1055,Ross Wallace,howekevin@example.com,CANADA,AMERICA,GREEN,TRUE
1056,Dr. Sarah Payne,nvillarreal@example.org,FRANCE,EUROPE,NONE,FALSE
1057,Mark Lopez,georgeharmon@example.net,FRANCE,EUROPE,NONE,TRUE
1058,John Roberts,haleytrevor@example.net,UNITED KINGDOM,EUROPE,NONE,FALSE
1059,James Marsh,bbutler@example.org,NETHERLANDS,EUROPE,GREEN,FALSE
1060,Jim Elliott,carpenteraustin@example.net,UNITED KINGDOM,EUROPE,NONE,TRUE
1061,Lisa Williams,sydney77@example.com,UNITED STATES,AMERICA,GREEN,FALSE
1062,Christopher Mason,michaelmccarthy@example.com,GERMANY,EUROPE,GREEN,FALSE
1063,Carrie Hernandez,stephen24@example.net,CANADA,AMERICA,NONE,TRUE
1064,James Hendricks,ebennett@example.net,AUSTRALIA,APAC,NONE,TRUE
1065,Laura Pennington,david59@example.net,UNITED STATES,AMERICA,GOLD,FALSE
1066,Luis Powell,johnsonjessica@example.org,AUSTRALIA,APAC,GREEN,FALSE
1067,Brian Villa,omorris@example.net,GERMANY,EUROPE,NONE,TRUE
1068,Ashley Gilmore,acampos@example.org,UNITED STATES,AMERICA,GREEN,TRUE
1069,David Johnson,alexandernicholas@example.net,UNITED STATES,AMERICA,SILVER,TRUE
1070,Tammy Morris,ogray@example.net,GERMANY,EUROPE,NONE,TRUE
1071,Christina Henry,jeremiah26@example.net,JAPAN,ASIA,SILVER,TRUE
1072,Cheryl Perkins,harrislisa@example.org,GERMANY,EUROPE,GREEN,FALSE
1073,Jason Payne,petersonfaith@example.net,UNITED KINGDOM,EUROPE,SILVER,FALSE
1074,Kathleen Collier,wmason@example.net,GERMANY,EUROPE,GREEN,FALSE
1075,Sarah Solis,ypatterson@example.org,NETHERLANDS,EUROPE,NONE,FALSE
1076,Bethany Holmes,wilsonjerry@example.net,UNITED KINGDOM,EUROPE,GREEN,TRUE
1077,Alison Nicholson,sandra46@example.net,UNITED STATES,AMERICA,NONE,FALSE
1078,Shane Moore,charles93@example.net,FRANCE,EUROPE,NONE,TRUE
1079,Kathryn Ross,gardnerpatricia@example.net,UNITED STATES,AMERICA,GREEN,TRUE
1080,Thomas Baker,johnsonrobert@example.org,GERMANY,EUROPE,NONE,TRUE
1081,Phillip Taylor,sandra03@example.com,UNITED KINGDOM,EUROPE,NONE,TRUE
1082,Travis Strong,reedchad@example.com,UNITED STATES,AMERICA,NONE,TRUE
1083,Lisa Miller,rpotts@example.net,FRANCE,EUROPE,NONE,FALSE
1084,Andrew Romero,ryan43@example.org,GERMANY,EUROPE,GREEN,FALSE
1085,Allison Casey,amandadalton@example.net,AUSTRALIA,APAC,NONE,TRUE
1086,Alicia Olson,scannon@example.org,UNITED STATES,AMERICA,SILVER,FALSE
1087,Jeffery Taylor,nwilson@example.com,JAPAN,ASIA,GREEN,FALSE
1088,Greg Hull,jessechapman@example.org,AUSTRALIA,APAC,GREEN,FALSE
1089,Paul Morton,ritteralexis@example.net,NETHERLANDS,EUROPE,NONE,FALSE
1090,Anthony Brown,cwhite@example.com,JAPAN,ASIA,NONE,TRUE
1091,Matthew Sanchez,david67@example.net,UNITED STATES,AMERICA,GREEN,TRUE
1092,Billy Wright,troymoss@example.com,UNITED STATES,AMERICA,NONE,FALSE
1093,Shannon Wallace,shelly84@example.net,SPAIN,EUROPE,GREEN,TRUE
1094,Steven Flores,brownrachel@example.net,UNITED STATES,AMERICA,GREEN,FALSE
1095,Katelyn Miller,maureenmeyer@example.com,FRANCE,EUROPE,GREEN,FALSE
1096,Christine Watson,barryyoung@example.com,UNITED KINGDOM,EUROPE,GREEN,FALSE
1097,Jordan Wilson,rhuff@example.com,GERMANY,EUROPE,GREEN,FALSE
1098,Elizabeth Hanna,ramirezchelsea@example.com,JAPAN,ASIA,GREEN,TRUE
1099,James Wallace,jamielopez@example.com,UNITED KINGDOM,EUROPE,SILVER,FALSE
1100,Mary Johnson,sharon95@example.com,UNITED KINGDOM,EUROPE,GREEN,TRUE
1101,Leslie Todd,jessica96@example.com,UNITED STATES,AMERICA,GREEN,TRUE
1102,Tanya Goodwin,transtephanie@example.net,CANADA,AMERICA,GREEN,FALSE
1103,William Nichols,karmstrong@example.net,UNITED STATES,AMERICA,NONE,FALSE
1104,Tyler Mcdonald,davidsmith@example.net,AUSTRALIA,APAC,NONE,TRUE
1105,Angela Wright,matthew60@example.net,FRANCE,EUROPE,NONE,TRUE
1106,Derrick King,martinezashley@example.com,NETHERLANDS,EUROPE,GREEN,FALSE
1107,Sarah Wallace,gonzalessteven@example.com,UNITED STATES,AMERICA,NONE,FALSE
1108,Dr. Daniel Brown,hillcheryl@example.com,JAPAN,ASIA,GREEN,TRUE
1109,Jessica Scott,jordan72@example.org,JAPAN,ASIA,GOLD,TRUE
1110,Bridget Williamson,halldiamond@example.org,UNITED KINGDOM,EUROPE,NONE,FALSE
1111,Shannon Riley,tranjeremy@example.net,UNITED KINGDOM,EUROPE,NONE,TRUE
1112,Vanessa Smith DVM,amber09@example.org,UNITED STATES,AMERICA,SILVER,TRUE
1113,Billy Wallace,youngmark@example.com,GERMANY,EUROPE,GREEN,TRUE
1114,Melanie Jones,jliu@example.org,UNITED STATES,AMERICA,SILVER,TRUE
1115,Richard Rogers,xmerritt@example.com,GERMANY,EUROPE,NONE,TRUE
1116,Elizabeth Johnson,bradley29@example.org,CANADA,AMERICA,NONE,FALSE
1117,Daniel Edwards,shelby69@example.org,UNITED KINGDOM,EUROPE,NONE,FALSE
1118,Brittany Farmer,friedmansusan@example.org,SPAIN,EUROPE,NONE,TRUE
1119,Yolanda Mccoy,hryan@example.net,FRANCE,EUROPE,NONE,TRUE
1120,Lisa Hopkins,mstewart@example.net,GERMANY,EUROPE,GOLD,FALSE
1121,David Sanchez,jerry51@example.net,AUSTRALIA,APAC,GOLD,FALSE
1122,Nicholas Beard,christopher88@example.org,CANADA,AMERICA,NONE,FALSE
1123,Martha Jacobs,ohartman@example.net,UNITED STATES,AMERICA,SILVER,FALSE
1124,Victoria Frost,kimberlyrussell@example.net,CANADA,AMERICA,NONE,TRUE
1125,Lisa Flynn,lee16@example.com,AUSTRALIA,APAC,GREEN,TRUE
1126,Brittany Snyder,rachelwalter@example.org,GERMANY,EUROPE,GREEN,FALSE
1127,Jason Cannon,inewton@example.org,GERMANY,EUROPE,NONE,FALSE
1128,Allison Jackson,andersonmichelle@example.com,UNITED KINGDOM,EUROPE,SILVER,FALSE
1129,Heather Morales,jenniferwilson@example.com,UNITED STATES,AMERICA,NONE,FALSE
1130,Lisa Mcknight,jonessamantha@example.com,SWEDEN,EUROPE,NONE,TRUE
1131,Lynn Yang,eroberts@example.net,UNITED STATES,AMERICA,GREEN,FALSE
1132,Clifford Cannon,hernandezalan@example.net,SWEDEN,EUROPE,NONE,TRUE
1133,Matthew Gray,uthompson@example.net,FRANCE,EUROPE,NONE,TRUE
1134,Raymond Hall,kpeterson@example.net,UNITED STATES,AMERICA,GREEN,FALSE
1135,Lauren Anthony,ymitchell@example.com,FRANCE,EUROPE,SILVER,TRUE
1136,Tiffany Williams,russellramirez@example.net,UNITED STATES,AMERICA,NONE,FALSE
1137,Gregory Martin,joshua73@example.org,UNITED STATES,AMERICA,SILVER,FALSE
1138,Thomas Zhang,middletonelizabeth@example.org,UNITED KINGDOM,EUROPE,SILVER,FALSE
1139,Juan Romero,anthonyorr@example.net,UNITED STATES,AMERICA,GOLD,FALSE
1140,Chloe Freeman,woodjuan@example.net,UNITED KINGDOM,EUROPE,NONE,FALSE
1141,Jeremy Martinez,hphillips@example.net,UNITED STATES,AMERICA,NONE,TRUE
1142,Sarah Wallace,fsnyder@example.org,CANADA,AMERICA,SILVER,TRUE
1143,Monique Wilson MD,garnerjeffrey@example.org,SWEDEN,EUROPE,GOLD,FALSE
1144,Jonathon Hill,mannleroy@example.org,UNITED STATES,AMERICA,NONE,TRUE
1145,Timothy Bauer,james80@example.net,GERMANY,EUROPE,GREEN,TRUE
1146,Danielle Willis,emilybaker@example.org,SWEDEN,EUROPE,NONE,FALSE
1147,Mr. Jonathan Anderson,tapiamercedes@example.net,UNITED KINGDOM,EUROPE,NONE,TRUE
1148,Jeffrey Henry,jenniferwilliams@example.net,GERMANY,EUROPE,GREEN,FALSE
1149,James Silva,todd24@example.org,CANADA,AMERICA,NONE,FALSE
1150,Mary Henry,iharper@example.com,SPAIN,EUROPE,NONE,TRUE
1151,Daniel Mccarty,robert75@example.org,NETHERLANDS,EUROPE,GREEN,FALSE
1152,Audrey Marshall,donna56@example.net,UNITED STATES,AMERICA,SILVER,FALSE
1153,Stephen Larsen,rburke@example.org,AUSTRALIA,APAC,GREEN,TRUE
1154,Derek Lewis,xbrown@example.com,UNITED KINGDOM,EUROPE,NONE,FALSE
1155,Evan Myers,qcoleman@example.org,JAPAN,ASIA,GREEN,TRUE
1156,Nicholas Morgan,parkerrobert@example.net,GERMANY,EUROPE,NONE,FALSE
1157,Kimberly Chan,gouldchristina@example.com,UNITED STATES,AMERICA,GREEN,FALSE
1158,Joshua Clements,langchristopher@example.net,UNITED KINGDOM,EUROPE,NONE,FALSE
1159,Harold Miranda,penaapril@example.com,UNITED KINGDOM,EUROPE,GREEN,TRUE
1160,Victoria Massey,oheath@example.com,GERMANY,EUROPE,NONE,TRUE
1161,Susan Rivera,angelawright@example.org,UNITED KINGDOM,EUROPE,NONE,TRUE
1162,Alejandro Bentley,masonlacey@example.org,UNITED STATES,AMERICA,GREEN,FALSE
1163,Eric Hall,arthurbrady@example.com,AUSTRALIA,APAC,NONE,FALSE
1164,Bonnie Yang,michelle11@example.net,UNITED KINGDOM,EUROPE,GREEN,FALSE
1165,Pamela Perry,newtonamber@example.org,CANADA,AMERICA,GREEN,FALSE
1166,Kevin Myers,kristen68@example.net,GERMANY,EUROPE,NONE,FALSE
1167,Donald Harris,tanya97@example.com,FRANCE,EUROPE,SILVER,FALSE
1168,Brandon Rasmussen,timothy88@example.org,GERMANY,EUROPE,SILVER,FALSE
1169,Willie Luna,kathryn17@example.org,UNITED STATES,AMERICA,NONE,FALSE
1170,Allison Wise,kwood@example.org,GERMANY,EUROPE,NONE,TRUE
1171,Evelyn Pacheco,davisgary@example.com,JAPAN,ASIA,NONE,FALSE
1172,Angela Powell,kmills@example.org,NETHERLANDS,EUROPE,GREEN,TRUE
1173,Johnny Jenkins,mary05@example.net,GERMANY,EUROPE,GOLD,TRUE
1174,Jennifer Smith,karinorton@example.net,AUSTRALIA,APAC,GOLD,FALSE
1175,Dr. David Murray MD,morseronald@example.org,FRANCE,EUROPE,GREEN,TRUE
1176,Peter Martin,martinsamuel@example.org,UNITED STATES,AMERICA,NONE,TRUE
1177,Jeff Jackson,jtaylor@example.com,JAPAN,ASIA,GREEN,FALSE
1178,Edward Graham,jennifer48@example.com,UNITED STATES,AMERICA,GREEN,TRUE
1179,Jacqueline Santos,kellycohen@example.net,NETHERLANDS,EUROPE,NONE,FALSE
1180,Jacqueline Munoz,vford@example.net,NETHERLANDS,EUROPE,GREEN,FALSE
1181,Sarah Taylor,asmith@example.org,SPAIN,EUROPE,NONE,FALSE
1182,Austin Rowland,jacqueline31@example.net,AUSTRALIA,APAC,SILVER,FALSE
1183,Brandon Weber,carlfields@example.org,GERMANY,EUROPE,NONE,TRUE
1184,Adrian Lee,lori69@example.net,CANADA,AMERICA,NONE,FALSE
1185,Marcus Powell,ann31@example.net,UNITED KINGDOM,EUROPE,NONE,FALSE
1186,Nicholas Ramirez,anne28@example.net,GERMANY,EUROPE,NONE,FALSE
1187,Janet Johnston,tammy97@example.org,FRANCE,EUROPE,SILVER,FALSE
1188,Richard Hays,noblechristina@example.org,UNITED STATES,AMERICA,SILVER,FALSE
1189,Shannon Morris,taylorlindsay@example.com,UNITED STATES,AMERICA,GREEN,FALSE
1190,Erin Mason,allenphillip@example.com,UNITED STATES,AMERICA,NONE,FALSE
1191,Heather Roberson,alyssa93@example.org,CANADA,AMERICA,NONE,FALSE
1192,Sandra Dawson,fcastro@example.net,FRANCE,EUROPE,NONE,TRUE
1193,Melissa Grant,lpearson@example.org,FRANCE,EUROPE,NONE,FALSE
1194,Savannah Townsend,jessica39@example.net,SWEDEN,EUROPE,SILVER,FALSE
1195,Tammie Lee,harold03@example.com,UNITED STATES,AMERICA,NONE,TRUE
1196,Cory Willis,clinton54@example.net,UNITED STATES,AMERICA,NONE,TRUE
1197,Lisa Johnson,darlene60@example.net,CANADA,AMERICA,SILVER,TRUE
1198,Denise Brown,roysara@example.net,SPAIN,EUROPE,GOLD,TRUE
1199,Katherine Wells,johnsonanthony@example.net,UNITED STATES,AMERICA,NONE,FALSE
1200,Noah Pitts,christopherflowers@example.org,JAPAN,ASIA,SILVER,TRUE
1201,Mark Brown,hodgejoshua@example.org,UNITED STATES,AMERICA,GOLD,FALSE
1202,Nancy Cook,rachael29@example.net,UNITED STATES,AMERICA,GREEN,FALSE
1203,Kelli Shepard,qbutler@example.net,UNITED KINGDOM,EUROPE,SILVER,FALSE
1204,Corey Juarez,jessicamiller@example.com,UNITED STATES,AMERICA,NONE,FALSE
1205,Lee Barker,vthompson@example.org,SPAIN,EUROPE,SILVER,FALSE
1206,Justin Wilson,scarroll@example.org,UNITED STATES,AMERICA,SILVER,TRUE
1207,Julie Wilson,whitechristopher@example.com,UNITED STATES,AMERICA,NONE,TRUE
1208,Tracy Wang,robinsonnicholas@example.org,JAPAN,ASIA,SILVER,TRUE
1209,Terri Parker,julierojas@example.com,UNITED STATES,AMERICA,GREEN,TRUE
1210,Michael Thompson,annettegutierrez@example.org,UNITED KINGDOM,EUROPE,GOLD,TRUE
1211,Curtis Krause,heidi41@example.com,GERMANY,EUROPE,GREEN,TRUE
1212,Jack Barton,rgallegos@example.org,FRANCE,EUROPE,SILVER,TRUE
1213,Ruben Cruz,victoriahamilton@example.net,FRANCE,EUROPE,NONE,TRUE
1214,Rebecca Clark,christopher34@example.org,UNITED KINGDOM,EUROPE,SILVER,FALSE
1215,Andre Wilson,thomasmcdonald@example.com,SWEDEN,EUROPE,NONE,TRUE
1216,James Chapman,morrisdaniel@example.com,UNITED KINGDOM,EUROPE,GREEN,TRUE
1217,Aimee Fisher,matthew12@example.com,UNITED STATES,AMERICA,SILVER,TRUE
1218,John Lopez,gonzaleschristina@example.net,NETHERLANDS,EUROPE,NONE,FALSE
1219,Jessica Ross,johnnybrooks@example.com,GERMANY,EUROPE,NONE,FALSE
1220,Mr. Andrew Hickman,kathrynsantana@example.net,UNITED KINGDOM,EUROPE,NONE,TRUE
1221,Jeffery Adams,kwatkins@example.net,UNITED KINGDOM,EUROPE,GREEN,TRUE
1222,Eric Carlson,stephaniebradley@example.org,UNITED STATES,AMERICA,GREEN,TRUE
1223,Gary Choi,parkerkatie@example.com,AUSTRALIA,APAC,SILVER,TRUE
1224,Christopher Smith,jamesjackson@example.com,CANADA,AMERICA,GREEN,TRUE
1225,David Harris,ramseyeric@example.net,AUSTRALIA,APAC,NONE,TRUE
1226,Jacqueline Woods,cory86@example.net,UNITED STATES,AMERICA,SILVER,FALSE
1227,John Bennett,wmccarthy@example.org,UNITED STATES,AMERICA,GOLD,TRUE
1228,Fernando Mcconnell,smejia@example.net,JAPAN,ASIA,NONE,TRUE
1229,Jessica Long,reedelizabeth@example.net,UNITED STATES,AMERICA,NONE,TRUE
1230,Stephen Thompson,mikemorgan@example.org,UNITED KINGDOM,EUROPE,GREEN,TRUE
1231,Nicole Melendez,devinlopez@example.org,UNITED KINGDOM,EUROPE,NONE,TRUE
1232,Brandon Cruz,ronaldmitchell@example.com,JAPAN,ASIA,GREEN,TRUE
1233,Karen Green,zwhite@example.net,UNITED KINGDOM,EUROPE,GOLD,TRUE
1234,Ashley Drake,gina16@example.org,UNITED STATES,AMERICA,NONE,FALSE
1235,Carl Hunter,psmith@example.net,FRANCE,EUROPE,NONE,TRUE
1236,Raymond Turner,judy19@example.com,FRANCE,EUROPE,GREEN,TRUE
1237,Priscilla Joseph,daniel26@example.net,UNITED STATES,AMERICA,NONE,TRUE
1238,Sheila Miller,rogerssarah@example.net,FRANCE,EUROPE,GREEN,FALSE
1239,Jose Mendez,dgraham@example.com,SPAIN,EUROPE,SILVER,TRUE
1240,Sean Stevens,smallgina@example.com,GERMANY,EUROPE,NONE,TRUE
1241,Michael Wang,danielsguy@example.com,UNITED STATES,AMERICA,GOLD,FALSE
1242,Jeremy Evans,larsonmichael@example.org,UNITED STATES,AMERICA,SILVER,TRUE
1243,Jennifer Thompson,martinezduane@example.com,UNITED STATES,AMERICA,GREEN,FALSE
1244,Donald Bonilla,samanthaberger@example.net,UNITED KINGDOM,EUROPE,NONE,TRUE
1245,Laura Williams,nathan29@example.net,UNITED KINGDOM,EUROPE,GOLD,FALSE
1246,Sonia Reyes,morgandana@example.com,UNITED STATES,AMERICA,GREEN,FALSE
1247,Alex Clements,jennifer16@example.org,NETHERLANDS,EUROPE,GREEN,FALSE
1248,Laura Cooley,heatherwilliams@example.net,UNITED STATES,AMERICA,NONE,TRUE
1249,Philip Kim,joshuapowers@example.net,UNITED STATES,AMERICA,GREEN,TRUE
1250,Christopher Mitchell,russellandrew@example.com,NETHERLANDS,EUROPE,NONE,TRUE
1251,Denise Ford,colton30@example.net,FRANCE,EUROPE,NONE,TRUE
1252,Arthur Roberts,omatthews@example.net,FRANCE,EUROPE,SILVER,FALSE
1253,James Spears,cooperluis@example.com,GERMANY,EUROPE,NONE,FALSE
1254,Scott Porter,emilyscott@example.org,FRANCE,EUROPE,GREEN,TRUE
1255,Laura Miller,whoffman@example.org,FRANCE,EUROPE,NONE,FALSE
1256,William Wood,karen77@example.org,UNITED KINGDOM,EUROPE,NONE,FALSE
1257,Kevin Weber,wperry@example.org,FRANCE,EUROPE,GREEN,FALSE
1258,Diane Manning,nicholasmedina@example.com,JAPAN,ASIA,NONE,TRUE
1259,Sarah Davis,jasonrodriguez@example.com,SPAIN,EUROPE,GREEN,TRUE
1260,Christopher Waters,wpierce@example.org,JAPAN,ASIA,GREEN,FALSE
1261,Kyle Flores,crystal58@example.net,UNITED STATES,AMERICA,NONE,FALSE
1262,Courtney Powell,cmitchell@example.org,UNITED STATES,AMERICA,GOLD,TRUE
1263,Cassandra Roberts,kathryn21@example.com,UNITED KINGDOM,EUROPE,NONE,TRUE
1264,Jennifer Barnes,danamontgomery@example.org,UNITED STATES,AMERICA,GREEN,FALSE
1265,Kathy Miller,udougherty@example.net,UNITED STATES,AMERICA,GOLD,TRUE
1266,Keith Kennedy,craneandrew@example.net,UNITED KINGDOM,EUROPE,NONE,TRUE
1267,Martha Arnold,melissamartin@example.com,CANADA,AMERICA,NONE,FALSE
1268,Cynthia Kennedy,marcuscarter@example.org,UNITED STATES,AMERICA,GREEN,TRUE
1269,Joel Sanchez,yfritz@example.org,NETHERLANDS,EUROPE,SILVER,TRUE
1270,Kathryn Rodriguez,monica23@example.com,UNITED STATES,AMERICA,GREEN,FALSE
1271,Andrea Goodman,ecamacho@example.com,CANADA,AMERICA,NONE,FALSE
1272,Jason Green,baldwincatherine@example.net,UNITED KINGDOM,EUROPE,NONE,FALSE
1273,Jessica Carey,carterraymond@example.net,UNITED STATES,AMERICA,NONE,FALSE
1274,Heidi Moran,hpatterson@example.org,GERMANY,EUROPE,NONE,FALSE
1275,Dennis Bryan,bowenmichael@example.net,UNITED STATES,AMERICA,SILVER,FALSE
1276,Thomas Pope,josephrivera@example.net,GERMANY,EUROPE,NONE,TRUE
1277,Steven Vasquez,katherinepeterson@example.net,UNITED STATES,AMERICA,SILVER,TRUE
1278,Richard Lyons,brooke22@example.net,FRANCE,EUROPE,SILVER,FALSE
1279,Daniel Wood,jennifer42@example.net,UNITED STATES,AMERICA,GREEN,FALSE
1280,Karen Gonzales,eric22@example.net,FRANCE,EUROPE,SILVER,FALSE
1281,James Walsh,rosalesbrandy@example.org,JAPAN,ASIA,SILVER,TRUE
1282,Deanna Griffith,kwoods@example.com,SWEDEN,EUROPE,NONE,FALSE
1283,Laurie Mason,nicholas72@example.net,NETHERLANDS,EUROPE,GREEN,TRUE
1284,Mr. James Barnett,petersonkyle@example.org,UNITED KINGDOM,EUROPE,GREEN,FALSE
1285,Lee Daniel,santosmichael@example.com,NETHERLANDS,EUROPE,SILVER,FALSE
1286,Margaret Smith,judithcox@example.org,UNITED STATES,AMERICA,NONE,FALSE
1287,Brett Rivera,nelsonsuzanne@example.net,UNITED STATES,AMERICA,NONE,FALSE
1288,Angela Yates,pknight@example.org,FRANCE,EUROPE,GREEN,TRUE
1289,Patrick Norris,jeremylove@example.org,AUSTRALIA,APAC,GREEN,FALSE
1290,Lee Arnold,pauljessica@example.org,GERMANY,EUROPE,SILVER,FALSE
1291,Brandi Turner,jeremywillis@example.net,UNITED STATES,AMERICA,NONE,FALSE
1292,Brett Keith,florescynthia@example.org,UNITED STATES,AMERICA,NONE,TRUE
1293,Jeremy Alvarez,danielsjason@example.com,SPAIN,EUROPE,NONE,TRUE
1294,Adam Jordan,cortezscott@example.net,GERMANY,EUROPE,NONE,TRUE
1295,Robert Mendez,qgay@example.com,GERMANY,EUROPE,GOLD,TRUE
1296,Katherine Thompson,ppalmer@example.com,GERMANY,EUROPE,NONE,TRUE
1297,Joseph Peterson,connie12@example.com,NETHERLANDS,EUROPE,GOLD,TRUE
1298,Steven Hicks,emartin@example.com,GERMANY,EUROPE,GREEN,TRUE
1299,Anna Atkins,dana82@example.org,GERMANY,EUROPE,SILVER,FALSE
1300,Pamela Lewis,luke87@example.org,UNITED STATES,AMERICA,NONE,TRUE
1301,Tanya Clark,mariolee@example.com,GERMANY,EUROPE,GREEN,FALSE
1302,Sarah Bishop,markblack@example.com,UNITED STATES,AMERICA,GREEN,TRUE
1303,Rachel Chan,jeremy47@example.com,JAPAN,ASIA,NONE,TRUE
1304,Eric Acosta,shannon69@example.com,UNITED KINGDOM,EUROPE,GREEN,TRUE
1305,Abigail Case,schmittmichael@example.org,UNITED STATES,AMERICA,NONE,TRUE
1306,Pamela Smith,jasonmoran@example.com,JAPAN,ASIA,GREEN,TRUE
1307,Allison Simmons,jnguyen@example.net,CANADA,AMERICA,SILVER,TRUE
1308,Daniel Shaw,daniel32@example.com,FRANCE,EUROPE,GREEN,TRUE
1309,Teresa Watkins,harringtonpeter@example.net,UNITED KINGDOM,EUROPE,GREEN,TRUE
1310,Mr. Lawrence Brooks,brownmatthew@example.net,SWEDEN,EUROPE,NONE,FALSE
1311,Thomas Rodriguez,nicolejones@example.net,CANADA,AMERICA,GREEN,TRUE
1312,Christian Hernandez,audrey81@example.com,SPAIN,EUROPE,NONE,FALSE
1313,Kenneth Farmer,angela40@example.org,GERMANY,EUROPE,GOLD,FALSE
1314,Andrea Hartman,susan57@example.net,UNITED STATES,AMERICA,SILVER,FALSE
1315,Cathy Mcdonald,mcox@example.net,CANADA,AMERICA,NONE,FALSE
1316,Deanna Munoz,taylordawn@example.com,UNITED STATES,AMERICA,GREEN,FALSE
1317,John Williams,durhamwilliam@example.org,UNITED STATES,AMERICA,GREEN,FALSE
1318,Whitney Moyer,kristy74@example.net,GERMANY,EUROPE,SILVER,FALSE
1319,Austin Jones,mccannkimberly@example.net,UNITED STATES,AMERICA,GREEN,FALSE
1320,Jose York,mbishop@example.org,AUSTRALIA,APAC,SILVER,FALSE
1321,Jessica Hill,vpreston@example.org,UNITED STATES,AMERICA,NONE,FALSE
1322,Angel Holland,shawn60@example.com,AUSTRALIA,APAC,NONE,TRUE
1323,Abigail Clayton,smithmarcus@example.org,FRANCE,EUROPE,GREEN,TRUE
1324,Daniel Craig,amanda39@example.com,JAPAN,ASIA,NONE,FALSE
1325,Michelle Ray,kendraharris@example.org,CANADA,AMERICA,GREEN,TRUE
1326,Joseph Blackburn,chanamber@example.org,FRANCE,EUROPE,GOLD,FALSE
1327,Ethan Hall,jamesmartin@example.com,GERMANY,EUROPE,GOLD,TRUE
1328,Thomas Barton,taylorrachel@example.com,CANADA,AMERICA,NONE,FALSE
1329,Travis Johnson,omargriffin@example.com,UNITED STATES,AMERICA,NONE,TRUE
1330,Ray Lawrence,davisgregory@example.net,UNITED KINGDOM,EUROPE,NONE,FALSE
1331,Barbara Sherman,shepardjoy@example.com,UNITED STATES,AMERICA,GOLD,TRUE
1332,Emily Lee,marshmichael@example.com,UNITED KINGDOM,EUROPE,NONE,FALSE
1333,Theresa Smith,zlara@example.org,CANADA,AMERICA,GREEN,TRUE
1334,Tracy Copeland,pbautista@example.com,GERMANY,EUROPE,NONE,FALSE
1335,Michael Santos,bliu@example.com,CANADA,AMERICA,GREEN,FALSE
1336,Stephanie Williams,gregorysmith@example.net,AUSTRALIA,APAC,NONE,TRUE
1337,Michael Farmer,carlsonjason@example.net,SWEDEN,EUROPE,GREEN,FALSE
1338,Jacqueline Perry,robertthompson@example.net,NETHERLANDS,EUROPE,GREEN,TRUE
1339,Natalie Patrick,michaelbuckley@example.org,UNITED STATES,AMERICA,SILVER,TRUE
1340,Damon Powell,regina49@example.com,UNITED STATES,AMERICA,SILVER,FALSE
1341,Alexander Johnson,jjohnson@example.com,NETHERLANDS,EUROPE,GOLD,FALSE
1342,James George,ericsmith@example.org,JAPAN,ASIA,SILVER,TRUE
1343,William Rodriguez,amarshall@example.net,UNITED STATES,AMERICA,SILVER,FALSE
1344,Scott Pacheco,collinsterrance@example.com,FRANCE,EUROPE,GOLD,FALSE
1345,Matthew Diaz,woodskaitlyn@example.net,UNITED STATES,AMERICA,NONE,TRUE
1346,Daniel Anderson,jeremiahmiller@example.org,UNITED STATES,AMERICA,NONE,TRUE
1347,Diane Gilbert,jeremylopez@example.net,GERMANY,EUROPE,GREEN,FALSE
1348,Michael Murray,kathleen25@example.com,AUSTRALIA,APAC,NONE,TRUE
1349,Charles Doyle,adkinslauren@example.net,AUSTRALIA,APAC,NONE,FALSE
1350,Craig White,cynthiaconley@example.org,FRANCE,EUROPE,SILVER,TRUE
1351,Frank Armstrong,mmathews@example.net,NETHERLANDS,EUROPE,NONE,TRUE
1352,Tricia Sullivan,shawnbaker@example.com,FRANCE,EUROPE,NONE,FALSE
1353,Douglas Mack,matthew24@example.com,UNITED STATES,AMERICA,NONE,FALSE
1354,Katherine Dunn,barnettmatthew@example.net,UNITED STATES,AMERICA,NONE,FALSE
1355,Richard Simmons,oconnelldavid@example.org,SWEDEN,EUROPE,SILVER,FALSE
1356,Sandra Martinez,david54@example.com,UNITED STATES,AMERICA,GREEN,FALSE
1357,William Miller,raymondpugh@example.net,UNITED STATES,AMERICA,GREEN,FALSE
1358,Ryan Walker,gonzalezjulie@example.net,UNITED STATES,AMERICA,GOLD,FALSE
1359,Brittany Heath,mcbridemichael@example.org,GERMANY,EUROPE,SILVER,FALSE
1360,Yolanda Jackson,craigmartin@example.net,JAPAN,ASIA,NONE,TRUE
1361,Courtney Arias,amberfriedman@example.com,FRANCE,EUROPE,SILVER,TRUE
1362,Diana Haley,hphillips@example.com,UNITED KINGDOM,EUROPE,GREEN,FALSE
1363,Julie Taylor,aaron48@example.net,AUSTRALIA,APAC,NONE,FALSE
1364,Thomas Austin,brownrobert@example.org,UNITED STATES,AMERICA,NONE,TRUE
1365,Mr. William Bray,petermoore@example.com,UNITED STATES,AMERICA,NONE,FALSE
1366,Corey Flowers,perezstacy@example.org,UNITED STATES,AMERICA,SILVER,FALSE
1367,Becky Singh,jamiethomas@example.com,UNITED KINGDOM,EUROPE,NONE,FALSE
1368,Alexandra Wilson,alexandria97@example.org,UNITED STATES,AMERICA,NONE,FALSE
1369,Elizabeth Martinez,whernandez@example.net,UNITED STATES,AMERICA,NONE,TRUE
1370,Dillon Travis,qmassey@example.org,NETHERLANDS,EUROPE,SILVER,FALSE
1371,Jessica Jackson,oblake@example.net,FRANCE,EUROPE,GREEN,FALSE
1372,Zachary Morrison,john76@example.com,UNITED STATES,AMERICA,GREEN,TRUE
1373,Brian Carrillo,rebecca85@example.com,GERMANY,EUROPE,NONE,TRUE
1374,Danielle Kelly,garcialinda@example.org,UNITED KINGDOM,EUROPE,NONE,TRUE
1375,Connie Hamilton,dalton78@example.net,AUSTRALIA,APAC,NONE,FALSE
1376,Jamie Stone,gwilliams@example.net,UNITED STATES,AMERICA,GREEN,TRUE
1377,Maria Garcia,wilsonkathryn@example.com,GERMANY,EUROPE,NONE,TRUE
1378,Michelle Munoz,chiggins@example.com,FRANCE,EUROPE,SILVER,FALSE
1379,Jessica Murray,bentleylisa@example.net,UNITED STATES,AMERICA,GOLD,FALSE
1380,Jessica Odonnell,ashleyjohnson@example.com,GERMANY,EUROPE,NONE,TRUE
1381,Thomas Pham,qatkinson@example.com,CANADA,AMERICA,NONE,TRUE
1382,Hailey Beltran,joshuabowers@example.com,UNITED STATES,AMERICA,GOLD,TRUE
1383,William Baker,jasontownsend@example.net,GERMANY,EUROPE,GREEN,TRUE
1384,Natalie Mullins,megangates@example.com,UNITED STATES,AMERICA,GREEN,TRUE
1385,Joshua Trujillo,leslietorres@example.net,UNITED STATES,AMERICA,GOLD,TRUE
1386,Jared Howell,katherineharris@example.net,JAPAN,ASIA,GREEN,TRUE
1387,Mr. Jeffrey Ward,susanmorris@example.org,UNITED KINGDOM,EUROPE,NONE,FALSE
1388,Eric Hunter,katherine82@example.com,FRANCE,EUROPE,SILVER,FALSE
1389,Angela Davis,jphelps@example.net,CANADA,AMERICA,SILVER,TRUE
1390,Hector Anderson,vgarcia@example.com,AUSTRALIA,APAC,NONE,TRUE
1391,Tricia Nguyen,scottwilliams@example.net,UNITED KINGDOM,EUROPE,NONE,FALSE
1392,Willie Johnson,marthalucero@example.org,UNITED STATES,AMERICA,GREEN,TRUE
1393,Jessica Cain,alexandersanchez@example.org,UNITED STATES,AMERICA,NONE,TRUE
1394,Karen Gonzales,robertabbott@example.net,FRANCE,EUROPE,NONE,TRUE
1395,Kenneth Barrera,tfrancis@example.com,NETHERLANDS,EUROPE,GREEN,TRUE
1396,Deborah Wood,lukekelly@example.net,UNITED STATES,AMERICA,NONE,TRUE
1397,Scott Andersen,laurariley@example.org,NETHERLANDS,EUROPE,NONE,FALSE
1398,Dr. Katie Alvarez,daniel93@example.net,UNITED KINGDOM,EUROPE,NONE,TRUE
1399,Michael Bray,stevenandrews@example.org,GERMANY,EUROPE,GREEN,FALSE
1400,Jeffrey Garza,bentongeorge@example.net,UNITED STATES,AMERICA,NONE,TRUE
1401,Matthew Huang,jdillon@example.org,GERMANY,EUROPE,NONE,TRUE
1402,Ana Higgins,stacey09@example.com,UNITED STATES,AMERICA,GREEN,TRUE
1403,Phillip Anderson,clewis@example.com,UNITED STATES,AMERICA,SILVER,TRUE
1404,Megan Rivera,ithomas@example.net,GERMANY,EUROPE,NONE,FALSE
1405,Shari Arellano,josephmichael@example.org,SWEDEN,EUROPE,NONE,FALSE
1406,Andrea Brown,ucross@example.org,UNITED KINGDOM,EUROPE,NONE,TRUE
1407,Kyle Blake,maryjohnson@example.com,FRANCE,EUROPE,GREEN,TRUE
1408,Evelyn Davis,rberry@example.com,UNITED STATES,AMERICA,NONE,TRUE
1409,Jane Wells,isaac45@example.org,FRANCE,EUROPE,NONE,TRUE
1410,Sherry Porter,jorgegonzalez@example.com,CANADA,AMERICA,GREEN,TRUE
1411,Miss Gina Walton,andrew90@example.net,FRANCE,EUROPE,NONE,FALSE
1412,Jake Jackson,smithpaul@example.org,FRANCE,EUROPE,GOLD,FALSE
1413,Laura Brooks,sosajacob@example.net,NETHERLANDS,EUROPE,NONE,TRUE
1414,Mr. William Davis DDS,carolberry@example.com,UNITED STATES,AMERICA,GREEN,FALSE
1415,Sheryl Thompson,lisawallace@example.net,NETHERLANDS,EUROPE,NONE,TRUE
1416,Joshua Rubio,aguirrelarry@example.com,FRANCE,EUROPE,SILVER,FALSE
1417,Michael Lawrence,racheljimenez@example.net,AUSTRALIA,APAC,GREEN,FALSE
1418,Louis Rogers,jmcfarland@example.com,FRANCE,EUROPE,GREEN,FALSE
1419,Terry Barnett,morganmichael@example.org,JAPAN,ASIA,SILVER,TRUE
1420,Katherine Bauer,howardsabrina@example.com,AUSTRALIA,APAC,GREEN,TRUE
1421,Susan Zimmerman,abbottchristopher@example.net,FRANCE,EUROPE,SILVER,TRUE
1422,Joseph Andrews,psherman@example.org,AUSTRALIA,APAC,GREEN,TRUE
1423,Chad Gallagher,sheryl66@example.com,CANADA,AMERICA,NONE,FALSE
1424,John Henry,anna96@example.com,GERMANY,EUROPE,NONE,TRUE
1425,Dr. Dustin Sutton Jr.,lopezchristopher@example.net,UNITED KINGDOM,EUROPE,GOLD,TRUE
1426,Laura Thompson,jocelyn80@example.org,UNITED STATES,AMERICA,GREEN,FALSE
1427,Janice Bell,colongabrielle@example.com,CANADA,AMERICA,NONE,FALSE
1428,Kelly Thompson,erin03@example.org,FRANCE,EUROPE,GREEN,TRUE
1429,Cody Walker,charles37@example.org,CANADA,AMERICA,GREEN,TRUE
1430,Lisa Williams,sharris@example.org,JAPAN,ASIA,GREEN,TRUE
1431,Abigail Allen,tracey63@example.com,GERMANY,EUROPE,SILVER,TRUE
1432,Jennifer Moore,christyscott@example.com,UNITED STATES,AMERICA,SILVER,FALSE
1433,Michelle Barrera,jamie46@example.net,UNITED STATES,AMERICA,GREEN,TRUE
1434,Rodney Bennett,lisafreeman@example.net,UNITED STATES,AMERICA,NONE,FALSE
1435,Michael Williams,sanderson@example.org,UNITED STATES,AMERICA,NONE,TRUE
1436,Brian Moore,ijones@example.com,UNITED KINGDOM,EUROPE,NONE,TRUE
1437,Patrick Moses,smitchell@example.com,UNITED STATES,AMERICA,NONE,FALSE
1438,Deborah Juarez,mcarson@example.org,GERMANY,EUROPE,NONE,TRUE
1439,Kathleen Martinez,harrisondaniel@example.org,UNITED KINGDOM,EUROPE,NONE,FALSE
1440,James Miller,allenchristina@example.com,NETHERLANDS,EUROPE,NONE,FALSE
1441,Jessica Hammond,kaylahardy@example.org,JAPAN,ASIA,SILVER,TRUE
1442,Tiffany Peterson,sandra57@example.org,FRANCE,EUROPE,GOLD,FALSE
1443,Amy James,william32@example.net,FRANCE,EUROPE,NONE,TRUE
1444,Matthew Gonzales,pjones@example.net,GERMANY,EUROPE,GREEN,FALSE
1445,Kristin Thomas,brian16@example.net,UNITED STATES,AMERICA,NONE,TRUE
1446,Lisa Jackson,mitchell21@example.net,GERMANY,EUROPE,NONE,FALSE
1447,James Hart,hmack@example.org,UNITED STATES,AMERICA,NONE,TRUE
1448,Amanda Gardner,banksrenee@example.net,JAPAN,ASIA,NONE,TRUE
1449,Diane Jensen,pkent@example.net,GERMANY,EUROPE,NONE,TRUE
1450,David Baird DDS,jcalhoun@example.com,UNITED STATES,AMERICA,NONE,FALSE
1451,Heather Thomas,sylviaprice@example.com,CANADA,AMERICA,GREEN,FALSE
1452,Isabel Smith,douglas76@example.net,JAPAN,ASIA,GREEN,FALSE
1453,Sarah Archer,marygomez@example.com,SPAIN,EUROPE,GREEN,FALSE
1454,Jason Quinn,dfarley@example.com,UNITED STATES,AMERICA,NONE,TRUE
1455,Maurice Anderson,johnmarquez@example.net,CANADA,AMERICA,NONE,TRUE
1456,Shane Hopkins,rachel86@example.com,UNITED STATES,AMERICA,NONE,TRUE
1457,Cindy Thomas,danielsshaun@example.net,SPAIN,EUROPE,NONE,TRUE
1458,Curtis Morgan,donnagiles@example.com,UNITED STATES,AMERICA,NONE,TRUE
1459,Jeremy Benson,lbradley@example.com,GERMANY,EUROPE,SILVER,TRUE
1460,Miss Patricia Davidson,edwardstewart@example.org,UNITED STATES,AMERICA,GREEN,TRUE
1461,Bianca Velazquez,cheryl98@example.net,FRANCE,EUROPE,GREEN,FALSE
1462,Amanda Davis,milleralan@example.org,NETHERLANDS,EUROPE,SILVER,TRUE
1463,Brandon Huynh,james23@example.com,UNITED KINGDOM,EUROPE,GOLD,TRUE
1464,Heidi Blankenship,talvarez@example.org,UNITED STATES,AMERICA,GREEN,TRUE
1465,Brian Hoffman,frankwilson@example.net,UNITED STATES,AMERICA,NONE,FALSE
1466,Justin Fuller,hannah31@example.net,FRANCE,EUROPE,GOLD,TRUE
1467,Susan Davis,taylorparker@example.com,GERMANY,EUROPE,NONE,TRUE
1468,Randall Willis,sarah99@example.org,UNITED STATES,AMERICA,GREEN,FALSE
1469,Alejandro Vasquez,nicole15@example.org,UNITED STATES,AMERICA,NONE,TRUE
1470,Marcus Byrd,danieldonovan@example.net,FRANCE,EUROPE,NONE,TRUE
1471,Mark Carter,gomeztonya@example.com,UNITED STATES,AMERICA,SILVER,TRUE
1472,Steven Butler,michaelking@example.net,CANADA,AMERICA,NONE,FALSE
1473,Joseph Moon,kflores@example.org,UNITED KINGDOM,EUROPE,GREEN,TRUE
1474,Melody Baker,rmorgan@example.net,UNITED STATES,AMERICA,GOLD,TRUE
1475,Mary Hopkins MD,andersontiffany@example.net,UNITED STATES,AMERICA,NONE,FALSE
1476,Kenneth Turner,rebeccajames@example.org,GERMANY,EUROPE,GOLD,TRUE
1477,Debra Brooks,linda66@example.net,AUSTRALIA,APAC,GREEN,FALSE
1478,Tommy Ball,tracyadams@example.com,FRANCE,EUROPE,NONE,TRUE
1479,Angela Wade,michelle10@example.org,FRANCE,EUROPE,NONE,TRUE
1480,Ashley Jones,calvin93@example.org,UNITED KINGDOM,EUROPE,GREEN,TRUE
1481,Alexandra Smith,molly91@example.org,UNITED KINGDOM,EUROPE,NONE,FALSE
1482,Tracie Costa,kristi19@example.org,AUSTRALIA,APAC,SILVER,TRUE
1483,Charles Hardin,lopezjennifer@example.org,UNITED STATES,AMERICA,GOLD,FALSE
1484,Rickey Hall,lovepaul@example.net,UNITED KINGDOM,EUROPE,GREEN,TRUE
1485,Karen Gonzalez,ljacobs@example.com,NETHERLANDS,EUROPE,NONE,FALSE
1486,Michael Hancock,ramoswilliam@example.org,UNITED STATES,AMERICA,GREEN,TRUE
1487,Craig Thomas,hollywarner@example.org,GERMANY,EUROPE,NONE,FALSE
1488,Samuel Avila,franciscoreid@example.net,JAPAN,ASIA,SILVER,TRUE
1489,Jason Davidson,ronaldsummers@example.net,GERMANY,EUROPE,GOLD,TRUE
1490,Adam Zamora,juan21@example.org,UNITED STATES,AMERICA,NONE,TRUE
1491,Gregory Quinn,wmiller@example.net,AUSTRALIA,APAC,GREEN,FALSE
1492,William Craig,brianna59@example.net,UNITED KINGDOM,EUROPE,NONE,TRUE
1493,Laura Acosta,shannon75@example.com,UNITED STATES,AMERICA,GREEN,FALSE
1494,John Gardner,jeremyjackson@example.net,UNITED KINGDOM,EUROPE,NONE,FALSE
1495,John Murray,dford@example.com,NETHERLANDS,EUROPE,NONE,FALSE
1496,Oscar Cruz,markskristina@example.com,FRANCE,EUROPE,NONE,TRUE
1497,Lynn Ross MD,edwardshah@example.org,UNITED STATES,AMERICA,NONE,FALSE
1498,James Hernandez,james76@example.org,UNITED STATES,AMERICA,NONE,TRUE
1499,Tyler Dunn,jameslawson@example.com,JAPAN,ASIA,NONE,TRUE
1500,Travis Moore,gomezdaniel@example.com,UNITED STATES,AMERICA,NONE,FALSE
1501,Lisa Thomas,alara@example.com,GERMANY,EUROPE,GREEN,TRUE
1502,Eric Moore,gabriella69@example.org,UNITED KINGDOM,EUROPE,NONE,TRUE
1503,Kendra Peterson,lindsay25@example.net,SWEDEN,EUROPE,NONE,FALSE
1504,Amy West,usanchez@example.net,GERMANY,EUROPE,NONE,FALSE
1505,Shane Edwards,jbuchanan@example.com,NETHERLANDS,EUROPE,GOLD,TRUE
1506,Erin Lee,tammyharrington@example.net,UNITED KINGDOM,EUROPE,GREEN,TRUE
1507,Crystal Watkins,lisawright@example.net,UNITED KINGDOM,EUROPE,SILVER,TRUE
1508,Alec Dixon,cruzeddie@example.com,UNITED STATES,AMERICA,GREEN,TRUE
1509,John Morrison,carl63@example.com,GERMANY,EUROPE,GREEN,FALSE
1510,Helen Strickland,owright@example.org,UNITED STATES,AMERICA,SILVER,TRUE
1511,Roger Olson,kristenfrye@example.com,FRANCE,EUROPE,NONE,TRUE
1512,Miss Kimberly Holloway,susanharper@example.org,GERMANY,EUROPE,GREEN,FALSE
1513,Antonio Dyer,john66@example.net,SWEDEN,EUROPE,SILVER,FALSE
1514,Alexandra Green,kennethjohnson@example.net,SWEDEN,EUROPE,GREEN,FALSE
1515,Angela Marshall,seanreyes@example.org,FRANCE,EUROPE,NONE,FALSE
1516,Olivia Rodriguez,stephen39@example.com,FRANCE,EUROPE,GREEN,TRUE
1517,Kevin Morris,martinezmindy@example.net,UNITED KINGDOM,EUROPE,NONE,TRUE
1518,Charles Decker,opierce@example.com,GERMANY,EUROPE,NONE,TRUE
1519,Jennifer Nguyen,schneidermario@example.net,FRANCE,EUROPE,SILVER,TRUE
1520,Jorge Sharp,tylermcintosh@example.org,UNITED KINGDOM,EUROPE,NONE,FALSE
1521,Joseph Bentley,christopherward@example.com,UNITED KINGDOM,EUROPE,GOLD,TRUE
1522,Jason Potter,dmorales@example.net,CANADA,AMERICA,GOLD,FALSE
1523,Richard Neal,olsenshane@example.org,UNITED STATES,AMERICA,NONE,TRUE
1524,Sheila Perez,newmanangela@example.org,UNITED KINGDOM,EUROPE,NONE,TRUE
1525,Melissa Mendoza,robinsonjesse@example.org,CANADA,AMERICA,GREEN,TRUE
1526,Brenda Flores,qavila@example.com,AUSTRALIA,APAC,NONE,TRUE
1527,Ralph Vasquez,cpierce@example.org,NETHERLANDS,EUROPE,GREEN,TRUE
1528,Christine Aguilar,baileychristopher@example.com,GERMANY,EUROPE,GREEN,FALSE
1529,Sandra Sanders,amandaherman@example.net,UNITED STATES,AMERICA,NONE,TRUE
1530,Deborah Brooks,mmoore@example.net,SWEDEN,EUROPE,NONE,TRUE
1531,Craig Hurst,swilson@example.com,NETHERLANDS,EUROPE,NONE,FALSE
1532,Larry Curtis,hharris@example.org,GERMANY,EUROPE,NONE,FALSE
1533,Brian Fitzpatrick,jameshudson@example.net,JAPAN,ASIA,GREEN,TRUE
1534,Michael Lewis,michael03@example.net,FRANCE,EUROPE,GREEN,TRUE
1535,Sarah Robinson,collinsjavier@example.org,UNITED KINGDOM,EUROPE,NONE,FALSE
1536,Christine Arroyo,dcortez@example.com,CANADA,AMERICA,NONE,FALSE
1537,Carmen Vasquez,laura31@example.net,UNITED STATES,AMERICA,NONE,TRUE
1538,Aaron Johnson,vincentstacey@example.org,FRANCE,EUROPE,NONE,TRUE
1539,James Carroll,coltonrichardson@example.net,NETHERLANDS,EUROPE,NONE,FALSE
1540,Jay Walter,ramirezdesiree@example.com,FRANCE,EUROPE,NONE,TRUE
1541,Stephanie Turner,stephen31@example.net,CANADA,AMERICA,GREEN,FALSE
1542,Melanie Johnson,hthompson@example.org,UNITED KINGDOM,EUROPE,SILVER,TRUE
1543,Jordan Tanner,joseph97@example.org,UNITED KINGDOM,EUROPE,NONE,TRUE
1544,Brittany Brown,fjohnson@example.com,UNITED STATES,AMERICA,NONE,TRUE
1545,Jennifer Dudley,douglassusan@example.com,SWEDEN,EUROPE,NONE,TRUE
1546,Michelle Harris,andrew43@example.org,AUSTRALIA,APAC,NONE,TRUE
1547,Rita Forbes,russomary@example.com,NETHERLANDS,EUROPE,SILVER,FALSE
1548,Michele Conner,mitchellchristopher@example.com,UNITED STATES,AMERICA,GREEN,FALSE
1549,John Martin,jessica82@example.com,GERMANY,EUROPE,NONE,TRUE
1550,Hannah Thompson,wwatson@example.com,GERMANY,EUROPE,SILVER,FALSE
1551,Michael Preston,bward@example.org,UNITED STATES,AMERICA,GREEN,TRUE
1552,Stacey Cook,debbie78@example.net,UNITED STATES,AMERICA,NONE,FALSE
1553,Andrew Hunter,carolfernandez@example.net,AUSTRALIA,APAC,NONE,TRUE
1554,Robert Taylor,makaylasanders@example.com,FRANCE,EUROPE,SILVER,FALSE
1555,Wanda Stephens,johnstonjonathan@example.net,UNITED KINGDOM,EUROPE,NONE,TRUE
1556,Carmen Perez,tracy55@example.net,SPAIN,EUROPE,NONE,FALSE
1557,Kelly Weiss,barbarabrady@example.net,AUSTRALIA,APAC,NONE,FALSE
1558,Ashley Bowman,smoore@example.org,UNITED STATES,AMERICA,NONE,TRUE
1559,Stephanie Costa,simpsonruth@example.net,UNITED STATES,AMERICA,NONE,FALSE
1560,Dana Sullivan,amberdavis@example.org,NETHERLANDS,EUROPE,NONE,FALSE
1561,Andre Martinez,mariabecker@example.org,UNITED STATES,AMERICA,NONE,FALSE
1562,Trevor Henderson,dorothy09@example.com,NETHERLANDS,EUROPE,NONE,TRUE
1563,James Torres,lreid@example.org,GERMANY,EUROPE,NONE,FALSE
1564,Vanessa Porter,anthony76@example.net,AUSTRALIA,APAC,NONE,FALSE
1565,Jenny Matthews,stacy70@example.com,AUSTRALIA,APAC,NONE,FALSE
1566,John Bullock,fking@example.org,SWEDEN,EUROPE,NONE,TRUE
1567,Ronald Welch,gibsonkaitlyn@example.org,GERMANY,EUROPE,GREEN,TRUE
1568,Julie Morris,arobinson@example.org,UNITED STATES,AMERICA,NONE,TRUE
1569,Carl Huffman,wallssean@example.net,UNITED STATES,AMERICA,NONE,FALSE
1570,Donald Cunningham,kingdavid@example.net,SPAIN,EUROPE,NONE,TRUE
1571,Steven Carter Jr.,carolyn61@example.net,SPAIN,EUROPE,GREEN,TRUE
1572,Ryan Gonzalez,ywright@example.net,UNITED KINGDOM,EUROPE,SILVER,FALSE
1573,Susan Barton,turnerjeffrey@example.net,UNITED KINGDOM,EUROPE,GREEN,TRUE
1574,Katherine Reeves,garciadonald@example.net,FRANCE,EUROPE,NONE,FALSE
1575,Lisa Johnson,srichardson@example.com,UNITED KINGDOM,EUROPE,GREEN,FALSE
1576,Joseph Benson,barnesarthur@example.com,GERMANY,EUROPE,NONE,TRUE
1577,Jennifer Brown,natalie57@example.com,AUSTRALIA,APAC,NONE,TRUE
1578,Dana Reilly,davidmartin@example.net,UNITED STATES,AMERICA,GREEN,FALSE
1579,Craig Keller,angela71@example.net,GERMANY,EUROPE,NONE,FALSE
1580,Jason Castro,jamesevans@example.net,UNITED STATES,AMERICA,GOLD,TRUE
1581,Alexandra Brown,rodriguezelizabeth@example.net,UNITED STATES,AMERICA,GREEN,FALSE
1582,Elizabeth Cain,samantha73@example.org,GERMANY,EUROPE,NONE,FALSE
1583,Karen Lewis,paulschultz@example.net,NETHERLANDS,EUROPE,GOLD,FALSE
1584,Andrea Estrada,michellejones@example.net,UNITED STATES,AMERICA,NONE,TRUE
1585,Angel Martin DDS,xfranco@example.org,UNITED STATES,AMERICA,NONE,TRUE
1586,Jennifer Goodwin,harrellkimberly@example.org,AUSTRALIA,APAC,GOLD,FALSE
1587,Nicholas Brooks,oobrien@example.net,FRANCE,EUROPE,GOLD,TRUE
1588,Karen Avery,wlucas@example.net,UNITED STATES,AMERICA,NONE,FALSE
1589,Kyle Roberts,reynoldsanthony@example.org,FRANCE,EUROPE,NONE,FALSE
1590,Michele Waters,woodphillip@example.com,UNITED STATES,AMERICA,NONE,FALSE
1591,Victoria Peterson,samantha78@example.com,UNITED STATES,AMERICA,NONE,FALSE
1592,Seth Barker,taylordavis@example.com,GERMANY,EUROPE,GREEN,FALSE
1593,Kim Jensen,kingjoseph@example.com,FRANCE,EUROPE,GREEN,FALSE
1594,Linda Perez,rebecca93@example.com,GERMANY,EUROPE,SILVER,TRUE
1595,Cheryl Rogers,mramirez@example.com,AUSTRALIA,APAC,NONE,FALSE
1596,Chelsea Austin,leahbarker@example.org,AUSTRALIA,APAC,NONE,TRUE
1597,Heather Daniels,james79@example.net,SWEDEN,EUROPE,GREEN,TRUE
1598,Nathaniel Walter,jamietyler@example.com,JAPAN,ASIA,SILVER,FALSE
1599,Matthew Crawford,peterlove@example.net,SWEDEN,EUROPE,NONE,FALSE
1600,Glenn Scott,kingtammy@example.net,UNITED STATES,AMERICA,GREEN,TRUE
1601,Mrs. Chelsea Villa,jgibson@example.net,UNITED STATES,AMERICA,GREEN,TRUE
1602,Kayla Fisher,brent67@example.net,UNITED STATES,AMERICA,NONE,FALSE
1603,Jeffrey Edwards,herbertward@example.org,UNITED KINGDOM,EUROPE,NONE,TRUE
1604,Benjamin Rodriguez,david16@example.org,UNITED STATES,AMERICA,GREEN,FALSE
1605,Matthew Brown,morganclaudia@example.com,CANADA,AMERICA,GOLD,TRUE
1606,David Robinson,sarah53@example.org,UNITED STATES,AMERICA,NONE,FALSE
1607,Kevin Farmer,lindabryan@example.org,UNITED STATES,AMERICA,NONE,TRUE
1608,Alicia Martin,lisa11@example.org,UNITED STATES,AMERICA,NONE,FALSE
1609,Connie Stevens,patricialowery@example.com,AUSTRALIA,APAC,NONE,TRUE
1610,David Parker,ogriffin@example.org,UNITED KINGDOM,EUROPE,GREEN,FALSE
1611,Jennifer Wallace,jocelyncruz@example.net,FRANCE,EUROPE,GREEN,TRUE
1612,Allison Hubbard,nicolehenry@example.net,GERMANY,EUROPE,SILVER,FALSE
1613,Alex Romero,mmassey@example.org,NETHERLANDS,EUROPE,GREEN,FALSE
1614,Michael Burke,zjackson@example.org,UNITED STATES,AMERICA,SILVER,FALSE
1615,Harry Hill,rachel69@example.com,AUSTRALIA,APAC,NONE,TRUE
1616,Melissa Elliott,chavezlauren@example.com,NETHERLANDS,EUROPE,NONE,TRUE
1617,Heather Smith,bramsey@example.org,AUSTRALIA,APAC,GREEN,TRUE
1618,Gregory Adams,timothy23@example.net,UNITED STATES,AMERICA,NONE,FALSE
1619,Linda Patrick,wernermichael@example.org,CANADA,AMERICA,GREEN,FALSE
1620,Thomas Davis,wrightalicia@example.com,GERMANY,EUROPE,NONE,TRUE
1621,Edward Garrison,monica23@example.com,FRANCE,EUROPE,NONE,TRUE
1622,Joseph Hall,oliverashley@example.net,FRANCE,EUROPE,GREEN,TRUE
1623,Joshua Mcmahon,joelmorton@example.org,UNITED KINGDOM,EUROPE,SILVER,FALSE
1624,Angela Mejia,lisa28@example.org,UNITED STATES,AMERICA,SILVER,TRUE
1625,Kristen Wood,ericfrederick@example.org,UNITED KINGDOM,EUROPE,GREEN,FALSE
1626,Erika Jackson,william08@example.net,UNITED STATES,AMERICA,GREEN,FALSE
1627,Jennifer Jackson,imoore@example.org,UNITED KINGDOM,EUROPE,SILVER,TRUE
1628,Sandra Berry,steven72@example.net,NETHERLANDS,EUROPE,NONE,FALSE
1629,David Bowman,jonesnicholas@example.org,SPAIN,EUROPE,GOLD,TRUE
1630,Joseph Burns,upierce@example.com,CANADA,AMERICA,NONE,TRUE
1631,Julie Holland,kristin96@example.com,AUSTRALIA,APAC,NONE,FALSE
1632,Jennifer Gordon,cmartinez@example.org,UNITED STATES,AMERICA,NONE,FALSE
1633,Zachary Wilkinson,munozrobert@example.com,CANADA,AMERICA,NONE,FALSE
1634,Alexander Freeman,lewiskimberly@example.org,UNITED STATES,AMERICA,NONE,TRUE
1635,Kevin Blake,deborahturner@example.org,AUSTRALIA,APAC,GREEN,FALSE
1636,Steven Mckee,tommy77@example.com,SPAIN,EUROPE,GREEN,TRUE
1637,Julie Perry,sanchezdustin@example.net,SWEDEN,EUROPE,NONE,FALSE
1638,Elizabeth Brown,pblankenship@example.com,FRANCE,EUROPE,SILVER,FALSE
1639,Edward Nicholson,ewilliams@example.org,UNITED KINGDOM,EUROPE,SILVER,FALSE
1640,Corey Weeks,alexgarcia@example.net,CANADA,AMERICA,SILVER,FALSE
1641,Debra Johnson,crystalwatson@example.com,FRANCE,EUROPE,NONE,FALSE
1642,Robert Stevens,justin08@example.net,UNITED STATES,AMERICA,GREEN,FALSE
1643,Jeffrey Freeman,estradaamy@example.net,GERMANY,EUROPE,GOLD,FALSE
1644,Andrea Donaldson,trivera@example.com,UNITED STATES,AMERICA,SILVER,FALSE
1645,Madison Thomas,christopherreyes@example.com,SPAIN,EUROPE,NONE,TRUE
1646,Andrew Smith,jameshudson@example.com,SPAIN,EUROPE,GREEN,TRUE
1647,Sonya Simmons,veronica30@example.org,UNITED STATES,AMERICA,SILVER,FALSE
1648,Andrew Acosta,robinsonrose@example.org,SPAIN,EUROPE,NONE,TRUE
1649,Katherine Miller,vcain@example.net,FRANCE,EUROPE,GREEN,FALSE
1650,Jacqueline Harrison,barbara85@example.net,UNITED STATES,AMERICA,SILVER,FALSE
1651,Kelsey Contreras,linda33@example.org,GERMANY,EUROPE,GREEN,TRUE
1652,Dillon Case,victor60@example.net,FRANCE,EUROPE,NONE,TRUE
1653,Scott Rodriguez,angelarichard@example.org,UNITED STATES,AMERICA,NONE,FALSE
1654,Danielle Stein,terrywilliam@example.com,NETHERLANDS,EUROPE,SILVER,FALSE
1655,Jennifer Rivera,sanchezcindy@example.net,SPAIN,EUROPE,SILVER,TRUE
1656,Erik Small,bsullivan@example.org,JAPAN,ASIA,SILVER,FALSE
1657,William Cook,david37@example.com,UNITED STATES,AMERICA,NONE,FALSE
1658,Jennifer Lewis,satkinson@example.org,FRANCE,EUROPE,NONE,FALSE
1659,Carmen Moore,brittney11@example.org,SWEDEN,EUROPE,SILVER,TRUE
1660,Omar Hernandez,fvasquez@example.net,UNITED STATES,AMERICA,GREEN,FALSE
1661,Wendy Smith,antoniocarter@example.com,UNITED STATES,AMERICA,GREEN,FALSE
1662,Tamara Graves,williamspatricia@example.com,CANADA,AMERICA,NONE,FALSE
1663,Zachary Miller,mendezlori@example.org,UNITED STATES,AMERICA,GOLD,TRUE
1664,Stephanie Holloway,lrodriguez@example.com,GERMANY,EUROPE,GREEN,TRUE
1665,Kelly Decker,dillon79@example.com,FRANCE,EUROPE,SILVER,TRUE
1666,Ricardo Robertson,sobrien@example.com,UNITED KINGDOM,EUROPE,SILVER,TRUE
1667,Samuel Ortega,wpatrick@example.net,FRANCE,EUROPE,SILVER,FALSE
1668,Matthew Briggs,proman@example.com,GERMANY,EUROPE,NONE,FALSE
1669,Christine Murray,benjaminbrown@example.org,FRANCE,EUROPE,NONE,FALSE
1670,Zachary Martinez,campbellmarvin@example.com,SWEDEN,EUROPE,GREEN,TRUE
1671,Michelle Graham,spearselizabeth@example.net,UNITED STATES,AMERICA,NONE,FALSE
1672,Laurie Pineda,pauladouglas@example.com,UNITED STATES,AMERICA,GREEN,TRUE
1673,Corey Jones,randalllinda@example.com,AUSTRALIA,APAC,NONE,FALSE
1674,Jonathan Barrett,ubowers@example.com,FRANCE,EUROPE,GREEN,TRUE
1675,Gabriel Levy,wbarrett@example.net,GERMANY,EUROPE,GREEN,FALSE
1676,Catherine Booth,stephanieperry@example.com,UNITED KINGDOM,EUROPE,GREEN,FALSE
1677,Felicia Williams,johnmunoz@example.com,UNITED STATES,AMERICA,SILVER,TRUE
1678,Michelle Butler,welchjennifer@example.net,GERMANY,EUROPE,NONE,TRUE
1679,Aaron Webb,jasoncook@example.net,UNITED STATES,AMERICA,GOLD,TRUE
1680,Natasha Hill,lpreston@example.net,NETHERLANDS,EUROPE,GOLD,TRUE
1681,Christina Carrillo,gibsonjennifer@example.net,FRANCE,EUROPE,NONE,TRUE
1682,Zachary Bryant,marvin69@example.net,SWEDEN,EUROPE,SILVER,TRUE
1683,Amy Gallegos,mhickman@example.net,UNITED STATES,AMERICA,NONE,TRUE
1684,Ethan Garza,pbaker@example.org,UNITED STATES,AMERICA,GREEN,TRUE
1685,Mary Riley,hbaker@example.org,SWEDEN,EUROPE,GOLD,FALSE
1686,Trevor Cole,dsmith@example.org,GERMANY,EUROPE,GOLD,FALSE
1687,Denise Olsen,usmith@example.net,AUSTRALIA,APAC,GREEN,FALSE
1688,Patricia Alvarado,nzhang@example.net,GERMANY,EUROPE,GREEN,TRUE
1689,Donna Wilson,saraprice@example.net,GERMANY,EUROPE,GOLD,FALSE
1690,Joshua Gonzalez,pmiller@example.org,UNITED STATES,AMERICA,NONE,TRUE
1691,Alicia Anderson,gary44@example.com,GERMANY,EUROPE,NONE,FALSE
1692,Jeffery Daniel,connor44@example.net,UNITED STATES,AMERICA,NONE,FALSE
1693,Margaret Jones,morganfarrell@example.org,GERMANY,EUROPE,SILVER,TRUE
1694,Andrea Townsend,tammy17@example.com,UNITED KINGDOM,EUROPE,GREEN,FALSE
1695,Ralph Chan,edixon@example.net,UNITED KINGDOM,EUROPE,GREEN,TRUE
1696,Rachel Kelly,gomezpaul@example.org,UNITED KINGDOM,EUROPE,GREEN,FALSE
1697,Danielle Smith,gayfrancis@example.com,NETHERLANDS,EUROPE,GREEN,TRUE
1698,Robert Nichols,writter@example.net,JAPAN,ASIA,NONE,TRUE
1699,Gerald Price,ggarcia@example.com,UNITED STATES,AMERICA,NONE,TRUE
1700,Connor Walsh,cherryjulie@example.net,UNITED STATES,AMERICA,NONE,FALSE
1701,Phyllis Grant,phughes@example.com,UNITED STATES,AMERICA,NONE,FALSE
1702,Andrew Chavez,duncanandre@example.net,UNITED STATES,AMERICA,NONE,TRUE
1703,Mariah Perry,montesmichelle@example.org,UNITED STATES,AMERICA,GREEN,FALSE
1704,Brendan Meyer,watkinsthomas@example.net,FRANCE,EUROPE,NONE,TRUE
1705,Molly Peterson DDS,hartmandanielle@example.org,UNITED KINGDOM,EUROPE,SILVER,FALSE
1706,Rodney Carter,brownkevin@example.org,FRANCE,EUROPE,GREEN,FALSE
1707,Robyn Kidd,matthew61@example.net,UNITED STATES,AMERICA,NONE,TRUE
1708,Jonathan Rodgers,sjohnson@example.com,JAPAN,ASIA,NONE,TRUE
1709,Brandon Taylor,coxcody@example.com,UNITED KINGDOM,EUROPE,NONE,FALSE
1710,Emily Martinez,brandimiller@example.org,UNITED KINGDOM,EUROPE,NONE,TRUE
1711,Ryan Pierce,cainana@example.net,UNITED KINGDOM,EUROPE,GREEN,TRUE
1712,Kimberly Escobar,craig60@example.com,FRANCE,EUROPE,GREEN,FALSE
1713,Jennifer Barrett,joyce21@example.org,FRANCE,EUROPE,NONE,TRUE
1714,Leah Rodriguez,zwilliams@example.com,AUSTRALIA,APAC,GOLD,TRUE
1715,Brian Moore,christopherjackson@example.net,FRANCE,EUROPE,NONE,FALSE
1716,Mercedes Garcia,ruizjessica@example.org,UNITED STATES,AMERICA,NONE,TRUE
1717,Tyler Shields,veronicasmith@example.net,UNITED STATES,AMERICA,NONE,FALSE
1718,Laura Blair,travisyoung@example.com,SPAIN,EUROPE,NONE,FALSE
1719,Michael Lee,max69@example.com,UNITED STATES,AMERICA,NONE,TRUE
1720,Donna Wright,mannjonathan@example.net,UNITED KINGDOM,EUROPE,NONE,FALSE
1721,Dr. Jared Lee III,barbaraolsen@example.net,NETHERLANDS,EUROPE,NONE,FALSE
1722,Michael Anderson,halljohn@example.org,CANADA,AMERICA,GREEN,TRUE
1723,Melinda Anderson,joshuarodriguez@example.org,UNITED STATES,AMERICA,NONE,TRUE
1724,Michelle Greer,gutierrezmatthew@example.com,UNITED KINGDOM,EUROPE,NONE,TRUE
1725,Nathaniel Floyd,mark66@example.net,GERMANY,EUROPE,GREEN,TRUE
1726,Denise Alvarado,jamiegomez@example.net,UNITED STATES,AMERICA,NONE,FALSE
1727,Mary Burns,samuel40@example.com,SPAIN,EUROPE,SILVER,TRUE
1728,Antonio Small,goodmanalice@example.org,JAPAN,ASIA,GREEN,FALSE
1729,Stanley Taylor,gregory07@example.net,FRANCE,EUROPE,GREEN,TRUE
1730,Jesse Turner,shannonbarker@example.com,JAPAN,ASIA,SILVER,TRUE
1731,Tracey Nelson,iwalker@example.org,FRANCE,EUROPE,NONE,FALSE
1732,Maria Cruz,danielgriffith@example.net,SWEDEN,EUROPE,GREEN,TRUE
1733,Brett Atkins,julie01@example.net,JAPAN,ASIA,SILVER,TRUE
1734,Ashley Roach,lisa89@example.net,UNITED KINGDOM,EUROPE,GREEN,FALSE
1735,Kendra White,amadden@example.org,AUSTRALIA,APAC,NONE,TRUE
1736,Erin Norris,abradley@example.com,FRANCE,EUROPE,NONE,TRUE
1737,Brian Torres,zking@example.com,UNITED KINGDOM,EUROPE,NONE,FALSE
1738,Lori Santiago,cody79@example.org,UNITED KINGDOM,EUROPE,NONE,FALSE
1739,Erika Hodge,thomas38@example.com,UNITED STATES,AMERICA,SILVER,TRUE
1740,Jeffrey Hart DDS,cunninghamderrick@example.com,GERMANY,EUROPE,GOLD,FALSE
1741,Christine Gutierrez,garciaveronica@example.net,UNITED STATES,AMERICA,GOLD,TRUE
1742,Chad Rojas,nathanjohnson@example.org,UNITED STATES,AMERICA,NONE,FALSE
1743,Jennifer Esparza,forozco@example.com,CANADA,AMERICA,GOLD,TRUE
1744,Lisa Davis,kylie83@example.org,GERMANY,EUROPE,NONE,FALSE
1745,Donald Jackson,howetracy@example.org,FRANCE,EUROPE,GREEN,FALSE
1746,Stacy Garcia,sandyramirez@example.com,UNITED STATES,AMERICA,GREEN,TRUE
1747,Taylor Mullins,anthonydavis@example.net,UNITED STATES,AMERICA,NONE,FALSE
1748,Mary Lee,jimwilliams@example.org,FRANCE,EUROPE,GREEN,FALSE
1749,Daniel Anderson,cbrown@example.org,FRANCE,EUROPE,GREEN,FALSE
1750,Amanda Swanson,michaelsherman@example.com,NETHERLANDS,EUROPE,GOLD,FALSE
1751,Jessica Watts,thomassmith@example.com,UNITED STATES,AMERICA,GREEN,FALSE
1752,Christopher Cameron,wrodriguez@example.org,GERMANY,EUROPE,SILVER,FALSE
1753,Christian Rodriguez,hollymartin@example.net,CANADA,AMERICA,GREEN,FALSE
1754,Kristen Byrd,olivia29@example.net,UNITED KINGDOM,EUROPE,GREEN,FALSE
1755,Cindy Cole,cherylnorton@example.com,CANADA,AMERICA,GREEN,FALSE
1756,Larry Howe,gonzalezkenneth@example.net,UNITED STATES,AMERICA,GREEN,FALSE
1757,Brandon Perkins,rachelhall@example.net,GERMANY,EUROPE,NONE,FALSE
1758,Shannon Castro,lblankenship@example.net,FRANCE,EUROPE,SILVER,FALSE
1759,Brandy Holmes,laurenallen@example.org,CANADA,AMERICA,GREEN,FALSE
1760,Lisa Wilkerson,ambermiller@example.net,UNITED STATES,AMERICA,NONE,FALSE
1761,Debbie Rivera,mariawilliams@example.com,UNITED STATES,AMERICA,SILVER,TRUE
1762,Christine Pratt,hollydavis@example.org,GERMANY,EUROPE,SILVER,TRUE
1763,Andrea Le,rojasmarc@example.org,FRANCE,EUROPE,NONE,TRUE
1764,Wendy Morgan,cannonkimberly@example.net,FRANCE,EUROPE,NONE,FALSE
1765,Shari Sharp,morriskatherine@example.net,UNITED STATES,AMERICA,GREEN,FALSE
1766,Angela Lee,gonzalespatricia@example.net,JAPAN,ASIA,GOLD,FALSE
1767,Richard Goodman,ballvanessa@example.com,JAPAN,ASIA,GREEN,FALSE
1768,Brian Rocha,karen42@example.org,CANADA,AMERICA,NONE,FALSE
1769,Brittany Barnett,hmitchell@example.org,GERMANY,EUROPE,GOLD,TRUE
1770,Roger Roberts,edwardstaylor@example.net,GERMANY,EUROPE,GREEN,TRUE
1771,Alexander Greene,stanleynina@example.com,GERMANY,EUROPE,NONE,TRUE
1772,Glenn Ward,alyssa66@example.net,UNITED STATES,AMERICA,GREEN,TRUE
1773,Jason Salinas,vickiwood@example.org,GERMANY,EUROPE,SILVER,FALSE
1774,Roberto Glover,jblair@example.net,GERMANY,EUROPE,SILVER,FALSE
1775,John Russell,robertchase@example.net,AUSTRALIA,APAC,NONE,FALSE
1776,Henry Lutz,davidbrown@example.org,GERMANY,EUROPE,NONE,TRUE
1777,Sharon King,zamorarose@example.net,UNITED STATES,AMERICA,GREEN,TRUE
1778,Mario Green,amywells@example.org,UNITED STATES,AMERICA,GREEN,FALSE
1779,Jamie Gallagher,rossjohn@example.net,UNITED STATES,AMERICA,GREEN,TRUE
1780,Michael Montgomery,jessica89@example.net,UNITED STATES,AMERICA,GOLD,TRUE
1781,Monica Russell,andrewsuarez@example.net,AUSTRALIA,APAC,NONE,TRUE
1782,Nathan Kirk,tlewis@example.com,UNITED STATES,AMERICA,GREEN,FALSE
1783,Shane Short,sonia62@example.com,UNITED KINGDOM,EUROPE,NONE,FALSE
1784,Jacqueline Roberts,lopezkristina@example.net,UNITED STATES,AMERICA,NONE,TRUE
1785,Gina Vega,james01@example.com,UNITED STATES,AMERICA,GREEN,FALSE
1786,Jason Ramirez,william88@example.org,FRANCE,EUROPE,NONE,TRUE
1787,Monica Richardson,mariahill@example.net,GERMANY,EUROPE,GOLD,TRUE
1788,Julie Decker,nunezmatthew@example.com,UNITED STATES,AMERICA,NONE,TRUE
1789,Amy Farrell,jamesrobinson@example.com,SPAIN,EUROPE,GOLD,TRUE
1790,Joseph Matthews,fosterjeffrey@example.org,UNITED STATES,AMERICA,NONE,FALSE
1791,Ann Dawson,ufox@example.org,UNITED STATES,AMERICA,GOLD,FALSE
1792,Lisa Gonzalez,mccoyjames@example.org,SWEDEN,EUROPE,GREEN,FALSE
1793,Mathew Key,khanmelissa@example.net,UNITED STATES,AMERICA,NONE,FALSE
1794,Bradley Brady,uchang@example.com,UNITED STATES,AMERICA,SILVER,FALSE
1795,Tyler Garrison,smithjack@example.org,GERMANY,EUROPE,GREEN,TRUE
1796,Alyssa Rodriguez PhD,dunnmary@example.net,UNITED KINGDOM,EUROPE,GREEN,TRUE
1797,Dana Bennett,fwalsh@example.com,NETHERLANDS,EUROPE,NONE,TRUE
1798,Samantha Carlson,nrangel@example.net,SWEDEN,EUROPE,NONE,FALSE
1799,Jacob Conner,normajones@example.net,UNITED STATES,AMERICA,NONE,TRUE
1800,Bryce Fox,daniel43@example.org,CANADA,AMERICA,GREEN,FALSE
1801,John Massey,katherinerussell@example.org,UNITED STATES,AMERICA,GREEN,FALSE
1802,Brooke Lewis,charleshayes@example.com,UNITED STATES,AMERICA,NONE,FALSE
1803,Billy Scott,dominguezmeredith@example.com,UNITED KINGDOM,EUROPE,NONE,FALSE
1804,Joshua Shepard,gallegoscrystal@example.com,UNITED STATES,AMERICA,GREEN,FALSE
1805,Timothy Patterson,stonecody@example.net,AUSTRALIA,APAC,NONE,FALSE
1806,Richard Smith,acevedonancy@example.org,UNITED STATES,AMERICA,NONE,TRUE
1807,Christina Myers,meyerskathryn@example.com,GERMANY,EUROPE,GREEN,TRUE
1808,Jesus Flores,corythompson@example.org,GERMANY,EUROPE,NONE,FALSE
1809,Gilbert Williams,lhicks@example.com,GERMANY,EUROPE,NONE,TRUE
1810,Karina Boone,phines@example.org,UNITED STATES,AMERICA,NONE,FALSE
1811,Victoria Guerra,kara01@example.org,UNITED STATES,AMERICA,GREEN,FALSE
1812,Julian Leon,vdeleon@example.com,JAPAN,ASIA,NONE,FALSE
1813,Scott Durham,ricklewis@example.net,GERMANY,EUROPE,NONE,FALSE
1814,Nathaniel Brown,shannon09@example.org,UNITED STATES,AMERICA,SILVER,TRUE
1815,Wendy Carpenter,prattjustin@example.org,FRANCE,EUROPE,NONE,FALSE
1816,Michelle Chavez,brandi26@example.net,UNITED STATES,AMERICA,NONE,TRUE
1817,Loretta Garrett,qkane@example.com,UNITED STATES,AMERICA,NONE,FALSE
1818,Maria Malone,hdavis@example.com,JAPAN,ASIA,NONE,TRUE
1819,Richard Riley,dylancunningham@example.com,GERMANY,EUROPE,NONE,FALSE
1820,Jonathan Collins,stephaniezamora@example.org,UNITED KINGDOM,EUROPE,NONE,FALSE
1821,Richard Weiss,kimberly66@example.net,GERMANY,EUROPE,NONE,FALSE
1822,Teresa Russell,branchthomas@example.com,UNITED STATES,AMERICA,NONE,FALSE
1823,Joyce Butler,maygordon@example.org,GERMANY,EUROPE,SILVER,FALSE
1824,Tommy Ramsey,markbates@example.com,SPAIN,EUROPE,GOLD,FALSE
1825,Stephanie Meyer,hufftina@example.org,JAPAN,ASIA,GREEN,TRUE
1826,Toni Clay,jarvisrachel@example.net,FRANCE,EUROPE,SILVER,TRUE
1827,Gloria Dunn,richardhines@example.net,UNITED STATES,AMERICA,SILVER,FALSE
1828,Jessica Adams,wberry@example.com,FRANCE,EUROPE,GOLD,TRUE
1829,Tammy Robinson,gstokes@example.net,NETHERLANDS,EUROPE,SILVER,TRUE
1830,Sonya Miranda,ashley14@example.org,UNITED KINGDOM,EUROPE,GREEN,FALSE
1831,Jennifer Hernandez,melissa40@example.org,GERMANY,EUROPE,GREEN,TRUE
1832,Carly Goodwin,smithmelissa@example.com,UNITED STATES,AMERICA,GREEN,TRUE
1833,Susan Price,wilsontina@example.com,GERMANY,EUROPE,SILVER,FALSE
1834,Angela Barnett,madison00@example.org,UNITED STATES,AMERICA,GREEN,FALSE
1835,Anthony Wong,cartercatherine@example.net,SWEDEN,EUROPE,NONE,TRUE
1836,Jesse Ayala,monicaavery@example.net,UNITED STATES,AMERICA,GREEN,FALSE
1837,Charles Blair,dananelson@example.com,JAPAN,ASIA,NONE,FALSE
1838,Kyle Myers,kleinshane@example.org,UNITED KINGDOM,EUROPE,NONE,TRUE
1839,Pamela Jenkins,caitlyncooper@example.net,JAPAN,ASIA,GREEN,TRUE
1840,Nichole Vasquez,dlivingston@example.org,UNITED KINGDOM,EUROPE,NONE,FALSE
1841,Tara Jones,andrew88@example.com,AUSTRALIA,APAC,SILVER,FALSE
1842,Cory Harris,christopheranderson@example.com,UNITED KINGDOM,EUROPE,GOLD,FALSE
1843,Timothy Harris,irodriguez@example.org,UNITED KINGDOM,EUROPE,GREEN,FALSE
1844,Daniel Ferrell,erikamiller@example.org,JAPAN,ASIA,SILVER,FALSE
1845,Brian Christensen,mandypetty@example.com,UNITED STATES,AMERICA,NONE,TRUE
1846,Jon Berry,nicholas33@example.com,NETHERLANDS,EUROPE,NONE,TRUE
1847,Michael Phillips,brittany29@example.com,FRANCE,EUROPE,GREEN,FALSE
1848,Sean Carter,dudleycody@example.com,FRANCE,EUROPE,NONE,FALSE
1849,Anthony Hayes,marilyn67@example.net,GERMANY,EUROPE,SILVER,FALSE
1850,Charles Ford,kcontreras@example.org,GERMANY,EUROPE,NONE,TRUE
1851,Roy Fowler,lshannon@example.net,GERMANY,EUROPE,GOLD,TRUE
1852,Ashley Lee,ijackson@example.com,UNITED KINGDOM,EUROPE,NONE,FALSE
1853,Katherine Simon,bhall@example.org,FRANCE,EUROPE,GREEN,TRUE
1854,Kimberly Mcdowell,amyferrell@example.com,UNITED STATES,AMERICA,NONE,FALSE
1855,Darryl Christensen,vasquezjacqueline@example.net,UNITED KINGDOM,EUROPE,NONE,FALSE
1856,Jessica Becker,chavezisabel@example.com,JAPAN,ASIA,GREEN,FALSE
1857,Kathleen Mccullough,michellesmith@example.org,GERMANY,EUROPE,NONE,TRUE
1858,Charles Hopkins,henrysoto@example.com,UNITED KINGDOM,EUROPE,GREEN,FALSE
1859,Angelica Long,alexis58@example.com,UNITED STATES,AMERICA,GREEN,FALSE
1860,Melissa Sullivan,jessicamills@example.org,FRANCE,EUROPE,NONE,FALSE
1861,Kenneth Murphy,wnovak@example.net,FRANCE,EUROPE,NONE,FALSE
1862,Kristin Ferguson,joe99@example.net,FRANCE,EUROPE,GREEN,FALSE
1863,Joshua Smith,davidsellers@example.com,NETHERLANDS,EUROPE,GREEN,FALSE
1864,Tiffany Holt,eileendaniels@example.net,GERMANY,EUROPE,SILVER,TRUE
1865,Melissa Romero,deborah49@example.com,UNITED KINGDOM,EUROPE,NONE,TRUE
1866,Lisa Spencer,hollandjustin@example.com,NETHERLANDS,EUROPE,SILVER,TRUE
1867,Katie Rivers,dominguezscott@example.com,FRANCE,EUROPE,NONE,TRUE
1868,Cynthia Stephens,mmyers@example.net,UNITED KINGDOM,EUROPE,NONE,TRUE
1869,Mary Johnson,xhill@example.org,AUSTRALIA,APAC,NONE,FALSE
1870,Amy Burton,isimpson@example.com,SPAIN,EUROPE,GOLD,FALSE
1871,Chris Hanson,twagner@example.org,CANADA,AMERICA,SILVER,FALSE
1872,Beverly Black,troybrady@example.net,UNITED KINGDOM,EUROPE,SILVER,FALSE
1873,Melanie Smith,faithsparks@example.com,UNITED KINGDOM,EUROPE,GREEN,TRUE
1874,Derrick Johnson,karla66@example.net,JAPAN,ASIA,NONE,TRUE
1875,Melissa Carroll,nunezgary@example.net,UNITED STATES,AMERICA,NONE,FALSE
1876,Paul Phelps,john86@example.com,AUSTRALIA,APAC,GREEN,TRUE
1877,Christina Gomez,jacob32@example.net,GERMANY,EUROPE,GREEN,TRUE
1878,Laura Adams,ogreer@example.org,UNITED STATES,AMERICA,SILVER,FALSE
1879,Stephanie Armstrong,petersonfrank@example.org,UNITED STATES,AMERICA,GREEN,TRUE
1880,Sydney Lopez,jennifer72@example.com,UNITED STATES,AMERICA,GREEN,FALSE
1881,Wayne Jackson,mirandawalker@example.net,UNITED STATES,AMERICA,SILVER,TRUE
1882,Melissa Garcia,castropeter@example.com,SPAIN,EUROPE,NONE,FALSE
1883,Matthew Stone,jherring@example.com,UNITED STATES,AMERICA,GOLD,FALSE
1884,Frank Freeman,mallory30@example.org,AUSTRALIA,APAC,GOLD,TRUE
1885,Marcus Rich,housedaniel@example.com,NETHERLANDS,EUROPE,GREEN,FALSE
1886,Carmen Gonzalez,brandi40@example.org,CANADA,AMERICA,SILVER,TRUE
1887,Christine Parker,kelly15@example.com,UNITED KINGDOM,EUROPE,NONE,FALSE
1888,Daniel Thompson,lisaalvarez@example.net,UNITED STATES,AMERICA,GREEN,TRUE
1889,Robert West,brandon94@example.org,UNITED STATES,AMERICA,GREEN,FALSE
1890,Maria Rodriguez,johnsonmichael@example.com,UNITED STATES,AMERICA,GREEN,TRUE
1891,Joseph Bright,mhoffman@example.net,UNITED STATES,AMERICA,GOLD,FALSE
1892,Norma Smith,david88@example.net,UNITED STATES,AMERICA,NONE,FALSE
1893,Hannah Martin,savannahgrant@example.com,UNITED STATES,AMERICA,SILVER,FALSE
1894,Tyler Shields,csparks@example.net,JAPAN,ASIA,NONE,FALSE
1895,Edwin Jackson,gmccarthy@example.com,SPAIN,EUROPE,SILVER,TRUE
1896,Dr. Diana Chen,yoconnell@example.com,NETHERLANDS,EUROPE,GREEN,TRUE
1897,Sarah Roberts,kevinmendez@example.org,UNITED KINGDOM,EUROPE,GREEN,FALSE
1898,Robin Patterson,anthony00@example.org,SWEDEN,EUROPE,GREEN,TRUE
1899,Eric Fowler,charlesyoung@example.net,GERMANY,EUROPE,NONE,TRUE
1900,Sonya Wilcox,miranda13@example.org,UNITED STATES,AMERICA,NONE,TRUE
1901,John Boyd,lpeters@example.net,UNITED STATES,AMERICA,GREEN,FALSE
1902,Eric Rosales,ncruz@example.net,GERMANY,EUROPE,SILVER,FALSE
1903,Jonathan Jefferson DVM,rodneynolan@example.com,GERMANY,EUROPE,GREEN,FALSE
1904,Eileen Gutierrez,andersonmeghan@example.net,GERMANY,EUROPE,NONE,TRUE
1905,Tamara Roberts,foxlinda@example.org,GERMANY,EUROPE,SILVER,FALSE
1906,Rhonda Rodriguez,jamesbrown@example.org,UNITED STATES,AMERICA,GOLD,FALSE
1907,Sherry Brewer,claire06@example.net,UNITED STATES,AMERICA,GOLD,FALSE
1908,Brandon Sanchez,tracy38@example.com,GERMANY,EUROPE,NONE,TRUE
1909,Joseph Wang,fstone@example.net,FRANCE,EUROPE,NONE,FALSE
1910,Richard Yoder,qmarshall@example.net,UNITED STATES,AMERICA,NONE,TRUE
1911,Kristina Baker,nicholashuffman@example.org,UNITED STATES,AMERICA,NONE,FALSE
1912,Luke Dixon,qreyes@example.net,AUSTRALIA,APAC,SILVER,TRUE
1913,Brian Brown,jenniferhorne@example.net,UNITED STATES,AMERICA,GREEN,TRUE
1914,Arthur Mcdaniel,scottlove@example.org,JAPAN,ASIA,NONE,FALSE
1915,Mary Levy,nguyengerald@example.net,UNITED KINGDOM,EUROPE,GREEN,TRUE
1916,Susan Lewis,gkeith@example.net,JAPAN,ASIA,SILVER,TRUE
1917,Gabriel Nash,bowmanjoel@example.net,GERMANY,EUROPE,GREEN,FALSE
1918,Steven Nguyen,jacqueline39@example.net,SPAIN,EUROPE,NONE,FALSE
1919,Justin Parker,umartinez@example.net,GERMANY,EUROPE,NONE,TRUE
1920,Patrick Snyder,lindseyroberts@example.org,AUSTRALIA,APAC,NONE,FALSE
1921,Debbie King,ucarr@example.org,FRANCE,EUROPE,GREEN,FALSE
1922,Jeremy Summers,ksmith@example.org,FRANCE,EUROPE,NONE,FALSE
1923,Christopher Rivera,fwolf@example.net,UNITED KINGDOM,EUROPE,NONE,FALSE
1924,John Woodard,devon88@example.org,UNITED STATES,AMERICA,GREEN,TRUE
1925,Alfred Leonard,taylormichael@example.net,GERMANY,EUROPE,SILVER,FALSE
1926,Shari Kelley,benjaminwilliams@example.net,AUSTRALIA,APAC,NONE,TRUE
1927,Robert Parks MD,nbailey@example.net,JAPAN,ASIA,SILVER,TRUE
1928,Michele Watson,jack86@example.org,UNITED KINGDOM,EUROPE,NONE,FALSE
1929,Tammy Tyler,harrisjoshua@example.com,UNITED KINGDOM,EUROPE,NONE,FALSE
1930,James Miller,daniel15@example.org,GERMANY,EUROPE,NONE,TRUE
1931,Shelby Duncan,johnsonedward@example.net,UNITED STATES,AMERICA,GREEN,TRUE
1932,Timothy Mcmahon,elizabeth14@example.org,FRANCE,EUROPE,NONE,FALSE
1933,Matthew Moss,brianmorrow@example.org,UNITED STATES,AMERICA,GREEN,FALSE
1934,Wendy Miller,hdavis@example.org,UNITED KINGDOM,EUROPE,SILVER,FALSE
1935,Mark Dennis,clarkdavid@example.net,AUSTRALIA,APAC,NONE,TRUE
1936,Toni Ortiz,brianobrien@example.net,UNITED STATES,AMERICA,GREEN,FALSE
1937,Audrey Reyes,andersonhenry@example.org,UNITED STATES,AMERICA,GREEN,FALSE
1938,Amanda Taylor,dorothy87@example.org,UNITED STATES,AMERICA,SILVER,TRUE
1939,Marcus Blair,carterjames@example.com,UNITED STATES,AMERICA,SILVER,FALSE
1940,Joshua Guerrero,qcurtis@example.com,GERMANY,EUROPE,NONE,TRUE
1941,Ashley Duran,gregory14@example.org,JAPAN,ASIA,NONE,TRUE
1942,Melanie Garrett,sandraheath@example.net,GERMANY,EUROPE,NONE,TRUE
1943,Vicki Hernandez,nicholas09@example.org,GERMANY,EUROPE,GOLD,FALSE
1944,Holly Ponce,efranco@example.net,UNITED STATES,AMERICA,GOLD,TRUE
1945,April Galvan,david97@example.org,UNITED STATES,AMERICA,GOLD,FALSE
1946,Crystal Chavez,joshuacoleman@example.com,UNITED STATES,AMERICA,GREEN,FALSE
1947,Kimberly Hughes,jasonjohnson@example.org,UNITED STATES,AMERICA,SILVER,FALSE
1948,Paula Johnson,bconrad@example.org,SPAIN,EUROPE,NONE,TRUE
1949,Christopher Hall,kramirez@example.net,JAPAN,ASIA,GOLD,TRUE
1950,Jessica Griffith,reynoldsmichelle@example.org,AUSTRALIA,APAC,GREEN,FALSE
1951,Carlos Heath,petersonjose@example.org,UNITED STATES,AMERICA,NONE,FALSE
1952,Melinda May,jacquelinedelacruz@example.org,NETHERLANDS,EUROPE,NONE,TRUE
1953,Caleb Jensen,kfrye@example.net,GERMANY,EUROPE,GREEN,TRUE
1954,Jay Buchanan,woodbrittany@example.com,GERMANY,EUROPE,SILVER,FALSE
1955,Jeffery Thompson,johnskinner@example.org,UNITED STATES,AMERICA,SILVER,TRUE
1956,Danielle Hamilton,williamsbrian@example.org,CANADA,AMERICA,NONE,TRUE
1957,Kayla Williams,shafferjill@example.com,UNITED KINGDOM,EUROPE,SILVER,FALSE
1958,Ashlee Ross,burnsrodney@example.org,SPAIN,EUROPE,SILVER,FALSE
1959,Kelly Burnett,seth29@example.org,FRANCE,EUROPE,NONE,TRUE
1960,Ashley Cooper,fordjames@example.org,FRANCE,EUROPE,NONE,FALSE
1961,Brian Brown,martinnovak@example.com,GERMANY,EUROPE,NONE,FALSE
1962,Joseph Hill,james62@example.org,GERMANY,EUROPE,SILVER,FALSE
1963,Allison Cunningham,michaelvillarreal@example.net,UNITED KINGDOM,EUROPE,NONE,FALSE
1964,Jeffery Jordan,tyler31@example.net,GERMANY,EUROPE,NONE,FALSE
1965,Cristian Lambert,catherinemoore@example.com,GERMANY,EUROPE,NONE,TRUE
1966,Sara Preston,fmorrow@example.com,AUSTRALIA,APAC,NONE,FALSE
1967,Kelly Rivas,dsmith@example.com,UNITED KINGDOM,EUROPE,GOLD,TRUE
1968,Jeffery Collins,courtney01@example.org,UNITED STATES,AMERICA,SILVER,TRUE
1969,Kevin Estrada,sloanbenjamin@example.net,FRANCE,EUROPE,GREEN,FALSE
1970,Lauren Stephens,hooveranna@example.net,AUSTRALIA,APAC,NONE,TRUE
1971,Lynn Adams,edwardselizabeth@example.net,UNITED KINGDOM,EUROPE,GREEN,TRUE
1972,Richard Williams,mortonkenneth@example.net,UNITED STATES,AMERICA,NONE,FALSE
1973,Tanya Foster,pfowler@example.org,UNITED STATES,AMERICA,GREEN,TRUE
1974,Kevin Jennings,jreyes@example.net,SWEDEN,EUROPE,SILVER,TRUE
1975,Jason Reyes,hernandeztodd@example.org,GERMANY,EUROPE,NONE,FALSE
1976,Mr. David Rivas,samuel38@example.net,UNITED KINGDOM,EUROPE,SILVER,TRUE
1977,Donna Carroll,forbessean@example.org,GERMANY,EUROPE,NONE,FALSE
1978,Rodney Baker,qcharles@example.org,UNITED STATES,AMERICA,SILVER,TRUE
1979,John Robertson,danieljenkins@example.org,GERMANY,EUROPE,GREEN,TRUE
1980,Mary Mccoy,cody81@example.org,GERMANY,EUROPE,GOLD,FALSE
1981,Michael Gilbert,hlester@example.org,UNITED KINGDOM,EUROPE,GREEN,TRUE
1982,Tonya Simon,sarah80@example.org,JAPAN,ASIA,NONE,FALSE
1983,Tanya Shannon,amanda21@example.com,UNITED KINGDOM,EUROPE,GREEN,FALSE
1984,Sophia Boyd,ashleyalexander@example.net,UNITED STATES,AMERICA,SILVER,TRUE
1985,Timothy Ryan,cainjordan@example.org,FRANCE,EUROPE,GREEN,TRUE
1986,Francisco Estrada,meganjames@example.org,UNITED STATES,AMERICA,SILVER,FALSE
1987,Jamie Duran,villawilliam@example.com,UNITED KINGDOM,EUROPE,NONE,TRUE
1988,Leslie Moody,gcastro@example.org,UNITED STATES,AMERICA,SILVER,FALSE
1989,Paul Lane,dbeck@example.com,UNITED KINGDOM,EUROPE,NONE,TRUE
1990,Henry Reeves,rebecca19@example.com,NETHERLANDS,EUROPE,GOLD,TRUE
1991,Jeffery Snyder,gregorymitchell@example.net,CANADA,AMERICA,NONE,FALSE
1992,Courtney Sharp,daniel79@example.net,FRANCE,EUROPE,NONE,FALSE
1993,Jennifer Carter,dyersara@example.net,UNITED KINGDOM,EUROPE,NONE,TRUE
1994,Sandy Bennett,jenniferwalls@example.com,AUSTRALIA,APAC,SILVER,TRUE
1995,Jesse Edwards,wallaceeric@example.com,FRANCE,EUROPE,SILVER,TRUE
1996,Charles Zavala,bethany36@example.com,UNITED STATES,AMERICA,GREEN,TRUE
1997,Beth Shaw,josephross@example.net,UNITED STATES,AMERICA,NONE,FALSE
1998,Lisa Beard,tracifoster@example.org,UNITED STATES,AMERICA,SILVER,FALSE
1999,Nicole Wallace DDS,ejohnson@example.org,UNITED KINGDOM,EUROPE,NONE,FALSE
2000,Daniel Gallegos,michaelcampos@example.net,FRANCE,EUROPE,NONE,TRUE
2001,Carla Hoover,jenniferrodriguez@example.org,AUSTRALIA,APAC,GREEN,TRUE
2002,Jason Smith,tinawilliams@example.com,AUSTRALIA,APAC,GREEN,TRUE
2003,Jorge Morales,kentmichael@example.com,NETHERLANDS,EUROPE,NONE,FALSE
2004,Kathleen Baker,pattersondebra@example.org,FRANCE,EUROPE,NONE,FALSE
2005,Denise French,emorales@example.com,GERMANY,EUROPE,NONE,FALSE
2006,Kari Buck,bartondavid@example.com,NETHERLANDS,EUROPE,NONE,TRUE
2007,Laura Payne,paynestephanie@example.net,UNITED STATES,AMERICA,NONE,FALSE
2008,James Whitaker,collinmiller@example.com,UNITED STATES,AMERICA,SILVER,FALSE
2009,Ryan Garcia,marydean@example.com,UNITED STATES,AMERICA,GREEN,TRUE
2010,Theresa Gardner,hollyperkins@example.net,UNITED STATES,AMERICA,GREEN,TRUE
2011,Jessica Conrad,sbradley@example.org,UNITED STATES,AMERICA,GREEN,TRUE
2012,Kevin Werner,rodriguezchristina@example.net,GERMANY,EUROPE,NONE,FALSE
2013,Catherine Kirk,pvang@example.net,UNITED STATES,AMERICA,GREEN,FALSE
2014,Stacy Williams,joneschristian@example.net,NETHERLANDS,EUROPE,GOLD,TRUE
2015,Crystal Carlson,uclark@example.org,UNITED KINGDOM,EUROPE,GREEN,TRUE
2016,Michael Martinez,mark90@example.com,GERMANY,EUROPE,GREEN,FALSE
2017,Mr. Kristopher Curtis,lindsay48@example.net,NETHERLANDS,EUROPE,GREEN,TRUE
2018,Anthony Knapp,rfleming@example.net,UNITED KINGDOM,EUROPE,SILVER,TRUE
2019,Lisa Reynolds,ywilliams@example.com,FRANCE,EUROPE,GREEN,TRUE
2020,Adrian Gibbs,leroy57@example.com,UNITED STATES,AMERICA,GOLD,FALSE
2021,Steven Duncan,kayla33@example.net,NETHERLANDS,EUROPE,GOLD,TRUE
2022,Alyssa Anderson,jonathan66@example.org,GERMANY,EUROPE,NONE,TRUE
2023,Cathy Barnes,brian65@example.net,UNITED KINGDOM,EUROPE,SILVER,FALSE
2024,Crystal Brown,lmartin@example.org,JAPAN,ASIA,SILVER,TRUE
2025,Edward Richmond,epatterson@example.net,GERMANY,EUROPE,GREEN,FALSE
2026,Emily Taylor,christina60@example.org,AUSTRALIA,APAC,NONE,FALSE
2027,Douglas Lucero,watsonteresa@example.net,UNITED STATES,AMERICA,NONE,TRUE
2028,Danielle Robles,aholder@example.net,CANADA,AMERICA,NONE,FALSE
2029,John Black,folson@example.net,FRANCE,EUROPE,GOLD,TRUE
2030,Shannon Thompson,scott04@example.com,JAPAN,ASIA,NONE,TRUE
2031,Nathan Sparks,daniellecoleman@example.org,NETHERLANDS,EUROPE,SILVER,TRUE
2032,Tamara Brown,jeremy75@example.org,NETHERLANDS,EUROPE,NONE,TRUE
2033,Michael Blair,murraymichael@example.net,UNITED KINGDOM,EUROPE,NONE,TRUE
2034,William Gould,kylemartinez@example.net,UNITED STATES,AMERICA,GREEN,FALSE
2035,Crystal Nguyen,michael40@example.org,UNITED STATES,AMERICA,GREEN,FALSE
2036,Jessica Torres,justin75@example.net,UNITED STATES,AMERICA,GREEN,TRUE
2037,Craig Beard,taylorjames@example.net,AUSTRALIA,APAC,NONE,FALSE
2038,Mrs. Kimberly Cannon,nfleming@example.net,FRANCE,EUROPE,NONE,TRUE
2039,Angela Gonzales,pduran@example.net,JAPAN,ASIA,NONE,FALSE
2040,Martin Newton,mjackson@example.net,UNITED KINGDOM,EUROPE,SILVER,TRUE
2041,Melinda Weiss,agomez@example.net,NETHERLANDS,EUROPE,GREEN,FALSE
2042,Rebecca Jones,crivers@example.com,UNITED STATES,AMERICA,NONE,TRUE
2043,Mark Johnson,markgardner@example.org,CANADA,AMERICA,SILVER,FALSE
2044,Steven Rivera,nicolesmith@example.net,FRANCE,EUROPE,NONE,FALSE
2045,Natalie Robertson,galexander@example.com,FRANCE,EUROPE,NONE,TRUE
2046,Andrea Coleman,joshuaking@example.net,AUSTRALIA,APAC,NONE,FALSE
2047,Deborah Simmons,lorikoch@example.net,CANADA,AMERICA,SILVER,FALSE
2048,Lance Robinson,smithgina@example.net,GERMANY,EUROPE,SILVER,TRUE
2049,Daisy Larson,amandahorne@example.net,GERMANY,EUROPE,NONE,FALSE
2050,Shelly Moss,hmcneil@example.net,UNITED STATES,AMERICA,SILVER,FALSE
2051,Stacey Duran,torrestricia@example.com,AUSTRALIA,APAC,NONE,FALSE
2052,Brandi Mendoza,mary24@example.com,CANADA,AMERICA,GOLD,TRUE
2053,Robert Hensley,lpage@example.com,FRANCE,EUROPE,GREEN,TRUE
2054,Dalton Hawkins,brittanymartin@example.org,UNITED STATES,AMERICA,NONE,FALSE
2055,Ricky Hernandez,gallowaydonna@example.com,CANADA,AMERICA,GREEN,FALSE
2056,Thomas Moore,tonyaholmes@example.net,UNITED STATES,AMERICA,NONE,FALSE
2057,Michelle Hawkins,garymartinez@example.org,AUSTRALIA,APAC,GOLD,FALSE
2058,David Small,brownalexa@example.com,UNITED STATES,AMERICA,NONE,TRUE
2059,Brian Kent,hespinoza@example.org,GERMANY,EUROPE,SILVER,TRUE
2060,Sabrina Lopez,srobles@example.org,GERMANY,EUROPE,GREEN,TRUE
2061,Cynthia Tran,debra19@example.net,UNITED STATES,AMERICA,NONE,TRUE
2062,Rachel Hill,jamesparker@example.net,UNITED STATES,AMERICA,SILVER,FALSE
2063,Michael Davis,gonzalezkendra@example.org,GERMANY,EUROPE,NONE,FALSE
2064,Paul Moon,woodlisa@example.com,UNITED STATES,AMERICA,SILVER,TRUE
2065,Leah Kim,riverarebecca@example.org,AUSTRALIA,APAC,NONE,TRUE
2066,William Barnett,eadams@example.org,UNITED KINGDOM,EUROPE,NONE,TRUE
2067,Jenna Watson,fletcherjanet@example.org,GERMANY,EUROPE,NONE,TRUE
2068,Mrs. Jillian Nguyen,lmendez@example.com,UNITED STATES,AMERICA,NONE,TRUE
2069,Julie Mills,richardsonanna@example.org,FRANCE,EUROPE,SILVER,FALSE
2070,Joshua Phillips,nicholasswanson@example.net,UNITED KINGDOM,EUROPE,NONE,FALSE
2071,Caitlin Lawson,riceamber@example.net,JAPAN,ASIA,NONE,FALSE
2072,Stephanie Knight,rrice@example.net,UNITED KINGDOM,EUROPE,GOLD,FALSE
2073,Rachael Jones,watsonbrittany@example.org,SPAIN,EUROPE,GREEN,TRUE
2074,Ryan Hudson,mjohnson@example.org,UNITED STATES,AMERICA,NONE,FALSE
2075,Tony Anderson,shawn89@example.net,UNITED STATES,AMERICA,NONE,TRUE
2076,Chelsea Smith,tranadam@example.net,FRANCE,EUROPE,SILVER,TRUE
2077,Charles Jones,gward@example.com,UNITED STATES,AMERICA,NONE,FALSE
2078,Autumn Tucker,janice27@example.com,UNITED KINGDOM,EUROPE,NONE,FALSE
2079,Cody Jones,juanfranklin@example.net,SWEDEN,EUROPE,NONE,FALSE
2080,Chad Adams,donaldhahn@example.com,JAPAN,ASIA,GREEN,FALSE
2081,Angela Brown,jennifer54@example.org,CANADA,AMERICA,SILVER,FALSE
2082,Juan Becker,todd05@example.com,UNITED KINGDOM,EUROPE,GREEN,FALSE
2083,Beth Kirk,davidkane@example.com,JAPAN,ASIA,NONE,FALSE
2084,Michelle Smith,brownreginald@example.net,GERMANY,EUROPE,GREEN,TRUE
2085,Jennifer Sampson,ijackson@example.com,CANADA,AMERICA,NONE,FALSE
2086,Julie Thompson,samanthacarr@example.net,JAPAN,ASIA,NONE,TRUE
2087,Diana Brown,hmeyer@example.org,AUSTRALIA,APAC,SILVER,FALSE
2088,Dennis Chavez,taylorrobert@example.com,SWEDEN,EUROPE,SILVER,FALSE
2089,Kimberly Velazquez,adam10@example.com,FRANCE,EUROPE,SILVER,TRUE
2090,Margaret Mullins,davisautumn@example.org,GERMANY,EUROPE,NONE,FALSE
2091,Sarah Blackwell,zavaladiane@example.com,JAPAN,ASIA,GREEN,TRUE
2092,Brad Beard,jeremy70@example.net,NETHERLANDS,EUROPE,NONE,FALSE
2093,Andrew Ford,rwheeler@example.org,UNITED STATES,AMERICA,NONE,FALSE
2094,John Escobar,wileyaudrey@example.com,UNITED KINGDOM,EUROPE,GOLD,FALSE
2095,Erin Carter,laurenboyd@example.com,GERMANY,EUROPE,GOLD,FALSE
2096,Laura Grimes,mcooper@example.com,UNITED STATES,AMERICA,GREEN,FALSE
2097,John Wilson,chunglaura@example.net,UNITED STATES,AMERICA,SILVER,FALSE
2098,Vanessa Harris,lisa13@example.net,JAPAN,ASIA,GREEN,TRUE
2099,Amanda Cook,michaelhoffman@example.net,UNITED STATES,AMERICA,GREEN,TRUE
2100,Michael Jones,jason57@example.com,CANADA,AMERICA,NONE,FALSE
2101,Sierra Allen,robertbrown@example.com,AUSTRALIA,APAC,GREEN,FALSE
2102,Jessica Mcgee,jlee@example.org,GERMANY,EUROPE,GREEN,TRUE
2103,Whitney Macdonald DVM,amyponce@example.com,UNITED STATES,AMERICA,SILVER,TRUE
2104,Janet Jarvis,richard28@example.org,GERMANY,EUROPE,GOLD,TRUE
2105,Anthony Velasquez,janet65@example.com,NETHERLANDS,EUROPE,GREEN,TRUE
2106,Heather Diaz,kmoore@example.org,UNITED KINGDOM,EUROPE,SILVER,TRUE
2107,Alexandra Johnson,rachel51@example.org,UNITED STATES,AMERICA,GOLD,FALSE
2108,Michael Cross DDS,prestoncory@example.org,FRANCE,EUROPE,GOLD,TRUE
2109,Julie Romero MD,thomaslinda@example.net,FRANCE,EUROPE,SILVER,FALSE
2110,Melanie Brown,garyjohnson@example.net,UNITED KINGDOM,EUROPE,NONE,FALSE
2111,Tamara Edwards,holly12@example.org,AUSTRALIA,APAC,GREEN,TRUE
2112,Mary White,kristen95@example.org,NETHERLANDS,EUROPE,GREEN,FALSE
2113,Scott Malone,millerdaniel@example.org,NETHERLANDS,EUROPE,GREEN,FALSE
2114,Tara Knox,tammy94@example.com,UNITED STATES,AMERICA,SILVER,TRUE
2115,Lisa Johnson,bradley71@example.com,FRANCE,EUROPE,GREEN,FALSE
2116,Sarah Ford,galvanjeanette@example.net,UNITED KINGDOM,EUROPE,SILVER,FALSE
2117,Maria Mcintyre,williamstoni@example.com,UNITED STATES,AMERICA,GOLD,TRUE
2118,Lisa Booker,harrisphyllis@example.org,UNITED STATES,AMERICA,SILVER,TRUE
2119,Gregory Pace,rosshunter@example.net,SWEDEN,EUROPE,GREEN,FALSE
2120,Diane Jones,courtney13@example.net,UNITED STATES,AMERICA,NONE,FALSE
2121,Luis Mcclain,michael35@example.net,UNITED STATES,AMERICA,GREEN,FALSE
2122,Brianna Ward,johnsonrick@example.com,SPAIN,EUROPE,NONE,FALSE
2123,Laura Schneider,jduncan@example.org,GERMANY,EUROPE,NONE,FALSE
2124,James Gonzales,bradley37@example.net,JAPAN,ASIA,GOLD,FALSE
2125,Michael Moran,eileenhudson@example.com,NETHERLANDS,EUROPE,SILVER,FALSE
2126,Michael Downs,andrewlong@example.com,SPAIN,EUROPE,GREEN,FALSE
2127,Ryan Moore,alan25@example.org,GERMANY,EUROPE,GREEN,FALSE
2128,Daniel Gray,david62@example.com,GERMANY,EUROPE,GREEN,FALSE
2129,Joshua White,burtondoris@example.net,UNITED STATES,AMERICA,NONE,TRUE
2130,Brittany Mccormick,mark11@example.org,UNITED STATES,AMERICA,GREEN,FALSE
2131,Amanda Williams,ccombs@example.com,AUSTRALIA,APAC,NONE,TRUE
2132,Mark Haley,pdixon@example.org,GERMANY,EUROPE,NONE,TRUE
2133,Steven Davis,ywallace@example.org,UNITED KINGDOM,EUROPE,NONE,TRUE
2134,Abigail Kemp,susan75@example.net,JAPAN,ASIA,GREEN,TRUE
2135,Vicki Hayes,christopherwatkins@example.net,FRANCE,EUROPE,GREEN,TRUE
2136,Emily Foster,stephanieallen@example.net,UNITED KINGDOM,EUROPE,GREEN,FALSE
2137,Cassidy Smith,stephengomez@example.org,CANADA,AMERICA,NONE,FALSE
2138,Joel Ford,nealdavid@example.com,CANADA,AMERICA,SILVER,FALSE
2139,Robert Wilkinson,jenniferpierce@example.org,SPAIN,EUROPE,SILVER,TRUE
2140,Michael Jackson,carlosmeadows@example.net,CANADA,AMERICA,GREEN,FALSE
2141,Kelly Browning,parksariana@example.com,JAPAN,ASIA,NONE,FALSE
2142,Brian Kim,martin81@example.net,FRANCE,EUROPE,GREEN,FALSE
2143,Emily Brady,sjackson@example.org,CANADA,AMERICA,GOLD,FALSE
2144,Jose Fletcher,sally78@example.net,UNITED STATES,AMERICA,GREEN,FALSE
2145,Cindy Kelley,jfranklin@example.net,NETHERLANDS,EUROPE,NONE,TRUE
2146,Karen Jackson,martin40@example.net,UNITED KINGDOM,EUROPE,GREEN,TRUE
2147,Jose Jackson,dmartin@example.org,AUSTRALIA,APAC,GREEN,TRUE
2148,Lisa Herrera,derekdougherty@example.org,UNITED KINGDOM,EUROPE,NONE,TRUE
2149,Donald Freeman,diana28@example.net,UNITED KINGDOM,EUROPE,SILVER,FALSE
2150,Jason Ashley,barbara30@example.net,GERMANY,EUROPE,GREEN,TRUE
2151,Mark Smith,walterstiffany@example.com,FRANCE,EUROPE,GOLD,TRUE
2152,Melissa Robinson,davidgonzales@example.com,UNITED KINGDOM,EUROPE,SILVER,TRUE
2153,Bethany Liu,nathanlee@example.org,GERMANY,EUROPE,GREEN,FALSE
2154,Jennifer Mercado,mking@example.org,UNITED STATES,AMERICA,SILVER,FALSE
2155,Samantha Cooper,sarahgonzales@example.com,JAPAN,ASIA,GOLD,TRUE
2156,Steven Davis,davidjones@example.org,GERMANY,EUROPE,GREEN,FALSE
2157,Wanda Davis,harrisonnicholas@example.net,UNITED STATES,AMERICA,SILVER,FALSE
2158,Tony Perkins,davidglover@example.com,CANADA,AMERICA,NONE,TRUE
2159,Vincent Weaver,carl66@example.org,GERMANY,EUROPE,GREEN,TRUE
2160,Brad Melton,barnesalexis@example.org,UNITED KINGDOM,EUROPE,NONE,TRUE
2161,Justin Richardson,zskinner@example.com,FRANCE,EUROPE,GREEN,FALSE
2162,Sherri Williams,jackiespears@example.org,UNITED STATES,AMERICA,NONE,FALSE
2163,Regina Cox,turnerjustin@example.com,UNITED STATES,AMERICA,SILVER,FALSE
2164,Andrew Sanford,rpetty@example.com,UNITED STATES,AMERICA,NONE,TRUE
2165,Chelsea Walker,tcooper@example.net,UNITED STATES,AMERICA,GOLD,FALSE
2166,Carol Lopez,paulhamilton@example.org,UNITED STATES,AMERICA,GREEN,TRUE
2167,Wayne Scott,vwade@example.com,JAPAN,ASIA,SILVER,TRUE
2168,Kristen Flores,craigrobertson@example.net,UNITED STATES,AMERICA,GREEN,TRUE
2169,Tina Ferguson,mavery@example.net,UNITED STATES,AMERICA,GREEN,FALSE
2170,Natalie Conrad,danielleramsey@example.net,NETHERLANDS,EUROPE,NONE,FALSE
2171,Kyle Fleming,jeffrey85@example.org,UNITED KINGDOM,EUROPE,NONE,FALSE
2172,Michelle Rivers,stacey25@example.net,UNITED STATES,AMERICA,NONE,TRUE
2173,Joseph Walker,stacy03@example.org,JAPAN,ASIA,NONE,FALSE
2174,Ruben Charles,xsullivan@example.net,JAPAN,ASIA,GREEN,TRUE
2175,Scott Osborne,khendricks@example.net,FRANCE,EUROPE,NONE,FALSE
2176,Gary Chavez,jennifer53@example.com,JAPAN,ASIA,NONE,TRUE
2177,Jessica Elliott,phillip98@example.com,GERMANY,EUROPE,SILVER,FALSE
2178,Amy Clark,david25@example.com,UNITED KINGDOM,EUROPE,GREEN,TRUE
2179,Joseph Odonnell,sara94@example.net,GERMANY,EUROPE,GREEN,FALSE
2180,Glenn Hodges,marcuscase@example.net,FRANCE,EUROPE,NONE,FALSE
2181,Eric Griffin,castanedajohn@example.com,UNITED KINGDOM,EUROPE,GREEN,TRUE
2182,Desiree Allen,bakerpaul@example.com,GERMANY,EUROPE,SILVER,TRUE
2183,Michael Baker,johnmerritt@example.com,NETHERLANDS,EUROPE,NONE,TRUE
2184,Elizabeth Stewart,jason07@example.net,UNITED STATES,AMERICA,NONE,FALSE
2185,Matthew Ellis,woodwarderin@example.org,SPAIN,EUROPE,GREEN,FALSE
2186,Matthew Simon,wbentley@example.org,UNITED STATES,AMERICA,GREEN,FALSE
2187,Bryan Richardson,jdavis@example.com,FRANCE,EUROPE,NONE,TRUE
2188,Daniel Ochoa,jocelyn26@example.net,JAPAN,ASIA,GOLD,FALSE
2189,Debbie Richard,fwilliams@example.org,JAPAN,ASIA,NONE,TRUE
2190,Carla Wong,holtrobert@example.com,UNITED STATES,AMERICA,GREEN,FALSE
2191,Samantha Walker,iford@example.net,AUSTRALIA,APAC,NONE,TRUE
2192,Michael Russell,taylorrodriguez@example.org,UNITED STATES,AMERICA,NONE,TRUE
2193,Amber Hines,lisa78@example.org,UNITED KINGDOM,EUROPE,GOLD,FALSE
2194,Timothy Nguyen,johnsonsamantha@example.com,UNITED KINGDOM,EUROPE,NONE,FALSE
2195,Cassandra Anderson,jacob73@example.org,UNITED STATES,AMERICA,NONE,TRUE
2196,Larry Perez,hammondjeff@example.com,UNITED KINGDOM,EUROPE,GREEN,TRUE
2197,Lori Miller,rebekahgonzalez@example.org,UNITED STATES,AMERICA,GREEN,TRUE
2198,Gregory Fletcher,uthompson@example.org,CANADA,AMERICA,NONE,TRUE
2199,Charlotte Barber,wbowers@example.org,AUSTRALIA,APAC,NONE,TRUE
2200,Tracy Bell,reneehernandez@example.org,FRANCE,EUROPE,SILVER,TRUE
2201,Patricia Ramos,patriciamorrison@example.org,UNITED STATES,AMERICA,NONE,FALSE
2202,Jack Wells,kimberlyperez@example.org,UNITED STATES,AMERICA,GREEN,TRUE
2203,Brandon Bell,harrisonchristopher@example.org,FRANCE,EUROPE,SILVER,TRUE
2204,Judy Dixon,ylawson@example.org,UNITED KINGDOM,EUROPE,GREEN,TRUE
2205,Renee Gallegos,patrickgarcia@example.com,GERMANY,EUROPE,NONE,TRUE
2206,James Gomez,patriciagrant@example.net,CANADA,AMERICA,GREEN,FALSE
2207,Catherine Davis,owade@example.com,SWEDEN,EUROPE,NONE,TRUE
2208,Pamela Ferguson,kimberly73@example.com,NETHERLANDS,EUROPE,NONE,TRUE
2209,Dennis Thomas,tinahaas@example.org,AUSTRALIA,APAC,GREEN,TRUE
2210,Tamara Romero,websterkelly@example.org,SWEDEN,EUROPE,GOLD,TRUE
2211,William Hodge,jenniferortega@example.net,FRANCE,EUROPE,NONE,FALSE
2212,Cathy Navarro,richard62@example.net,UNITED STATES,AMERICA,NONE,FALSE
2213,Gail Watson MD,oallen@example.net,UNITED KINGDOM,EUROPE,NONE,FALSE
2214,Robert Jones,schmidtjoseph@example.net,UNITED STATES,AMERICA,GOLD,FALSE
2215,Desiree Carey,washingtonleslie@example.net,UNITED KINGDOM,EUROPE,SILVER,FALSE
2216,Patricia Delgado,eddie13@example.com,FRANCE,EUROPE,GREEN,FALSE
2217,Matthew Hicks,elizabeth39@example.net,GERMANY,EUROPE,GREEN,TRUE
2218,Jacob Brown,krystal05@example.com,GERMANY,EUROPE,NONE,FALSE
2219,Benjamin Thompson,richardsonronnie@example.net,NETHERLANDS,EUROPE,GREEN,FALSE
2220,Billy Miranda,mark40@example.net,UNITED KINGDOM,EUROPE,GREEN,FALSE
2221,Anna Le,brittanyhayes@example.com,FRANCE,EUROPE,NONE,TRUE
2222,Cody Woods,shepherdandrew@example.org,GERMANY,EUROPE,NONE,TRUE
2223,Christopher Smith,udavis@example.net,FRANCE,EUROPE,GOLD,FALSE
2224,Eric Everett,karenjordan@example.net,NETHERLANDS,EUROPE,GREEN,FALSE
2225,Joseph Holland,hjohnson@example.com,JAPAN,ASIA,SILVER,FALSE
2226,Christopher Henry,zhall@example.net,UNITED KINGDOM,EUROPE,GREEN,FALSE
2227,Mrs. Jessica Price,stevensmatthew@example.net,UNITED KINGDOM,EUROPE,GOLD,FALSE
2228,Kimberly Alvarez,ogomez@example.org,GERMANY,EUROPE,NONE,TRUE
2229,Melinda Mccullough,james91@example.net,UNITED STATES,AMERICA,SILVER,FALSE
2230,Erin Lopez,hunter12@example.org,SPAIN,EUROPE,SILVER,TRUE
2231,Kevin Bell,hamptontom@example.com,FRANCE,EUROPE,NONE,TRUE
2232,Douglas Bowman,timothy00@example.org,UNITED STATES,AMERICA,NONE,TRUE
2233,Justin Foster,amy67@example.com,UNITED STATES,AMERICA,GREEN,FALSE
2234,Jerome Cole,nicole16@example.org,UNITED KINGDOM,EUROPE,GREEN,FALSE
2235,Gregory Vazquez,scottmark@example.org,UNITED STATES,AMERICA,SILVER,TRUE
2236,Harry Hale,lgonzalez@example.net,UNITED STATES,AMERICA,NONE,FALSE
2237,Dominic Simmons,sydneyalexander@example.org,UNITED STATES,AMERICA,NONE,TRUE
2238,Krystal Howard,nwalker@example.org,UNITED STATES,AMERICA,NONE,FALSE
2239,Linda Ball,michealrodriguez@example.net,UNITED STATES,AMERICA,NONE,TRUE
2240,Jason Clark,jimmy15@example.net,GERMANY,EUROPE,GREEN,TRUE
2241,Joseph Horn,cheryl54@example.com,GERMANY,EUROPE,NONE,TRUE
2242,Danielle Compton,nancy43@example.com,JAPAN,ASIA,SILVER,TRUE
2243,Rachel Conner,cheryl69@example.net,UNITED STATES,AMERICA,SILVER,TRUE
2244,Nicole Sanchez,joshua74@example.org,CANADA,AMERICA,SILVER,TRUE
2245,Debra Ortiz,foxerica@example.net,UNITED KINGDOM,EUROPE,SILVER,FALSE
2246,Carolyn Walker,vincent29@example.net,NETHERLANDS,EUROPE,GREEN,FALSE
2247,Timothy Mcneil,cory21@example.org,UNITED STATES,AMERICA,NONE,TRUE
2248,Dr. Jill Brown MD,egill@example.com,FRANCE,EUROPE,NONE,FALSE
2249,Samuel Bailey,crystal65@example.com,GERMANY,EUROPE,NONE,TRUE
2250,Kevin Villarreal,benjaminsmith@example.com,UNITED STATES,AMERICA,SILVER,FALSE
2251,Jeffrey Torres,hernandezcheryl@example.net,UNITED STATES,AMERICA,SILVER,TRUE
2252,Alexander Merritt,daniel13@example.net,CANADA,AMERICA,GOLD,FALSE
2253,Felicia Long,allison96@example.org,UNITED STATES,AMERICA,SILVER,FALSE
2254,George Byrd,jmaynard@example.com,UNITED STATES,AMERICA,GOLD,FALSE
2255,Angela Berry,sherylgreen@example.com,UNITED KINGDOM,EUROPE,SILVER,FALSE
2256,Chelsea Dominguez,fhughes@example.org,FRANCE,EUROPE,NONE,FALSE
2257,Joshua Watson,kennethwhite@example.com,FRANCE,EUROPE,NONE,TRUE
2258,Michael Taylor,jamesellis@example.org,UNITED STATES,AMERICA,SILVER,FALSE
2259,Daniel Rodriguez,jesse79@example.com,UNITED STATES,AMERICA,NONE,TRUE
2260,Melissa Owen,iharrington@example.org,GERMANY,EUROPE,GREEN,TRUE
2261,Rick Hinton,jennifer29@example.com,GERMANY,EUROPE,GREEN,TRUE
2262,Kevin Williams,lucasteresa@example.com,AUSTRALIA,APAC,SILVER,FALSE
2263,Amy Baker,turnermckenzie@example.org,AUSTRALIA,APAC,GOLD,FALSE
2264,Joshua Moody,stacey22@example.net,SPAIN,EUROPE,GOLD,FALSE
2265,Diana Myers,shanerogers@example.org,FRANCE,EUROPE,GOLD,TRUE
2266,Casey Mcknight,albertsmith@example.com,AUSTRALIA,APAC,NONE,FALSE
2267,William Lewis,halljeffrey@example.com,UNITED STATES,AMERICA,GREEN,FALSE
2268,Jeremy Gross,santiagoronald@example.com,CANADA,AMERICA,GREEN,FALSE
2269,Robert Kim,ethomas@example.net,AUSTRALIA,APAC,GREEN,FALSE
2270,Nicole Edwards,thompsondarlene@example.org,GERMANY,EUROPE,GREEN,TRUE
2271,Todd Thompson,jessicahawkins@example.com,NETHERLANDS,EUROPE,NONE,TRUE
2272,Carolyn Johnson,jennifer20@example.org,UNITED STATES,AMERICA,GOLD,TRUE
2273,Judy Potts,davisjennifer@example.org,GERMANY,EUROPE,NONE,TRUE
2274,Brandi Williams,brian64@example.net,UNITED STATES,AMERICA,NONE,FALSE
2275,Julia Parsons,deckerthomas@example.net,UNITED KINGDOM,EUROPE,NONE,FALSE
2276,Erica Green,deanmarisa@example.org,UNITED STATES,AMERICA,NONE,FALSE
2277,Amber Ward,amandaknapp@example.org,UNITED STATES,AMERICA,NONE,FALSE
2278,Julie Hernandez,whitelevi@example.org,JAPAN,ASIA,SILVER,FALSE
2279,Lauren Watts,ilong@example.com,FRANCE,EUROPE,NONE,TRUE
2280,Suzanne Hardy,staceywashington@example.net,UNITED KINGDOM,EUROPE,SILVER,FALSE
2281,Kenneth Shepard,corymiller@example.org,FRANCE,EUROPE,NONE,FALSE
2282,Jimmy Palmer,heidihaas@example.net,UNITED STATES,AMERICA,SILVER,TRUE
2283,Thomas Mendez,gibsonbrandon@example.com,GERMANY,EUROPE,GREEN,FALSE
2284,Andrew Soto,carmengomez@example.net,AUSTRALIA,APAC,NONE,FALSE
2285,Lisa Benson,carlymoss@example.org,UNITED KINGDOM,EUROPE,SILVER,FALSE
2286,Christopher Thomas MD,pgoodman@example.org,UNITED STATES,AMERICA,NONE,TRUE
2287,Catherine Smith,edward16@example.org,UNITED STATES,AMERICA,SILVER,FALSE
2288,Frank Cochran,mhorn@example.org,UNITED STATES,AMERICA,SILVER,FALSE
2289,April Ryan,jamesroberts@example.com,SWEDEN,EUROPE,SILVER,TRUE
2290,Taylor Smith,lromero@example.com,CANADA,AMERICA,SILVER,FALSE
2291,John Brock,daltonchristina@example.com,NETHERLANDS,EUROPE,GREEN,TRUE
2292,Melinda Jones,jake77@example.com,UNITED STATES,AMERICA,SILVER,TRUE
2293,Stephanie Sanders,ernestrich@example.net,FRANCE,EUROPE,GREEN,TRUE
2294,David Lopez,ywells@example.org,AUSTRALIA,APAC,GREEN,FALSE
2295,Ian Hernandez,zmiller@example.com,UNITED KINGDOM,EUROPE,GREEN,TRUE
2296,Brenda Jacobs,valdezashley@example.org,UNITED STATES,AMERICA,NONE,TRUE
2297,Dustin Jones,jrobinson@example.net,FRANCE,EUROPE,GREEN,FALSE
2298,Peter Haynes,phall@example.com,AUSTRALIA,APAC,NONE,TRUE
2299,Robin Brewer,margaretsharp@example.net,FRANCE,EUROPE,NONE,FALSE
2300,Catherine Reynolds,rogersjonathon@example.net,NETHERLANDS,EUROPE,NONE,FALSE
2301,Michael Morgan,jamierodriguez@example.net,SPAIN,EUROPE,NONE,TRUE
2302,Sarah Williams,janetmoore@example.net,UNITED STATES,AMERICA,GREEN,TRUE
2303,Samuel Davis,kimberlywatson@example.com,CANADA,AMERICA,SILVER,FALSE
2304,Susan Rodriguez,amanda68@example.com,UNITED STATES,AMERICA,GOLD,FALSE
2305,Wendy Evans,garciabrandi@example.net,GERMANY,EUROPE,GREEN,TRUE
2306,Justin Brown,vanessa20@example.org,SPAIN,EUROPE,NONE,FALSE
2307,Cassandra Reilly,hramos@example.com,FRANCE,EUROPE,GOLD,FALSE
2308,Erik Murphy,slittle@example.com,UNITED KINGDOM,EUROPE,NONE,TRUE
2309,Patricia Wilson,nramsey@example.com,UNITED STATES,AMERICA,NONE,FALSE
2310,Ashley Thomas,lstokes@example.org,UNITED KINGDOM,EUROPE,NONE,FALSE
2311,Alan Vaughn,mitchellcheryl@example.net,UNITED STATES,AMERICA,NONE,FALSE
2312,William Campbell,kpace@example.net,JAPAN,ASIA,GREEN,TRUE
2313,Ann Huffman,whernandez@example.com,UNITED STATES,AMERICA,NONE,FALSE
2314,Linda Austin,pearsonwillie@example.org,CANADA,AMERICA,NONE,TRUE
2315,Joshua Brown,bhenderson@example.net,JAPAN,ASIA,GREEN,TRUE
2316,Carol Smith,baileyjames@example.org,UNITED STATES,AMERICA,NONE,TRUE
2317,Cheryl Foster,smithcrystal@example.com,SWEDEN,EUROPE,NONE,FALSE
2318,Debra Mercado,andreasmith@example.com,AUSTRALIA,APAC,NONE,FALSE
2319,Candice Butler,donnacunningham@example.net,AUSTRALIA,APAC,NONE,TRUE
2320,Jerry Ferguson,dmartin@example.com,UNITED STATES,AMERICA,SILVER,TRUE
2321,Shannon Thompson,nicolemason@example.com,UNITED STATES,AMERICA,SILVER,FALSE
2322,Sonya Harris,vrussell@example.org,UNITED KINGDOM,EUROPE,NONE,TRUE
2323,Madison Ware,dthompson@example.org,UNITED STATES,AMERICA,NONE,FALSE
2324,Juan Sanford,smithcharles@example.org,AUSTRALIA,APAC,GREEN,TRUE
2325,Raven Harris,jenniferhernandez@example.net,UNITED STATES,AMERICA,NONE,FALSE
2326,Katie Arellano,rachael79@example.net,JAPAN,ASIA,GREEN,FALSE
2327,Kelsey Nguyen,sullivanpaula@example.com,JAPAN,ASIA,NONE,FALSE
2328,Matthew Henderson,margaret20@example.net,JAPAN,ASIA,NONE,FALSE
2329,Kimberly Garcia,john19@example.org,AUSTRALIA,APAC,SILVER,FALSE
2330,Jeremy Ortiz,shull@example.org,UNITED STATES,AMERICA,SILVER,FALSE
2331,Kevin Riley,amberevans@example.net,FRANCE,EUROPE,GREEN,FALSE
2332,Nicholas Smith DDS,jacquelinebennett@example.net,UNITED STATES,AMERICA,NONE,TRUE
2333,Jennifer Cruz,cherylgomez@example.org,JAPAN,ASIA,GREEN,TRUE
2334,Jerome Parker,matthewwalker@example.com,UNITED STATES,AMERICA,GREEN,FALSE
2335,Lori Smith,irojas@example.net,CANADA,AMERICA,NONE,TRUE
2336,Alison Adams,nthomas@example.com,UNITED STATES,AMERICA,NONE,FALSE
2337,William Torres,zandrews@example.com,UNITED STATES,AMERICA,GOLD,FALSE
2338,Aaron Casey,rparker@example.com,FRANCE,EUROPE,SILVER,FALSE
2339,Harold Williamson,richard18@example.org,UNITED KINGDOM,EUROPE,GOLD,FALSE
2340,Rebecca Boone,jenkinsjohn@example.com,JAPAN,ASIA,NONE,FALSE
2341,Lori Clark,osbornkelly@example.net,UNITED KINGDOM,EUROPE,GREEN,TRUE
2342,Deborah Stewart,elizabethrobertson@example.com,CANADA,AMERICA,GREEN,TRUE
2343,Erin Jackson,martindonald@example.com,UNITED KINGDOM,EUROPE,GREEN,TRUE
2344,James Tran,smithamy@example.com,UNITED STATES,AMERICA,GOLD,FALSE
2345,Dawn Meyer,aaronwiley@example.net,CANADA,AMERICA,NONE,FALSE
2346,Sheri Ballard,timothy88@example.org,UNITED STATES,AMERICA,GREEN,FALSE
2347,Nancy Green,tranrobert@example.org,GERMANY,EUROPE,NONE,TRUE
2348,Timothy West,rose00@example.org,UNITED KINGDOM,EUROPE,GOLD,FALSE
2349,Gregory Myers,xgarcia@example.net,GERMANY,EUROPE,GOLD,TRUE
2350,Dalton Pruitt,paul18@example.com,NETHERLANDS,EUROPE,NONE,FALSE
2351,Cheryl Gonzales,ryan90@example.net,UNITED STATES,AMERICA,NONE,TRUE
2352,Suzanne Gaines,schmidtfernando@example.net,AUSTRALIA,APAC,GOLD,FALSE
2353,Amanda Welch,ronaldoneal@example.org,FRANCE,EUROPE,SILVER,FALSE
2354,Devon Phillips,david90@example.com,UNITED KINGDOM,EUROPE,GREEN,TRUE
2355,Mr. Troy Hansen,xcardenas@example.org,UNITED KINGDOM,EUROPE,NONE,FALSE
2356,Andrew Thomas,darrylkent@example.net,UNITED STATES,AMERICA,SILVER,TRUE
2357,Shelby Taylor,ltate@example.org,UNITED KINGDOM,EUROPE,NONE,TRUE
2358,Adam Young,scott04@example.com,CANADA,AMERICA,GOLD,TRUE
2359,Steven Torres,gail55@example.net,GERMANY,EUROPE,NONE,TRUE
2360,Jeffrey Jackson,amandaedwards@example.com,AUSTRALIA,APAC,NONE,TRUE
2361,Tracy Roberts,jeffery29@example.org,AUSTRALIA,APAC,SILVER,FALSE
2362,David Anderson,staceyarias@example.org,CANADA,AMERICA,NONE,TRUE
2363,Peggy Young,cynthiaford@example.org,FRANCE,EUROPE,NONE,TRUE
2364,Devin Day,christinapeters@example.net,UNITED STATES,AMERICA,NONE,TRUE
2365,Kristen Jackson,george52@example.net,FRANCE,EUROPE,GREEN,FALSE
2366,Ashley Wilson,tracy91@example.com,AUSTRALIA,APAC,GREEN,FALSE
2367,George Williams,coxcarol@example.com,GERMANY,EUROPE,GOLD,FALSE
2368,Eric Ruiz,danielle52@example.com,UNITED STATES,AMERICA,GOLD,FALSE
2369,Joseph Paul,daniel71@example.com,UNITED STATES,AMERICA,NONE,FALSE
2370,Michaela Whitney,sgonzalez@example.net,UNITED STATES,AMERICA,GOLD,FALSE
2371,Gavin Freeman,walkerdavid@example.org,GERMANY,EUROPE,SILVER,FALSE
2372,Shane Jones,johnnewman@example.net,UNITED STATES,AMERICA,NONE,TRUE
2373,Mrs. Amanda Wells,lisahawkins@example.com,FRANCE,EUROPE,NONE,FALSE
2374,Karen Alvarez,mitchellangela@example.org,UNITED STATES,AMERICA,GREEN,FALSE
2375,Arthur White,aholt@example.com,CANADA,AMERICA,SILVER,FALSE
2376,Christy Murphy,timothyshaffer@example.net,AUSTRALIA,APAC,NONE,TRUE
2377,Jose Boyer,roger73@example.com,AUSTRALIA,APAC,GREEN,TRUE
2378,James Miller,yramos@example.org,UNITED KINGDOM,EUROPE,GOLD,TRUE
2379,Jennifer Frederick,jeffrey62@example.net,UNITED STATES,AMERICA,NONE,FALSE
2380,Dawn Bennett,vgreen@example.org,UNITED STATES,AMERICA,GREEN,TRUE
2381,Laura Tyler,rodriguezamanda@example.net,JAPAN,ASIA,GREEN,FALSE
2382,Darren Smith,marissasutton@example.com,UNITED STATES,AMERICA,NONE,FALSE
2383,Michael Fernandez,salvarado@example.com,GERMANY,EUROPE,NONE,FALSE
2384,Edward Hill,christine97@example.net,UNITED STATES,AMERICA,NONE,FALSE
2385,Christopher Bartlett,madison75@example.net,UNITED STATES,AMERICA,SILVER,FALSE
2386,Hannah Meyer,kirbybrett@example.org,NETHERLANDS,EUROPE,GREEN,FALSE
2387,Patrick Ford,wilkinskevin@example.net,FRANCE,EUROPE,NONE,TRUE
2388,Lee Heath,murraysara@example.net,NETHERLANDS,EUROPE,SILVER,FALSE
2389,Sydney Baker,lisa43@example.com,SPAIN,EUROPE,NONE,FALSE
2390,Shane Mills MD,millerjessica@example.net,UNITED STATES,AMERICA,GREEN,FALSE
2391,Joseph Peterson,hsweeney@example.org,FRANCE,EUROPE,NONE,FALSE
2392,Lisa Odom,hillsabrina@example.net,NETHERLANDS,EUROPE,SILVER,TRUE
2393,Roberto Rojas,marthagriffin@example.net,UNITED STATES,AMERICA,NONE,FALSE
2394,Ethan Castro,lmiddleton@example.org,CANADA,AMERICA,GREEN,TRUE
2395,Richard Davis,julie80@example.net,NETHERLANDS,EUROPE,GREEN,FALSE
2396,Paul Mack,james60@example.net,CANADA,AMERICA,GOLD,TRUE
2397,Barbara Allen,smithsusan@example.net,NETHERLANDS,EUROPE,GREEN,FALSE
2398,Kenneth Wells,debbieedwards@example.org,CANADA,AMERICA,SILVER,FALSE
2399,Jeffery Berry,margaret18@example.net,FRANCE,EUROPE,NONE,TRUE
2400,Drew Brown,kevinespinoza@example.org,FRANCE,EUROPE,NONE,FALSE
2401,Taylor Cantu,wharris@example.com,UNITED KINGDOM,EUROPE,NONE,FALSE
2402,Jeremiah Robinson,william96@example.net,UNITED STATES,AMERICA,NONE,TRUE
2403,Harry Lindsey,bushcourtney@example.net,GERMANY,EUROPE,NONE,FALSE
2404,Shane Potter,odavis@example.com,UNITED STATES,AMERICA,NONE,TRUE
2405,David Curtis,phoover@example.net,SPAIN,EUROPE,NONE,FALSE
2406,Mr. Gregory Wiley,jamesjohn@example.net,SPAIN,EUROPE,GREEN,FALSE
2407,Mary Massey,thomaswhite@example.org,UNITED KINGDOM,EUROPE,GREEN,TRUE
2408,Kimberly Fisher,vortiz@example.org,UNITED STATES,AMERICA,GREEN,TRUE
2409,Joseph Gray,jonathan61@example.org,UNITED KINGDOM,EUROPE,NONE,TRUE
2410,Loretta Horton,cynthia35@example.net,UNITED STATES,AMERICA,NONE,FALSE
2411,Madison Evans,brad51@example.org,UNITED STATES,AMERICA,SILVER,TRUE
2412,Justin Smith,abaird@example.com,UNITED STATES,AMERICA,SILVER,TRUE
2413,Jason Henderson,bakerjonathon@example.com,FRANCE,EUROPE,NONE,FALSE
2414,Joseph Riley,laura09@example.com,SWEDEN,EUROPE,GOLD,FALSE
2415,Amanda Simpson,heather90@example.net,JAPAN,ASIA,GREEN,FALSE
2416,Jonathan Gallagher,sheena87@example.com,UNITED KINGDOM,EUROPE,SILVER,FALSE
2417,Nicole Bell,mariahwang@example.net,SWEDEN,EUROPE,SILVER,TRUE
2418,Jody Singleton,chavezpamela@example.org,NETHERLANDS,EUROPE,NONE,FALSE
2419,Jessica Tran,mccormickkatherine@example.com,UNITED KINGDOM,EUROPE,NONE,TRUE
2420,Pamela Johnson,stacey98@example.net,UNITED STATES,AMERICA,NONE,FALSE
2421,Katie Harris,vramos@example.com,CANADA,AMERICA,NONE,TRUE
2422,Courtney Young,ecampbell@example.com,UNITED STATES,AMERICA,SILVER,FALSE
2423,David Hall,jacobscindy@example.org,GERMANY,EUROPE,NONE,TRUE
2424,Hannah Hunt,lcosta@example.net,SPAIN,EUROPE,SILVER,FALSE
2425,Casey Baker,tarabradshaw@example.org,UNITED KINGDOM,EUROPE,GREEN,TRUE
2426,Carolyn Kane,carrjennifer@example.com,JAPAN,ASIA,NONE,FALSE
2427,Cesar Adams,carl07@example.net,UNITED KINGDOM,EUROPE,SILVER,TRUE
2428,Michele Garcia,erikwatson@example.org,GERMANY,EUROPE,NONE,FALSE
2429,Maria Brown,tklein@example.org,UNITED KINGDOM,EUROPE,GREEN,FALSE
2430,Tammy Thomas,amy70@example.net,UNITED KINGDOM,EUROPE,GREEN,FALSE
2431,Kristin Hernandez,kbird@example.com,GERMANY,EUROPE,NONE,FALSE
2432,Christopher Miller,ywilkinson@example.org,UNITED KINGDOM,EUROPE,NONE,TRUE
2433,Adrian Collier,geraldgarcia@example.net,UNITED KINGDOM,EUROPE,SILVER,FALSE
2434,Amber Lee,gfox@example.net,AUSTRALIA,APAC,NONE,FALSE
2435,Anthony Smith,pwest@example.org,UNITED STATES,AMERICA,NONE,FALSE
2436,Timothy Maxwell,wheelerkimberly@example.org,UNITED STATES,AMERICA,NONE,TRUE
2437,Robert Griffith,duncanjames@example.net,GERMANY,EUROPE,SILVER,FALSE
2438,Alexandra Marshall,anthony17@example.org,FRANCE,EUROPE,SILVER,FALSE
2439,Tyler Hart,johnsonsteven@example.net,GERMANY,EUROPE,NONE,FALSE
2440,Collin Osborne,fjackson@example.org,AUSTRALIA,APAC,GOLD,FALSE
2441,Robert Knight,pwilkerson@example.com,UNITED KINGDOM,EUROPE,SILVER,TRUE
2442,Cody Johnson PhD,molly46@example.org,AUSTRALIA,APAC,SILVER,FALSE
2443,Mrs. Carol Morton DVM,dflowers@example.com,NETHERLANDS,EUROPE,NONE,TRUE
2444,Jason Lucero,mandymalone@example.com,GERMANY,EUROPE,GREEN,FALSE
2445,Tara Anderson,douglas60@example.org,UNITED STATES,AMERICA,GREEN,TRUE
2446,Daniel Matthews,thomasjessica@example.net,JAPAN,ASIA,NONE,FALSE
2447,Lauren Torres,esalinas@example.org,UNITED STATES,AMERICA,NONE,FALSE
2448,Alexander Craig,wmay@example.com,SWEDEN,EUROPE,GREEN,TRUE
2449,Thomas Ruiz,pearsoncarrie@example.com,UNITED STATES,AMERICA,SILVER,TRUE
2450,Allison Arellano,josephcooper@example.net,UNITED KINGDOM,EUROPE,GREEN,TRUE
2451,Joshua Rodriguez,andersondaniel@example.net,UNITED KINGDOM,EUROPE,GOLD,FALSE
2452,Troy Herrera,jacksonrussell@example.com,NETHERLANDS,EUROPE,SILVER,TRUE
2453,Michele Oconnor PhD,jscott@example.com,GERMANY,EUROPE,SILVER,TRUE
2454,Susan Palmer,dmartinez@example.com,UNITED KINGDOM,EUROPE,NONE,TRUE
2455,Dr. Kathryn Adams DDS,dixonjerry@example.net,SPAIN,EUROPE,NONE,TRUE
2456,Ann Cunningham,henrychristine@example.net,AUSTRALIA,APAC,NONE,FALSE
2457,Jeffrey Williams,uduncan@example.net,JAPAN,ASIA,GREEN,TRUE
2458,Patricia Dunlap,philliphayden@example.net,JAPAN,ASIA,GREEN,FALSE
2459,Craig Nguyen,joshuaadams@example.com,UNITED STATES,AMERICA,SILVER,FALSE
2460,Tony Williams,davidandrews@example.net,JAPAN,ASIA,NONE,FALSE
2461,Donald Lopez,jacksonwhitney@example.org,SWEDEN,EUROPE,NONE,FALSE
2462,Katherine Mcmillan,michellehoward@example.com,FRANCE,EUROPE,NONE,TRUE
2463,Daniel Robinson,smithamy@example.com,UNITED STATES,AMERICA,GREEN,FALSE
2464,Eddie Klein,lchavez@example.org,UNITED STATES,AMERICA,NONE,FALSE
2465,April Meyer,martinezdavid@example.org,GERMANY,EUROPE,GREEN,FALSE
2466,Troy Jefferson,vbradley@example.net,FRANCE,EUROPE,NONE,FALSE
2467,David Jennings,sarahharmon@example.net,FRANCE,EUROPE,GREEN,TRUE
2468,Theresa Ray,nsingh@example.org,GERMANY,EUROPE,SILVER,TRUE
2469,Joshua Quinn,amy18@example.com,UNITED STATES,AMERICA,SILVER,TRUE
2470,David Sanchez,johnsoncandice@example.net,NETHERLANDS,EUROPE,GOLD,FALSE
2471,Melinda Wright,zamorajennifer@example.org,UNITED STATES,AMERICA,GOLD,FALSE
2472,Angela Davis,floreseileen@example.net,NETHERLANDS,EUROPE,GREEN,TRUE
2473,Melissa Rivera,katherinemccarty@example.com,UNITED STATES,AMERICA,GREEN,FALSE
2474,Albert Fields,jonesjames@example.org,GERMANY,EUROPE,GREEN,TRUE
2475,Jason Griffin,mharding@example.net,FRANCE,EUROPE,GREEN,FALSE
2476,Kevin Padilla,jreynolds@example.net,SWEDEN,EUROPE,NONE,FALSE
2477,Anthony Taylor,patrickjasmine@example.net,JAPAN,ASIA,GREEN,TRUE
2478,Melissa Hernandez,denisepalmer@example.net,GERMANY,EUROPE,GREEN,FALSE
2479,Donna Smith,htaylor@example.com,SWEDEN,EUROPE,NONE,FALSE
2480,Andrea Baker,rebecca73@example.com,UNITED STATES,AMERICA,GREEN,FALSE
2481,Cheryl Collins,maxwellgibson@example.org,GERMANY,EUROPE,GREEN,FALSE
2482,Christopher Davis,andrearivera@example.net,UNITED STATES,AMERICA,SILVER,FALSE
2483,Jason Jones,kristievillegas@example.com,CANADA,AMERICA,NONE,FALSE
2484,Donna Cline,cwilson@example.org,AUSTRALIA,APAC,GREEN,FALSE
2485,Christopher Brown,dortiz@example.org,GERMANY,EUROPE,GREEN,TRUE
2486,David Thomas,johnsonjennifer@example.net,GERMANY,EUROPE,GOLD,FALSE
2487,Christina Strong,fjones@example.org,UNITED STATES,AMERICA,SILVER,TRUE
2488,Tanner Potts,alexander66@example.com,GERMANY,EUROPE,GREEN,FALSE
2489,Robert Vance,larry04@example.net,UNITED STATES,AMERICA,NONE,TRUE
2490,Charles Gonzales,melissaevans@example.org,UNITED STATES,AMERICA,NONE,TRUE
2491,Brandon Young,victor34@example.com,GERMANY,EUROPE,GREEN,FALSE
2492,Debbie Bailey,amiller@example.net,CANADA,AMERICA,NONE,FALSE
2493,Todd Sherman,margaretbarnett@example.org,UNITED STATES,AMERICA,GREEN,FALSE
2494,William Hicks,ypadilla@example.com,GERMANY,EUROPE,NONE,TRUE
2495,Rachel Cisneros,joshuajones@example.net,UNITED STATES,AMERICA,GREEN,TRUE
2496,Stacey Ortiz,rdixon@example.net,CANADA,AMERICA,NONE,TRUE
2497,John Miller,belindafowler@example.com,FRANCE,EUROPE,SILVER,TRUE
2498,Jason Cantu,vincent74@example.org,AUSTRALIA,APAC,NONE,FALSE
2499,Erik Nelson,kyleparker@example.com,CANADA,AMERICA,NONE,TRUE
2500,Nicole Kelley,hernandezmatthew@example.net,JAPAN,ASIA,NONE,FALSE
2501,David Rodgers,frank49@example.org,NETHERLANDS,EUROPE,NONE,TRUE
2502,James Vazquez,dawn11@example.org,FRANCE,EUROPE,GOLD,TRUE
2503,Lisa Schroeder,schmidtsteven@example.org,SWEDEN,EUROPE,GOLD,FALSE
2504,Jessica Parker,erica48@example.net,UNITED STATES,AMERICA,GREEN,FALSE
2505,Misty Rice,brenda68@example.org,UNITED STATES,AMERICA,NONE,TRUE
2506,Jennifer Cline MD,velasquezvictoria@example.org,GERMANY,EUROPE,NONE,TRUE
2507,Robert Watson,dianaramirez@example.net,SPAIN,EUROPE,NONE,FALSE
2508,Scott Wilson,nwilliams@example.net,JAPAN,ASIA,NONE,TRUE
2509,Jessica Colon,tylergarcia@example.net,NETHERLANDS,EUROPE,GREEN,FALSE
2510,Kathy Brown,harrisbryan@example.net,NETHERLANDS,EUROPE,GREEN,FALSE
2511,Kristopher Pierce,millerlindsey@example.org,UNITED STATES,AMERICA,NONE,FALSE
2512,Christine Ellison,pli@example.org,FRANCE,EUROPE,NONE,FALSE
2513,Kathleen Garcia,jgill@example.com,UNITED KINGDOM,EUROPE,NONE,FALSE
2514,Paul Wilkerson,jhenson@example.com,UNITED KINGDOM,EUROPE,GREEN,TRUE
2515,Lisa Potter,bowenjonathan@example.net,UNITED STATES,AMERICA,GOLD,TRUE
2516,Sarah Fields,michelle01@example.org,AUSTRALIA,APAC,GREEN,TRUE
2517,Jeffrey Walker,jasminjohnson@example.org,AUSTRALIA,APAC,NONE,TRUE
2518,Megan Hood,ruizkimberly@example.net,UNITED STATES,AMERICA,SILVER,FALSE
2519,Michelle Mcdonald,brodriguez@example.net,GERMANY,EUROPE,NONE,TRUE
2520,Ashley Gilbert,davidharris@example.net,SWEDEN,EUROPE,NONE,TRUE
2521,Leah Travis,timothy18@example.org,FRANCE,EUROPE,SILVER,FALSE
2522,Dr. Andrew Johns,yoderadam@example.com,NETHERLANDS,EUROPE,SILVER,FALSE
2523,Megan Moran,kristen78@example.org,UNITED STATES,AMERICA,NONE,TRUE
2524,Matthew Caldwell,james23@example.com,CANADA,AMERICA,NONE,TRUE
2525,Carla Holloway,yrichards@example.com,CANADA,AMERICA,NONE,FALSE
2526,Pamela Arnold,qgreen@example.com,UNITED STATES,AMERICA,NONE,FALSE
2527,Robert Fleming,carl91@example.org,FRANCE,EUROPE,GREEN,TRUE
2528,Vickie Huynh,christopherbrown@example.org,UNITED STATES,AMERICA,GREEN,TRUE
2529,Stephanie Colon,ejones@example.org,NETHERLANDS,EUROPE,GOLD,TRUE
2530,Jack Krause,patricia24@example.org,SWEDEN,EUROPE,GOLD,TRUE
2531,Melissa Harvey,beckyroberts@example.com,UNITED KINGDOM,EUROPE,SILVER,TRUE
2532,Connie Smith,rodgerscaroline@example.org,AUSTRALIA,APAC,NONE,TRUE
2533,Emily Perez,craigbuck@example.com,CANADA,AMERICA,NONE,TRUE
2534,Jacob Aguirre,zwolfe@example.net,UNITED KINGDOM,EUROPE,SILVER,FALSE
2535,Crystal Parrish,jesse81@example.org,SWEDEN,EUROPE,GREEN,TRUE
2536,Alan Wilson,rhonda64@example.org,UNITED KINGDOM,EUROPE,NONE,FALSE
2537,Robert Richards MD,floresjohn@example.com,UNITED STATES,AMERICA,GREEN,FALSE
2538,Phillip Lin,amyjones@example.com,GERMANY,EUROPE,NONE,TRUE
2539,Erin Garcia,brittanyhubbard@example.com,NETHERLANDS,EUROPE,SILVER,FALSE
2540,Gloria Green,odickerson@example.org,UNITED KINGDOM,EUROPE,GREEN,FALSE
2541,Robin Murray,jessicasmith@example.com,GERMANY,EUROPE,GREEN,FALSE
2542,Jessica Rojas,kelsey67@example.com,GERMANY,EUROPE,GREEN,TRUE
2543,Hunter Alexander,murraybruce@example.net,GERMANY,EUROPE,NONE,TRUE
2544,Isaiah Trujillo,pschmidt@example.org,FRANCE,EUROPE,NONE,TRUE
2545,Dr. Daniel Tucker,tiffany80@example.org,GERMANY,EUROPE,GREEN,FALSE
2546,Elizabeth Jones,wesley57@example.net,UNITED KINGDOM,EUROPE,NONE,FALSE
2547,Anthony Hart,jordan68@example.com,UNITED STATES,AMERICA,GREEN,TRUE
2548,Dr. Charlene Black,wendy76@example.com,AUSTRALIA,APAC,SILVER,FALSE
2549,Adam Delgado,jvega@example.com,NETHERLANDS,EUROPE,NONE,FALSE
2550,Shannon Mccarthy,jared86@example.com,FRANCE,EUROPE,NONE,FALSE
2551,Charles Munoz,patriciareynolds@example.net,UNITED KINGDOM,EUROPE,NONE,TRUE
2552,Lisa Russell,salinaszachary@example.net,SWEDEN,EUROPE,NONE,TRUE
2553,Leslie Hall MD,kimberly34@example.org,UNITED STATES,AMERICA,GOLD,FALSE
2554,Alexander Warren,thomaslane@example.net,NETHERLANDS,EUROPE,SILVER,FALSE
2555,Taylor Carlson,qpatterson@example.org,GERMANY,EUROPE,SILVER,TRUE
2556,Michael Rojas,vcole@example.com,UNITED STATES,AMERICA,GREEN,FALSE
2557,Sierra Porter,max26@example.org,UNITED KINGDOM,EUROPE,GREEN,TRUE
2558,Shari Allen,dylan27@example.org,GERMANY,EUROPE,NONE,TRUE
2559,Nicole Anderson,henrymccarthy@example.org,UNITED STATES,AMERICA,GREEN,FALSE
2560,Bridget Garcia,huffmaria@example.net,CANADA,AMERICA,GREEN,TRUE
2561,Jessica Martinez,krodriguez@example.org,UNITED STATES,AMERICA,NONE,TRUE
2562,Brooke Ware,daniel48@example.com,SWEDEN,EUROPE,NONE,TRUE
2563,Crystal Brooks,houstonstephanie@example.org,NETHERLANDS,EUROPE,GREEN,FALSE
2564,Scott White,roachjulie@example.net,GERMANY,EUROPE,NONE,FALSE
2565,Alexis Shea,jack64@example.com,SPAIN,EUROPE,NONE,FALSE
2566,Amy Payne,hayesnicole@example.org,UNITED STATES,AMERICA,NONE,FALSE
2567,Renee Miller,seanosborne@example.com,UNITED STATES,AMERICA,NONE,TRUE
2568,Teresa Carter,jasongutierrez@example.com,NETHERLANDS,EUROPE,SILVER,FALSE
2569,Thomas Bennett,melissaroy@example.com,SWEDEN,EUROPE,GREEN,TRUE
2570,Donald Wallace,ruthsmith@example.org,JAPAN,ASIA,SILVER,FALSE
2571,Amanda Sanders,jordan25@example.net,FRANCE,EUROPE,GOLD,FALSE
2572,Sabrina Pierce,halejeffery@example.net,UNITED STATES,AMERICA,NONE,TRUE
2573,Joel Moore,fwhite@example.org,SWEDEN,EUROPE,NONE,FALSE
2574,Bailey Hughes,denise49@example.com,CANADA,AMERICA,NONE,FALSE
2575,Ronald Higgins,vfoster@example.org,JAPAN,ASIA,SILVER,FALSE
2576,Christopher Newman,tiffany97@example.com,UNITED KINGDOM,EUROPE,NONE,TRUE
2577,Lori Brooks,gsharp@example.net,CANADA,AMERICA,GREEN,TRUE
2578,Robert Barnes,wchaney@example.com,AUSTRALIA,APAC,SILVER,TRUE
2579,Alison Williams,ortegasandra@example.net,FRANCE,EUROPE,GREEN,TRUE
2580,Sarah Larson,jacobjones@example.com,GERMANY,EUROPE,NONE,TRUE
2581,Terry Macias,christineramirez@example.net,CANADA,AMERICA,NONE,FALSE
2582,Amanda Perez,michaellee@example.org,GERMANY,EUROPE,NONE,FALSE
2583,Tyler Sanchez,williamslisa@example.net,UNITED STATES,AMERICA,NONE,TRUE
2584,Hailey Mcpherson,montgomeryjessica@example.com,SWEDEN,EUROPE,SILVER,TRUE
2585,Robert Vega,perezrichard@example.net,AUSTRALIA,APAC,NONE,TRUE
2586,Rhonda Mitchell,cindyfischer@example.org,UNITED KINGDOM,EUROPE,NONE,FALSE
2587,Christopher Horn,lellison@example.com,UNITED STATES,AMERICA,GOLD,FALSE
2588,Robert Johnson,daviddecker@example.com,CANADA,AMERICA,NONE,FALSE
2589,Ann Hobbs,wallacemathew@example.net,FRANCE,EUROPE,SILVER,FALSE
2590,Terry Carr,stephaniewilson@example.org,UNITED KINGDOM,EUROPE,SILVER,TRUE
2591,Jennifer Jones,xparker@example.com,JAPAN,ASIA,GREEN,FALSE
2592,Terrence Cruz,danielle93@example.com,FRANCE,EUROPE,NONE,FALSE
2593,William Davis,henrygriffin@example.net,FRANCE,EUROPE,NONE,TRUE
2594,John Hall,banderson@example.com,GERMANY,EUROPE,NONE,TRUE
2595,Chris Farrell,gking@example.org,UNITED STATES,AMERICA,SILVER,TRUE
2596,Stefanie Simmons,ostokes@example.org,UNITED KINGDOM,EUROPE,NONE,TRUE
2597,Kevin Keller,leslie24@example.org,JAPAN,ASIA,GOLD,FALSE
2598,Michael Brown,michellegomez@example.com,GERMANY,EUROPE,GOLD,FALSE
2599,Daniel Ingram,perkinsdaniel@example.org,UNITED KINGDOM,EUROPE,SILVER,FALSE
2600,Amber York,dlowery@example.net,NETHERLANDS,EUROPE,NONE,FALSE
2601,John Dickson,heather42@example.org,JAPAN,ASIA,SILVER,TRUE
2602,Kathryn Young,courtney58@example.org,UNITED KINGDOM,EUROPE,NONE,TRUE
2603,Nancy Costa,kelsey77@example.org,UNITED STATES,AMERICA,GOLD,FALSE
2604,Mark Gallegos,suzannegilmore@example.org,GERMANY,EUROPE,GREEN,FALSE
2605,Victoria Jordan,howardchristina@example.org,UNITED STATES,AMERICA,GOLD,TRUE
2606,John Daniels,susan40@example.net,UNITED STATES,AMERICA,NONE,TRUE
2607,Jonathan Mueller,mariaweaver@example.com,UNITED STATES,AMERICA,NONE,TRUE
2608,Michelle Woods,bkramer@example.net,UNITED KINGDOM,EUROPE,GREEN,TRUE
2609,Jennifer Martinez,michaelbradshaw@example.net,UNITED STATES,AMERICA,SILVER,TRUE
2610,Nancy Miller,kjackson@example.org,UNITED STATES,AMERICA,GREEN,FALSE
2611,Gregory Fischer,michaelflynn@example.net,GERMANY,EUROPE,GREEN,FALSE
2612,Peter Zhang,ajackson@example.org,UNITED KINGDOM,EUROPE,NONE,TRUE
2613,Darlene White,davissonya@example.org,AUSTRALIA,APAC,GREEN,FALSE
2614,Donald Roberts,brookefrench@example.net,SPAIN,EUROPE,SILVER,FALSE
2615,Jennifer Jackson,awilliams@example.com,GERMANY,EUROPE,SILVER,TRUE
2616,Thomas Snow,mccartymichael@example.org,SPAIN,EUROPE,GREEN,FALSE
2617,John Mitchell,smithjesse@example.org,NETHERLANDS,EUROPE,NONE,TRUE
2618,Philip Andrews,nathangonzalez@example.net,UNITED STATES,AMERICA,GOLD,FALSE
2619,Christopher Huff,millerbrittany@example.com,GERMANY,EUROPE,SILVER,TRUE
2620,Melissa Barnes,huynhdouglas@example.com,UNITED STATES,AMERICA,GREEN,FALSE
2621,Erica Campbell,mcleankaitlin@example.org,UNITED KINGDOM,EUROPE,GREEN,FALSE
2622,Jeffrey Anderson,jeffery85@example.org,UNITED KINGDOM,EUROPE,NONE,FALSE
2623,Gabriel Ford,josephdavis@example.com,UNITED STATES,AMERICA,GREEN,FALSE
2624,Shannon Nunez,tonyamercado@example.com,UNITED KINGDOM,EUROPE,NONE,TRUE
2625,Marvin Sparks,justin16@example.com,UNITED KINGDOM,EUROPE,GOLD,FALSE
2626,Curtis Garcia,joshua41@example.net,UNITED STATES,AMERICA,NONE,TRUE
2627,Christopher Harrison,emills@example.com,CANADA,AMERICA,NONE,TRUE
2628,Nicole Henderson,kristymunoz@example.org,GERMANY,EUROPE,SILVER,FALSE
2629,Amanda Ramirez,elamb@example.com,SPAIN,EUROPE,GREEN,TRUE
2630,Ariel Pierce,boltonmary@example.com,UNITED KINGDOM,EUROPE,SILVER,TRUE
2631,Krystal Thompson,blakejackson@example.net,SPAIN,EUROPE,SILVER,TRUE
2632,Eric Ingram,mackgary@example.com,UNITED STATES,AMERICA,NONE,TRUE
2633,Richard Flynn,carmstrong@example.net,UNITED STATES,AMERICA,NONE,TRUE
2634,Alexandra Howard,kendra53@example.com,UNITED STATES,AMERICA,NONE,FALSE
2635,Breanna Hansen,campbelltaylor@example.org,SPAIN,EUROPE,NONE,FALSE
2636,Morgan Adams,krauseaaron@example.com,UNITED STATES,AMERICA,NONE,TRUE
2637,Shannon Garrett,timothy42@example.org,SWEDEN,EUROPE,GREEN,TRUE
2638,Donald Morris,conleyantonio@example.org,JAPAN,ASIA,NONE,FALSE
2639,Billy Powers,torresmeghan@example.net,UNITED STATES,AMERICA,GOLD,FALSE
2640,Brandon Walker,joshua70@example.com,AUSTRALIA,APAC,GOLD,FALSE
2641,Angela Goodwin,natalie46@example.com,UNITED STATES,AMERICA,NONE,FALSE
2642,Shawn Fischer,ztran@example.org,CANADA,AMERICA,NONE,FALSE
2643,Edward Benson,lisa99@example.org,AUSTRALIA,APAC,GREEN,TRUE
2644,Brittany Alvarez,barbararodriguez@example.net,UNITED STATES,AMERICA,SILVER,TRUE
2645,Andrew Gibson,psmith@example.com,AUSTRALIA,APAC,GOLD,TRUE
2646,Stephen Johnson,perezjohn@example.com,JAPAN,ASIA,NONE,FALSE
2647,Leslie Sanchez,sandersdeanna@example.net,UNITED KINGDOM,EUROPE,SILVER,TRUE
2648,Robert Ruiz,kelleyderek@example.net,AUSTRALIA,APAC,GREEN,TRUE
2649,Jason Mathews,kimberly90@example.net,AUSTRALIA,APAC,NONE,TRUE
2650,Matthew Jordan,waynerivera@example.net,UNITED STATES,AMERICA,NONE,FALSE
2651,Amber Ruiz,ashleyharris@example.net,UNITED KINGDOM,EUROPE,NONE,TRUE
2652,Melissa Steele,barcher@example.net,UNITED STATES,AMERICA,NONE,FALSE
2653,Rebecca Little,anthonydana@example.net,FRANCE,EUROPE,GREEN,FALSE
2654,Ronald Benson,bakermelissa@example.com,UNITED STATES,AMERICA,NONE,TRUE
2655,Pamela Gardner,cvega@example.org,UNITED KINGDOM,EUROPE,GREEN,TRUE
2656,Daniel Combs,moralesfrancisco@example.net,GERMANY,EUROPE,NONE,TRUE
2657,Alexis Lee,katiehicks@example.net,CANADA,AMERICA,NONE,FALSE
2658,Zachary Velasquez,tracyhoffman@example.com,UNITED STATES,AMERICA,GREEN,TRUE
2659,Tracy Hammond,stevenellis@example.org,UNITED KINGDOM,EUROPE,NONE,FALSE
2660,Samantha Parker,george94@example.org,UNITED STATES,AMERICA,NONE,TRUE
2661,Mitchell Garza,teresamiller@example.org,AUSTRALIA,APAC,NONE,TRUE
2662,Elizabeth Mayo,rodriguezmichael@example.net,UNITED STATES,AMERICA,SILVER,TRUE
2663,Jennifer Johnson,egeorge@example.net,JAPAN,ASIA,NONE,TRUE
2664,Joshua Lee,jonathan98@example.org,JAPAN,ASIA,SILVER,TRUE
2665,Denise Hoffman,donna30@example.net,FRANCE,EUROPE,NONE,FALSE
2666,Seth Gregory,owensamber@example.com,GERMANY,EUROPE,NONE,TRUE
2667,Scott Smith,rfinley@example.net,UNITED STATES,AMERICA,NONE,FALSE
2668,Brian Ware,garciadebra@example.com,FRANCE,EUROPE,GREEN,FALSE
2669,Lauren Sharp,rachelvaldez@example.org,NETHERLANDS,EUROPE,SILVER,FALSE
2670,Curtis Cole,wilsonbrian@example.net,CANADA,AMERICA,GREEN,TRUE
2671,Jennifer Evans,nhobbs@example.org,FRANCE,EUROPE,NONE,FALSE
2672,Kimberly Holmes,gibsonrichard@example.net,UNITED KINGDOM,EUROPE,GREEN,FALSE
2673,Tracy Pierce,marissa85@example.org,UNITED STATES,AMERICA,NONE,FALSE
2674,Alicia Thomas,stephanie27@example.net,AUSTRALIA,APAC,GOLD,TRUE
2675,Benjamin Fernandez,rgiles@example.org,UNITED STATES,AMERICA,GREEN,FALSE
2676,Stacey Cruz,jacksonthomas@example.com,UNITED KINGDOM,EUROPE,GREEN,FALSE
2677,Justin Moreno,allendavid@example.org,UNITED KINGDOM,EUROPE,GREEN,TRUE
2678,Regina Gamble,qlee@example.com,JAPAN,ASIA,SILVER,TRUE
2679,Gabriel Larson,dawncook@example.net,UNITED STATES,AMERICA,NONE,TRUE
2680,Sheri Yoder,whitejill@example.com,NETHERLANDS,EUROPE,NONE,TRUE
2681,Tara Thomas,dianebrooks@example.com,SWEDEN,EUROPE,NONE,FALSE
2682,Lauren Mcmillan,summerellis@example.org,SWEDEN,EUROPE,NONE,FALSE
2683,Juan Adams,tsullivan@example.org,UNITED STATES,AMERICA,GOLD,FALSE
2684,James Juarez,andersonkaren@example.org,CANADA,AMERICA,NONE,FALSE
2685,Casey Hubbard,bobby53@example.net,FRANCE,EUROPE,NONE,FALSE
2686,Dawn Molina,xclarke@example.com,FRANCE,EUROPE,SILVER,FALSE
2687,Tricia Russo,mary88@example.org,GERMANY,EUROPE,NONE,TRUE
2688,Shannon Hudson,xwright@example.com,JAPAN,ASIA,GREEN,FALSE
2689,Jennifer Hernandez,susanhall@example.org,GERMANY,EUROPE,GREEN,TRUE
2690,Robert Munoz,ecampbell@example.org,UNITED KINGDOM,EUROPE,NONE,TRUE
2691,Eric Velasquez,denniswilliams@example.com,UNITED STATES,AMERICA,NONE,TRUE
2692,Joseph Lopez,ielliott@example.org,FRANCE,EUROPE,GREEN,TRUE
2693,James Levy,wthompson@example.com,GERMANY,EUROPE,NONE,FALSE
2694,Leslie Preston,briannamclaughlin@example.net,SWEDEN,EUROPE,GREEN,FALSE
2695,Cindy Walton,zgrimes@example.net,UNITED STATES,AMERICA,NONE,TRUE
2696,Michelle Hayes,nathannorman@example.org,JAPAN,ASIA,NONE,TRUE
2697,David Fox,millsmichelle@example.com,UNITED KINGDOM,EUROPE,SILVER,FALSE
2698,Robin Davis,carriereese@example.net,CANADA,AMERICA,NONE,FALSE
2699,William Powell,smithcarl@example.com,NETHERLANDS,EUROPE,NONE,TRUE
2700,William Hale,nthomas@example.net,UNITED STATES,AMERICA,NONE,FALSE
2701,Andrea Sparks,melissaharrell@example.net,GERMANY,EUROPE,NONE,FALSE
2702,Andrea Turner,harrislisa@example.com,GERMANY,EUROPE,GREEN,TRUE
2703,Steven Bridges,landerson@example.net,GERMANY,EUROPE,NONE,TRUE
2704,Maria Wall,vphillips@example.net,UNITED STATES,AMERICA,GREEN,FALSE
2705,Brandy Kerr,christine20@example.net,NETHERLANDS,EUROPE,GREEN,TRUE
2706,George Hall,bholder@example.net,UNITED STATES,AMERICA,GREEN,TRUE
2707,Ashley Harding,kmartinez@example.net,UNITED STATES,AMERICA,SILVER,FALSE
2708,Veronica Johnson,richard20@example.org,FRANCE,EUROPE,NONE,TRUE
2709,Jacob Burton,westricky@example.org,FRANCE,EUROPE,NONE,TRUE
2710,Jessica Cook,whernandez@example.net,FRANCE,EUROPE,GOLD,FALSE
2711,Maria Wise,collinslaura@example.com,UNITED STATES,AMERICA,NONE,FALSE
2712,Bryan Martin II,douglastimothy@example.net,UNITED STATES,AMERICA,GREEN,TRUE
2713,Jared Smith,mhenry@example.net,FRANCE,EUROPE,GREEN,FALSE
2714,Jon Arellano,perezchristopher@example.net,CANADA,AMERICA,NONE,FALSE
2715,Cassie Williams,martha99@example.net,UNITED STATES,AMERICA,NONE,FALSE
2716,Craig Washington,stevelee@example.net,UNITED KINGDOM,EUROPE,GREEN,TRUE
2717,Edward Davies,melanie48@example.net,UNITED STATES,AMERICA,NONE,FALSE
2718,Devin Reynolds,ibrady@example.com,NETHERLANDS,EUROPE,SILVER,TRUE
2719,Patricia Edwards,leblancnicole@example.net,UNITED STATES,AMERICA,SILVER,TRUE
2720,Jennifer Jones,hartmancrystal@example.net,UNITED STATES,AMERICA,GREEN,TRUE
2721,Rachael Howard,qneal@example.org,JAPAN,ASIA,NONE,FALSE
2722,Leslie Miller,patrick40@example.net,NETHERLANDS,EUROPE,NONE,FALSE
2723,Kristin Gomez,cooperamy@example.org,FRANCE,EUROPE,NONE,TRUE
2724,Rhonda Morris,tgreen@example.net,NETHERLANDS,EUROPE,SILVER,FALSE
2725,Jacob Guzman,weeksbrandon@example.com,GERMANY,EUROPE,GOLD,FALSE
2726,April Mitchell,patriciaowen@example.net,UNITED STATES,AMERICA,NONE,TRUE
2727,Steven Wilson,traci39@example.net,JAPAN,ASIA,GREEN,TRUE
2728,Cassandra Brock,beckerbrianna@example.com,UNITED STATES,AMERICA,SILVER,TRUE
2729,Pamela Rodgers,allennathan@example.net,UNITED STATES,AMERICA,NONE,FALSE
2730,Melinda Ramirez,kelleramanda@example.org,UNITED KINGDOM,EUROPE,NONE,FALSE
2731,Frank Franklin,christopher64@example.net,SPAIN,EUROPE,GREEN,TRUE
2732,Kyle Camacho,matthewbutler@example.org,FRANCE,EUROPE,NONE,FALSE
2733,Colton Duke,joseph08@example.net,GERMANY,EUROPE,GREEN,TRUE
2734,Pamela Pittman,uwilliams@example.net,UNITED STATES,AMERICA,NONE,FALSE
2735,Wendy Williams,blakeshelton@example.org,FRANCE,EUROPE,NONE,TRUE
2736,Lisa Fernandez,michelle11@example.org,CANADA,AMERICA,NONE,FALSE
2737,Susan Cochran,vgarcia@example.net,CANADA,AMERICA,NONE,TRUE
2738,George Williams,laurenallen@example.net,UNITED KINGDOM,EUROPE,NONE,FALSE
2739,Kirk Powell,virginia22@example.org,UNITED STATES,AMERICA,NONE,FALSE
2740,Kyle Ruiz,alvarezstephanie@example.com,FRANCE,EUROPE,SILVER,FALSE
2741,Elizabeth Barber,boyererika@example.net,UNITED STATES,AMERICA,SILVER,FALSE
2742,Tamara Woodard,wallacebryan@example.com,FRANCE,EUROPE,GOLD,TRUE
2743,Samantha Armstrong,barbarafisher@example.com,GERMANY,EUROPE,SILVER,TRUE
2744,Yolanda Anderson,uwhite@example.net,UNITED STATES,AMERICA,NONE,TRUE
2745,Jamie Smith,theresataylor@example.com,GERMANY,EUROPE,GREEN,FALSE
2746,Joseph Smith,todd87@example.org,AUSTRALIA,APAC,GOLD,FALSE
2747,James Morales,sarah06@example.org,UNITED KINGDOM,EUROPE,GOLD,FALSE
2748,James Hamilton,watsondavid@example.net,UNITED KINGDOM,EUROPE,NONE,TRUE
2749,Anita Schultz,mary98@example.net,UNITED STATES,AMERICA,GREEN,FALSE
2750,Scott Willis,mcneilbrian@example.net,FRANCE,EUROPE,NONE,TRUE
2751,Allen Diaz,franklinmatthew@example.net,UNITED KINGDOM,EUROPE,SILVER,FALSE
2752,Tommy Sherman,xhorton@example.org,UNITED STATES,AMERICA,NONE,TRUE
2753,Laura Holloway,nwilliams@example.net,UNITED STATES,AMERICA,GREEN,TRUE
2754,Amanda Roy,fbailey@example.com,JAPAN,ASIA,NONE,FALSE
2755,Deanna Nelson,bradleymitchell@example.net,GERMANY,EUROPE,NONE,FALSE
2756,Diane Mitchell,jeffrey11@example.net,AUSTRALIA,APAC,NONE,FALSE
2757,Justin Higgins,wbailey@example.net,UNITED KINGDOM,EUROPE,NONE,TRUE
2758,Stephen Bruce,raymond62@example.org,FRANCE,EUROPE,SILVER,TRUE
2759,Melissa Hernandez,djensen@example.com,UNITED STATES,AMERICA,NONE,TRUE
2760,Jamie Young,agarcia@example.org,UNITED STATES,AMERICA,SILVER,TRUE
2761,Jay West,shane26@example.com,UNITED STATES,AMERICA,GREEN,FALSE
2762,Craig Marsh,diazmichael@example.org,UNITED KINGDOM,EUROPE,NONE,TRUE
2763,Cristian Smith,uhall@example.net,UNITED KINGDOM,EUROPE,NONE,FALSE
2764,Jenny Lamb,rodney58@example.com,SPAIN,EUROPE,GOLD,TRUE
2765,Jacqueline White,charles39@example.com,GERMANY,EUROPE,NONE,TRUE
2766,Keith Brown,uschmitt@example.net,FRANCE,EUROPE,NONE,TRUE
2767,Brent Cain,usilva@example.net,UNITED STATES,AMERICA,NONE,FALSE
2768,Kenneth Moss,vgraham@example.com,UNITED KINGDOM,EUROPE,NONE,FALSE
2769,Jennifer Lewis,paul18@example.org,UNITED STATES,AMERICA,GREEN,TRUE
2770,Frank Lawson,courtney87@example.com,FRANCE,EUROPE,GREEN,TRUE
2771,Adriana Parks,ingramtara@example.net,UNITED KINGDOM,EUROPE,NONE,FALSE
2772,Sarah Solis,weaverjohn@example.org,UNITED KINGDOM,EUROPE,SILVER,FALSE
2773,Ariel Lopez,morrisonryan@example.org,FRANCE,EUROPE,NONE,TRUE
2774,Samuel Thomas,rlewis@example.org,UNITED STATES,AMERICA,NONE,FALSE
2775,Zachary Sullivan,bill82@example.com,UNITED STATES,AMERICA,NONE,TRUE
2776,Christopher Foster,lbennett@example.net,JAPAN,ASIA,GREEN,TRUE
2777,Christopher Kennedy,christyfletcher@example.org,SPAIN,EUROPE,GREEN,TRUE
2778,Sharon Pearson,taylorgina@example.org,FRANCE,EUROPE,GREEN,TRUE
2779,Danielle Frey,hendersonjacob@example.org,UNITED STATES,AMERICA,NONE,FALSE
2780,Elaine Lewis,troy19@example.net,GERMANY,EUROPE,GOLD,FALSE
2781,Stacy Smith,urivera@example.org,JAPAN,ASIA,NONE,FALSE
2782,Derrick Peterson,cbrown@example.com,UNITED STATES,AMERICA,NONE,FALSE
2783,Michael Dean,andreawalker@example.org,NETHERLANDS,EUROPE,NONE,TRUE
2784,Ronnie Kramer,jasonmoore@example.com,UNITED STATES,AMERICA,SILVER,TRUE
2785,Misty Hernandez MD,nmcdonald@example.org,UNITED KINGDOM,EUROPE,GREEN,TRUE
2786,Jennifer Barber,friedmanrichard@example.com,SWEDEN,EUROPE,GREEN,FALSE
2787,Alyssa Lang,clarkmichael@example.org,SPAIN,EUROPE,NONE,FALSE
2788,Andrew Mendez,claireflynn@example.org,CANADA,AMERICA,NONE,TRUE
2789,Angela Holloway,tmoody@example.net,AUSTRALIA,APAC,GOLD,TRUE
2790,Steven Nelson,wkennedy@example.com,SPAIN,EUROPE,GOLD,FALSE
2791,Jessica Fisher,ashley06@example.org,JAPAN,ASIA,GREEN,TRUE
2792,Andrew Mann,lindabates@example.com,UNITED STATES,AMERICA,NONE,TRUE
2793,Rebecca Acevedo,sonya14@example.net,UNITED STATES,AMERICA,NONE,FALSE
2794,Ethan Tucker,danschaefer@example.net,SWEDEN,EUROPE,SILVER,TRUE
2795,Laura Washington,megan91@example.com,NETHERLANDS,EUROPE,GREEN,FALSE
2796,Michelle Simmons,lisa04@example.net,UNITED KINGDOM,EUROPE,GREEN,FALSE
2797,Mary Thomas,bhampton@example.com,GERMANY,EUROPE,NONE,TRUE
2798,Carlos Walker,patricia12@example.org,UNITED KINGDOM,EUROPE,SILVER,TRUE
2799,Joshua Padilla,guerrerorenee@example.com,UNITED STATES,AMERICA,NONE,FALSE
2800,Kristina Morgan,allen12@example.net,AUSTRALIA,APAC,GREEN,FALSE
2801,Patrick Huerta,derricklee@example.net,FRANCE,EUROPE,GOLD,TRUE
2802,Michele Torres,oevans@example.org,AUSTRALIA,APAC,NONE,TRUE
2803,Mike Francis,gbrown@example.net,GERMANY,EUROPE,NONE,FALSE
2804,Susan Anderson,ifox@example.net,NETHERLANDS,EUROPE,GREEN,FALSE
2805,Mr. Joshua Abbott,hughesbrandon@example.net,GERMANY,EUROPE,SILVER,FALSE
2806,Nicholas Wolfe,barbara56@example.com,NETHERLANDS,EUROPE,GREEN,FALSE
2807,William Greene,peter58@example.com,UNITED STATES,AMERICA,SILVER,TRUE
2808,Loretta Bradley,rlee@example.net,JAPAN,ASIA,SILVER,FALSE
2809,Aaron Oliver,zmoore@example.org,SPAIN,EUROPE,SILVER,TRUE
2810,Joshua Berry,robertcruz@example.org,FRANCE,EUROPE,GREEN,FALSE
2811,Jason Kelly,jessica86@example.com,JAPAN,ASIA,GREEN,TRUE
2812,Max Mills,wmorris@example.com,JAPAN,ASIA,GREEN,TRUE
2813,Heather Esparza,jonathanjordan@example.org,FRANCE,EUROPE,NONE,FALSE
2814,James Griffin,istokes@example.com,CANADA,AMERICA,GREEN,FALSE
2815,Heather Perry,jonathan12@example.org,FRANCE,EUROPE,NONE,TRUE
2816,Shannon Green,afitzpatrick@example.org,UNITED STATES,AMERICA,GREEN,FALSE
2817,Sandra Harris,bbarr@example.org,NETHERLANDS,EUROPE,NONE,FALSE
2818,Cynthia Flores,ucamacho@example.org,GERMANY,EUROPE,NONE,TRUE
2819,Tyler Russell,maciaskenneth@example.com,FRANCE,EUROPE,GOLD,TRUE
2820,Daniel Day,thompsonlaura@example.com,UNITED KINGDOM,EUROPE,NONE,FALSE
2821,Kimberly Fitzgerald,anthonyfranklin@example.com,UNITED STATES,AMERICA,GREEN,TRUE
2822,Christy Contreras,silvaryan@example.org,UNITED KINGDOM,EUROPE,NONE,FALSE
2823,Karen Washington,rtaylor@example.com,UNITED STATES,AMERICA,NONE,FALSE
2824,Kristi Rodriguez MD,alisha45@example.org,UNITED STATES,AMERICA,NONE,TRUE
2825,Hector Carrillo,gevans@example.org,AUSTRALIA,APAC,GREEN,FALSE
2826,Kathleen Fowler,ashleyrhodes@example.com,FRANCE,EUROPE,NONE,TRUE
2827,Lori Dunn,dianereynolds@example.org,NETHERLANDS,EUROPE,GOLD,FALSE
2828,Danielle Thomas,solistara@example.com,JAPAN,ASIA,NONE,TRUE
2829,Lindsay Farmer,abigail90@example.com,UNITED STATES,AMERICA,SILVER,FALSE
2830,Erik Williams,elliottscott@example.com,UNITED STATES,AMERICA,SILVER,TRUE
2831,Joseph Stevens,stephanie14@example.org,AUSTRALIA,APAC,NONE,TRUE
2832,Jessica Adams,jamesmason@example.net,GERMANY,EUROPE,NONE,TRUE
2833,Larry Buchanan,zhorton@example.com,UNITED STATES,AMERICA,GREEN,FALSE
2834,Jason Sanchez,garysnow@example.org,AUSTRALIA,APAC,GOLD,FALSE
2835,Heather Dunn,gabriel67@example.com,UNITED STATES,AMERICA,GREEN,TRUE
2836,Christine Sweeney,alee@example.com,AUSTRALIA,APAC,GREEN,TRUE
2837,Ryan Lewis,watsontina@example.net,JAPAN,ASIA,SILVER,FALSE
2838,Rebecca Davis,kenneththomas@example.com,FRANCE,EUROPE,GOLD,TRUE
2839,Samantha Hart,ldean@example.org,GERMANY,EUROPE,SILVER,FALSE
2840,Tanya Young,ohardy@example.net,SWEDEN,EUROPE,SILVER,TRUE
2841,Jerry Shaw,hoopernicole@example.org,UNITED KINGDOM,EUROPE,NONE,FALSE
2842,Ronald Brown,rstewart@example.net,JAPAN,ASIA,NONE,FALSE
2843,Marcia Brown,lisa79@example.com,SWEDEN,EUROPE,GOLD,FALSE
2844,Andrea Moody,ucrawford@example.org,SPAIN,EUROPE,NONE,TRUE
2845,Angela Cardenas,cameronkaitlyn@example.com,AUSTRALIA,APAC,NONE,FALSE
2846,Heather Brown,jmorrison@example.net,JAPAN,ASIA,NONE,TRUE
2847,Jordan Franklin,jjackson@example.org,JAPAN,ASIA,SILVER,TRUE
2848,Krista Ramos,aliciacallahan@example.org,GERMANY,EUROPE,NONE,TRUE
2849,Jennifer Hernandez,lmaldonado@example.org,UNITED STATES,AMERICA,NONE,TRUE
2850,Rachel Morrison,joanna88@example.org,UNITED STATES,AMERICA,GREEN,TRUE
2851,Keith Mccormick,yboone@example.org,UNITED STATES,AMERICA,NONE,TRUE
2852,Brandi Stokes,zsmith@example.com,GERMANY,EUROPE,GREEN,FALSE
2853,Sarah Carlson,williamsbrenda@example.org,UNITED STATES,AMERICA,GREEN,FALSE
2854,Mr. Justin Hughes,jeffreywhitehead@example.net,AUSTRALIA,APAC,NONE,TRUE
2855,Sarah Stanley,pmorse@example.net,UNITED STATES,AMERICA,NONE,TRUE
2856,Jason Murphy,yatkins@example.net,UNITED STATES,AMERICA,NONE,TRUE
2857,Whitney Lee,hannah07@example.com,UNITED KINGDOM,EUROPE,NONE,TRUE
2858,Brian Jackson,craigmurphy@example.net,AUSTRALIA,APAC,NONE,TRUE
2859,Ryan Flores,howarddawn@example.net,UNITED STATES,AMERICA,NONE,FALSE
2860,Larry Wiley,zacharypage@example.com,GERMANY,EUROPE,NONE,TRUE
2861,Eric Holden,danieljones@example.org,SPAIN,EUROPE,GREEN,FALSE
2862,John Williams,goodwinsharon@example.net,FRANCE,EUROPE,SILVER,FALSE
2863,Sarah Gonzalez,owilson@example.com,GERMANY,EUROPE,GREEN,FALSE
2864,Paula Guzman,aguilarsamuel@example.com,UNITED STATES,AMERICA,SILVER,FALSE
2865,Kimberly Russo,jessebeltran@example.net,FRANCE,EUROPE,GREEN,FALSE
2866,Jeffery Carter,kcherry@example.com,AUSTRALIA,APAC,NONE,FALSE
2867,Philip Hall,bswanson@example.com,JAPAN,ASIA,NONE,TRUE
2868,Andrea Robinson,christiecastillo@example.com,NETHERLANDS,EUROPE,NONE,FALSE
2869,Christine Wilson,tdiaz@example.org,GERMANY,EUROPE,GREEN,FALSE
2870,Michele Thomas,ghall@example.com,AUSTRALIA,APAC,GREEN,TRUE
2871,Patricia Clark,taylormaria@example.com,UNITED STATES,AMERICA,NONE,TRUE
2872,Tammy Stanley,wendyperez@example.org,GERMANY,EUROPE,SILVER,TRUE
2873,James Haney,casey54@example.net,CANADA,AMERICA,GREEN,TRUE
2874,Jeffrey Price,tlozano@example.com,GERMANY,EUROPE,NONE,FALSE
2875,Sarah Fletcher,hthompson@example.com,FRANCE,EUROPE,NONE,FALSE
2876,Laura Gardner,dorseytony@example.net,UNITED STATES,AMERICA,NONE,FALSE
2877,Tanya Wilson,ramosmatthew@example.org,AUSTRALIA,APAC,GREEN,FALSE
2878,Angela Beck,ecunningham@example.net,UNITED STATES,AMERICA,GREEN,TRUE
2879,Donna Murillo,kristinevans@example.com,UNITED KINGDOM,EUROPE,NONE,TRUE
2880,Jasmine Preston,lisa37@example.com,UNITED KINGDOM,EUROPE,NONE,TRUE
2881,Noah Anderson,amandaroberts@example.net,UNITED STATES,AMERICA,NONE,FALSE
2882,Tricia Townsend MD,rogerfarrell@example.com,UNITED STATES,AMERICA,NONE,TRUE
2883,Nicole Andrews,lmann@example.org,UNITED STATES,AMERICA,GREEN,FALSE
2884,Chelsea Bennett,vmartinez@example.com,CANADA,AMERICA,GREEN,TRUE
2885,Jennifer Cisneros MD,julie34@example.org,UNITED STATES,AMERICA,NONE,FALSE
2886,Tammy Taylor,dennishale@example.org,NETHERLANDS,EUROPE,GREEN,TRUE
2887,Kevin Williams,jessicastanton@example.net,SWEDEN,EUROPE,NONE,FALSE
2888,Jason Howard,davismichelle@example.net,GERMANY,EUROPE,NONE,TRUE
2889,Chase Torres,smartinez@example.org,SPAIN,EUROPE,GREEN,FALSE
2890,Christine Frank,bryan46@example.com,JAPAN,ASIA,GREEN,FALSE
2891,Eric Oneill,hli@example.net,SPAIN,EUROPE,SILVER,TRUE
2892,John Anderson,carlrichards@example.com,UNITED STATES,AMERICA,GREEN,TRUE
2893,Maria English,michael22@example.com,UNITED KINGDOM,EUROPE,GREEN,TRUE
2894,Jaime Gilmore,evansbrady@example.org,SPAIN,EUROPE,SILVER,TRUE
2895,Tracy Calhoun,aaron25@example.com,UNITED STATES,AMERICA,GREEN,FALSE
2896,Nathan Clark,kimberly48@example.com,UNITED STATES,AMERICA,NONE,FALSE
2897,Mr. Thomas Perez,turnerkari@example.org,SWEDEN,EUROPE,GREEN,TRUE
2898,Timothy Hill,brookstimothy@example.net,UNITED STATES,AMERICA,GOLD,TRUE
2899,Brittany Davis,heather97@example.net,GERMANY,EUROPE,NONE,FALSE
2900,Leah Stewart,andersonhaley@example.com,GERMANY,EUROPE,GREEN,TRUE
2901,Frank Sanchez,bcurtis@example.org,UNITED STATES,AMERICA,GOLD,FALSE
2902,Amber Rice,wayne01@example.net,GERMANY,EUROPE,NONE,TRUE
2903,Karen Sanchez,jamie15@example.org,CANADA,AMERICA,GREEN,TRUE
2904,Danielle Hamilton,gjackson@example.org,CANADA,AMERICA,NONE,FALSE
2905,Mr. Joshua Davis,umccoy@example.com,NETHERLANDS,EUROPE,GREEN,FALSE
2906,Gary Gibson,russellamy@example.org,GERMANY,EUROPE,GREEN,FALSE
2907,Jeffrey Lane,johnstokes@example.org,UNITED STATES,AMERICA,SILVER,TRUE
2908,Dennis Mann,alexanderjohnson@example.org,SWEDEN,EUROPE,NONE,TRUE
2909,Cody Shaw,tiffany50@example.net,FRANCE,EUROPE,GREEN,FALSE
2910,Ronald Jackson,daviskristina@example.org,UNITED STATES,AMERICA,GREEN,TRUE
2911,John Garcia,scottjoanna@example.net,UNITED STATES,AMERICA,NONE,FALSE
2912,Brandon Heath,norozco@example.net,NETHERLANDS,EUROPE,GREEN,FALSE
2913,Betty Farrell,benjamin53@example.net,UNITED KINGDOM,EUROPE,NONE,TRUE
2914,Maurice Williams,btaylor@example.org,UNITED KINGDOM,EUROPE,NONE,FALSE
2915,Nancy Todd,wilsonjared@example.net,UNITED STATES,AMERICA,GREEN,FALSE
2916,Danny Garcia,darlenecox@example.net,GERMANY,EUROPE,NONE,FALSE
2917,William Hogan,johnharper@example.com,GERMANY,EUROPE,SILVER,TRUE
2918,Jennifer Campbell,jaylopez@example.com,UNITED KINGDOM,EUROPE,NONE,FALSE
2919,Robert Lynch,lmcguire@example.com,AUSTRALIA,APAC,NONE,TRUE
2920,Jessica Lee,julieblair@example.net,UNITED KINGDOM,EUROPE,GREEN,TRUE
2921,Danielle Christensen,pweber@example.com,UNITED STATES,AMERICA,NONE,TRUE
2922,Krista Weber,christygreer@example.com,FRANCE,EUROPE,NONE,TRUE
2923,Raymond Cook,wendyholden@example.com,UNITED KINGDOM,EUROPE,NONE,TRUE
2924,Gary Boone,tony62@example.com,FRANCE,EUROPE,NONE,FALSE
2925,Shelia Dixon,gbutler@example.com,UNITED STATES,AMERICA,NONE,TRUE
2926,Willie Robinson,ssweeney@example.com,JAPAN,ASIA,NONE,FALSE
2927,Shawn Waters,sandra66@example.net,UNITED STATES,AMERICA,SILVER,FALSE
2928,David Clark,omartinez@example.net,NETHERLANDS,EUROPE,NONE,TRUE
2929,Gina Wright,james67@example.net,UNITED KINGDOM,EUROPE,NONE,FALSE
2930,Brian Wells,danielleboyer@example.net,FRANCE,EUROPE,NONE,TRUE
2931,Tiffany Mcgee,mariolewis@example.net,CANADA,AMERICA,NONE,FALSE
2932,Joshua Porter,ksanchez@example.org,UNITED KINGDOM,EUROPE,SILVER,FALSE
2933,Brian Cross,kennethruiz@example.net,GERMANY,EUROPE,GREEN,FALSE
2934,Lee Preston,perrymichael@example.org,FRANCE,EUROPE,NONE,FALSE
2935,Kathryn Garcia,heatherdavis@example.org,FRANCE,EUROPE,NONE,TRUE
2936,Robert Wells,sbrown@example.org,AUSTRALIA,APAC,NONE,TRUE
2937,Patricia Hahn,amanda67@example.net,UNITED STATES,AMERICA,NONE,TRUE
2938,Alicia Kemp,kdennis@example.org,NETHERLANDS,EUROPE,NONE,FALSE
2939,William Werner,lbowers@example.com,GERMANY,EUROPE,NONE,FALSE
2940,Jessica White,mary92@example.com,UNITED KINGDOM,EUROPE,GREEN,FALSE
2941,Elizabeth Christensen,sallylee@example.org,FRANCE,EUROPE,GREEN,TRUE
2942,Paul Richards,alexander69@example.com,UNITED STATES,AMERICA,SILVER,TRUE
2943,Mary Holder,whiterobert@example.com,UNITED STATES,AMERICA,GREEN,TRUE
2944,Latoya Davis,rhayes@example.org,GERMANY,EUROPE,SILVER,TRUE
2945,Stephen Walker,jeffrey10@example.org,UNITED KINGDOM,EUROPE,NONE,TRUE
2946,Ashley Bell,wilsonkimberly@example.org,UNITED KINGDOM,EUROPE,NONE,TRUE
2947,Denise Richards,leejesse@example.com,GERMANY,EUROPE,NONE,TRUE
2948,Thomas Barnes,ndouglas@example.net,GERMANY,EUROPE,GREEN,TRUE
2949,Robert Campbell,christopher01@example.com,UNITED KINGDOM,EUROPE,GREEN,TRUE
2950,Daniel Jones III,garciaalex@example.com,JAPAN,ASIA,NONE,FALSE
2951,Michelle Alvarado,ingrambrandon@example.com,UNITED KINGDOM,EUROPE,NONE,TRUE
2952,Tammy English,hernandezanna@example.com,UNITED STATES,AMERICA,NONE,TRUE
2953,Tammy Powell,adkinscharles@example.net,AUSTRALIA,APAC,GOLD,FALSE
2954,Danielle Thomas,jonathanwoodard@example.com,FRANCE,EUROPE,SILVER,TRUE
2955,Dean Moore,clarkjames@example.com,AUSTRALIA,APAC,GOLD,TRUE
2956,John Joyce,tuckersheila@example.net,AUSTRALIA,APAC,GREEN,TRUE
2957,Thomas Reyes,nguyentimothy@example.net,UNITED STATES,AMERICA,NONE,FALSE
2958,Rachel Wilson,kirstendavis@example.net,AUSTRALIA,APAC,NONE,TRUE
2959,Ryan Smith,kevinmarshall@example.org,UNITED KINGDOM,EUROPE,NONE,TRUE
2960,Timothy Peters,robertsdavid@example.net,AUSTRALIA,APAC,GOLD,FALSE
2961,Mark Stewart,epeck@example.net,UNITED KINGDOM,EUROPE,GREEN,FALSE
2962,Jeffrey Sweeney,travis46@example.org,UNITED STATES,AMERICA,NONE,FALSE
2963,Cynthia Kramer,johnsondana@example.com,UNITED KINGDOM,EUROPE,NONE,TRUE
2964,Ashley Odom,pattonyolanda@example.org,AUSTRALIA,APAC,NONE,TRUE
2965,Christian Bailey,jonesjohn@example.com,UNITED STATES,AMERICA,NONE,FALSE
2966,Anthony Carlson,lchurch@example.com,JAPAN,ASIA,NONE,TRUE
2967,Joshua Olsen,gary52@example.net,GERMANY,EUROPE,NONE,TRUE
2968,Eric Jones Jr.,justin17@example.net,UNITED STATES,AMERICA,NONE,FALSE
2969,Michele Hill,ronald94@example.net,NETHERLANDS,EUROPE,SILVER,FALSE
2970,Tiffany Walker,johnsondaniel@example.net,UNITED STATES,AMERICA,GREEN,FALSE
2971,Gina Hayes,xclark@example.net,UNITED STATES,AMERICA,NONE,FALSE
2972,Charles Mooney,flittle@example.com,JAPAN,ASIA,NONE,TRUE
2973,Jared Hodges,richard04@example.com,AUSTRALIA,APAC,SILVER,TRUE
2974,Karen Alvarado,carteryolanda@example.com,UNITED STATES,AMERICA,NONE,FALSE
2975,Daniel Hatfield,ahicks@example.org,UNITED STATES,AMERICA,NONE,FALSE
2976,Richard Hunt,mcdowelladam@example.net,SWEDEN,EUROPE,NONE,FALSE
2977,Mrs. Kimberly Brown,vanessa17@example.org,NETHERLANDS,EUROPE,GREEN,FALSE
2978,Aimee Russell,walterrodriguez@example.com,UNITED STATES,AMERICA,NONE,FALSE
2979,Mary Taylor,andreawhite@example.net,FRANCE,EUROPE,GOLD,FALSE
2980,Adam Ramirez,michelle83@example.com,NETHERLANDS,EUROPE,SILVER,FALSE
2981,Ms. Elizabeth Smith MD,shaun13@example.com,GERMANY,EUROPE,NONE,FALSE
2982,Ashley Wilson,michaeljohnson@example.com,UNITED KINGDOM,EUROPE,GOLD,TRUE
2983,Walter Acevedo,fredday@example.net,FRANCE,EUROPE,NONE,FALSE
2984,Roger Moody,oroberts@example.net,NETHERLANDS,EUROPE,NONE,TRUE
2985,Heather Burns,georgesteven@example.org,CANADA,AMERICA,SILVER,TRUE
2986,Timothy Smith,johnsonkevin@example.net,UNITED STATES,AMERICA,NONE,TRUE
2987,Sean Harding,kevinaustin@example.org,UNITED STATES,AMERICA,SILVER,FALSE
2988,Kayla Escobar,keith86@example.com,SWEDEN,EUROPE,NONE,FALSE
2989,Stephen Anderson,thompsondarlene@example.net,NETHERLANDS,EUROPE,SILVER,FALSE
2990,Lisa Johnson,katelynjimenez@example.net,UNITED STATES,AMERICA,NONE,TRUE
2991,Tracy Nunez,stevenrichards@example.org,UNITED STATES,AMERICA,NONE,TRUE
2992,Anne Holloway,pking@example.net,FRANCE,EUROPE,GREEN,TRUE
2993,Kenneth Flores,angela57@example.com,NETHERLANDS,EUROPE,NONE,TRUE
2994,Elizabeth Tate,jacob06@example.net,UNITED STATES,AMERICA,NONE,FALSE
2995,Lacey Williams,michael28@example.net,UNITED STATES,AMERICA,GREEN,FALSE
2996,Jessica Bennett,pricerobert@example.org,JAPAN,ASIA,NONE,TRUE
2997,Peter Watson,millerlucas@example.com,UNITED KINGDOM,EUROPE,SILVER,FALSE
2998,Timothy Barnes,evansrachel@example.org,GERMANY,EUROPE,NONE,FALSE
2999,Daniel Smith,james69@example.net,JAPAN,ASIA,NONE,FALSE
3000,Louis Sanders,kevin72@example.com,UNITED STATES,AMERICA,GREEN,TRUE
3001,Robin Schmidt,johntaylor@example.com,FRANCE,EUROPE,NONE,TRUE
3002,Eric Smith,hillshawn@example.org,CANADA,AMERICA,SILVER,FALSE
3003,Nathan Peterson,uburke@example.net,UNITED KINGDOM,EUROPE,GOLD,FALSE
3004,Jimmy Singleton,cruzmary@example.net,FRANCE,EUROPE,NONE,TRUE
3005,Alexis Ramirez,shannon33@example.org,AUSTRALIA,APAC,SILVER,FALSE
3006,Lisa Morgan,michael31@example.com,GERMANY,EUROPE,NONE,TRUE
3007,Tammy Taylor,rperez@example.org,GERMANY,EUROPE,NONE,TRUE
3008,Brenda Graham,rebeccavaughn@example.net,AUSTRALIA,APAC,GREEN,FALSE
3009,Christopher Washington,carolinecalderon@example.org,JAPAN,ASIA,NONE,TRUE
3010,Jason Weaver,rebeccahoward@example.org,UNITED KINGDOM,EUROPE,SILVER,TRUE
3011,Stephanie Reyes,thomasmooney@example.org,SWEDEN,EUROPE,NONE,FALSE
3012,William Weiss,maddoxdavid@example.org,GERMANY,EUROPE,NONE,FALSE
3013,Kathryn Turner,adrian20@example.com,GERMANY,EUROPE,GREEN,FALSE
3014,Kevin Rodriguez,dawnlewis@example.net,UNITED STATES,AMERICA,SILVER,TRUE
3015,Larry Miller,smithdebbie@example.org,UNITED STATES,AMERICA,SILVER,TRUE
3016,Maria Jordan,vthomas@example.com,UNITED STATES,AMERICA,NONE,TRUE
3017,Megan Graves,palmermiguel@example.net,GERMANY,EUROPE,GOLD,TRUE
3018,Nicholas Riley,jeremymitchell@example.com,JAPAN,ASIA,GREEN,TRUE
3019,Vanessa Taylor,christophercruz@example.net,AUSTRALIA,APAC,GREEN,TRUE
3020,Thomas Ferguson,mitchellnicholas@example.com,NETHERLANDS,EUROPE,GREEN,FALSE
3021,Sara Wallace,mendezsierra@example.com,JAPAN,ASIA,GREEN,TRUE
3022,Lucas Gaines,santiagoterri@example.com,NETHERLANDS,EUROPE,GREEN,TRUE
3023,Michelle Morgan,gregory76@example.org,FRANCE,EUROPE,NONE,FALSE
3024,Richard Moore,underwooddeborah@example.com,SWEDEN,EUROPE,NONE,TRUE
3025,Jennifer Jones,moorejohn@example.net,UNITED STATES,AMERICA,GREEN,FALSE
3026,John Payne,ojohnson@example.com,NETHERLANDS,EUROPE,SILVER,FALSE
3027,Christine Sanchez,jamestucker@example.net,NETHERLANDS,EUROPE,NONE,TRUE
3028,Christopher Melton,hcardenas@example.net,UNITED STATES,AMERICA,SILVER,TRUE
3029,Jose Gutierrez,smiller@example.org,FRANCE,EUROPE,GREEN,TRUE
3030,Cheryl Williams,shawnrogers@example.org,GERMANY,EUROPE,GREEN,FALSE
3031,Kimberly Velez,morganwarner@example.org,FRANCE,EUROPE,GREEN,TRUE
3032,David Cooper,njames@example.org,GERMANY,EUROPE,GOLD,TRUE
3033,Nicole Nichols,dakota83@example.net,UNITED STATES,AMERICA,NONE,TRUE
3034,Grant Jones DVM,samanthataylor@example.org,NETHERLANDS,EUROPE,GOLD,FALSE
3035,Donald Harrell,klara@example.net,UNITED STATES,AMERICA,GOLD,FALSE
3036,Edward Jordan,monicawood@example.org,UNITED STATES,AMERICA,NONE,FALSE
3037,Wyatt Stewart MD,tracydavenport@example.net,UNITED STATES,AMERICA,SILVER,FALSE
3038,Timothy Cruz,qmadden@example.net,UNITED KINGDOM,EUROPE,NONE,TRUE
3039,Edward Simmons,joshuapham@example.com,NETHERLANDS,EUROPE,SILVER,FALSE
3040,Sandra Smith,ugarrett@example.org,CANADA,AMERICA,NONE,FALSE
3041,Lauren Arellano,imurphy@example.com,CANADA,AMERICA,NONE,TRUE
3042,Brenda Chambers,wcannon@example.com,GERMANY,EUROPE,NONE,TRUE
3043,Michelle White,jodipark@example.net,UNITED STATES,AMERICA,SILVER,TRUE
3044,Richard Scott,michelle12@example.net,FRANCE,EUROPE,GREEN,FALSE
3045,Jeffrey Patton,rachel22@example.org,UNITED KINGDOM,EUROPE,NONE,TRUE
3046,Johnny Pierce,mitchellmichael@example.com,UNITED KINGDOM,EUROPE,NONE,TRUE
3047,Julie Wiley,darren84@example.net,FRANCE,EUROPE,SILVER,FALSE
3048,Judy Harris,claytonchavez@example.net,UNITED KINGDOM,EUROPE,GREEN,TRUE
3049,Terri Meza,jamesbrewer@example.org,FRANCE,EUROPE,NONE,TRUE
3050,Tammy Hale,levi67@example.com,JAPAN,ASIA,GOLD,TRUE
3051,Jill Foster,qmccoy@example.org,FRANCE,EUROPE,NONE,FALSE
3052,Rachel Morton,hgonzalez@example.org,UNITED KINGDOM,EUROPE,GREEN,FALSE
3053,Sophia Petersen MD,vancejennifer@example.net,NETHERLANDS,EUROPE,NONE,FALSE
3054,Thomas Martinez,kerri83@example.org,GERMANY,EUROPE,SILVER,FALSE
3055,Christy Sweeney DDS,yjohnson@example.net,GERMANY,EUROPE,NONE,TRUE
3056,William Fernandez,vjimenez@example.net,AUSTRALIA,APAC,NONE,TRUE
3057,Daniel Smith,danielle49@example.com,SPAIN,EUROPE,SILVER,TRUE
3058,Sherri Greene,hartmitchell@example.com,JAPAN,ASIA,NONE,FALSE
3059,Mike Williams,dustinhowell@example.org,UNITED STATES,AMERICA,NONE,FALSE
3060,Tara Brooks,jonesrachel@example.com,AUSTRALIA,APAC,NONE,FALSE
3061,John Cobb,fernandezbrandon@example.net,GERMANY,EUROPE,NONE,TRUE
3062,Laura Todd,mitchelldanielle@example.org,GERMANY,EUROPE,NONE,TRUE
3063,Dillon Brown,gcruz@example.com,UNITED KINGDOM,EUROPE,SILVER,TRUE
3064,Daniel Rivera,hilldebbie@example.com,UNITED STATES,AMERICA,SILVER,FALSE
3065,Francisco Wagner,bobbyfowler@example.org,UNITED KINGDOM,EUROPE,GREEN,TRUE
3066,Kelli Stewart,seth77@example.net,UNITED STATES,AMERICA,NONE,FALSE
3067,Brandon Ho,mooresteven@example.net,GERMANY,EUROPE,NONE,FALSE
3068,Steven Rose,timothygarcia@example.org,NETHERLANDS,EUROPE,GREEN,TRUE
3069,Jose Price,krodriguez@example.net,NETHERLANDS,EUROPE,GREEN,FALSE
3070,Ronald Gonzales,elizabethmoore@example.org,JAPAN,ASIA,NONE,TRUE
3071,Andrew Flores,cooktiffany@example.org,CANADA,AMERICA,GREEN,TRUE
3072,David Schneider,chapmanrobert@example.com,AUSTRALIA,APAC,GREEN,TRUE
3073,Kimberly Wright,vanessalane@example.net,UNITED STATES,AMERICA,GOLD,TRUE
3074,Katrina Campbell,jross@example.org,GERMANY,EUROPE,NONE,FALSE
3075,Ricardo Olson,jonesmark@example.com,NETHERLANDS,EUROPE,GOLD,FALSE
3076,Jessica Washington,adamgolden@example.org,UNITED KINGDOM,EUROPE,NONE,FALSE
3077,Richard Peterson,rachelmurray@example.com,AUSTRALIA,APAC,SILVER,TRUE
3078,Jessica Castro,jonathanjones@example.com,AUSTRALIA,APAC,NONE,TRUE
3079,Michelle Martin,nancywood@example.com,JAPAN,ASIA,GOLD,FALSE
3080,Walter Smith,ameyers@example.net,UNITED KINGDOM,EUROPE,GREEN,TRUE
3081,Tammy Martinez,fowlerkathy@example.org,UNITED KINGDOM,EUROPE,GOLD,TRUE
3082,Michelle Jackson,eleon@example.com,UNITED KINGDOM,EUROPE,GREEN,FALSE
3083,Tiffany Wilson,donald27@example.net,AUSTRALIA,APAC,NONE,TRUE
3084,Jean Smith,smithrebecca@example.org,UNITED KINGDOM,EUROPE,GREEN,TRUE
3085,Ronald Moran,donald44@example.com,FRANCE,EUROPE,GREEN,TRUE
3086,Michael Williams,sallison@example.net,FRANCE,EUROPE,NONE,TRUE
3087,John Todd,rmichael@example.net,CANADA,AMERICA,NONE,TRUE
3088,Karen Bennett,zbailey@example.com,NETHERLANDS,EUROPE,NONE,FALSE
3089,Jennifer Williams,pwarren@example.org,UNITED STATES,AMERICA,GREEN,FALSE
3090,Derek Smith,edwin42@example.net,FRANCE,EUROPE,GREEN,TRUE
3091,Micheal Gonzalez,sweber@example.org,UNITED KINGDOM,EUROPE,NONE,FALSE
3092,Brandon Jones,john90@example.com,GERMANY,EUROPE,NONE,FALSE
3093,Michael Mendoza,robertfarmer@example.com,UNITED STATES,AMERICA,NONE,FALSE
3094,Martin Wilson DVM,benjamin10@example.org,UNITED STATES,AMERICA,SILVER,TRUE
3095,Ronald Hernandez,johnsonantonio@example.com,UNITED STATES,AMERICA,GOLD,FALSE
3096,Kenneth Clark,megan59@example.com,GERMANY,EUROPE,NONE,TRUE
3097,Tamara Harris,keith83@example.com,GERMANY,EUROPE,GREEN,TRUE
3098,Brandon Lopez IV,fkennedy@example.com,NETHERLANDS,EUROPE,GREEN,TRUE
3099,Wesley Page,ymercer@example.com,UNITED STATES,AMERICA,GREEN,FALSE
3100,Cynthia Moore,christophercooley@example.com,UNITED KINGDOM,EUROPE,GREEN,TRUE
3101,Ruth Russell,dustin82@example.com,SWEDEN,EUROPE,SILVER,TRUE
3102,Gary Garrison,vanessajimenez@example.org,GERMANY,EUROPE,NONE,TRUE
3103,Andrew Johnson,andrewmyers@example.org,UNITED KINGDOM,EUROPE,NONE,FALSE
3104,Melvin Bennett,floresbridget@example.net,SPAIN,EUROPE,GOLD,FALSE
3105,Diana Holloway,zrich@example.net,GERMANY,EUROPE,NONE,FALSE
3106,Anthony Newman,vanessaflores@example.com,GERMANY,EUROPE,NONE,FALSE
3107,Susan James,lisadavis@example.org,JAPAN,ASIA,GREEN,FALSE
3108,Andrew Williams,cameronramos@example.org,NETHERLANDS,EUROPE,SILVER,FALSE
3109,Rhonda Collins,thompsondawn@example.org,CANADA,AMERICA,NONE,TRUE
3110,Trevor Brown,colleenwilliams@example.net,GERMANY,EUROPE,GREEN,TRUE
3111,Thomas Mccarthy,fbutler@example.org,SWEDEN,EUROPE,NONE,FALSE
3112,Jennifer Ferguson,huntlisa@example.org,SWEDEN,EUROPE,NONE,FALSE
3113,Miss Jessica Jones,kimberly47@example.org,AUSTRALIA,APAC,GREEN,TRUE
3114,Susan Robinson,johnsonmichael@example.net,GERMANY,EUROPE,GREEN,FALSE
3115,Megan Harmon,atkinsryan@example.org,UNITED STATES,AMERICA,NONE,FALSE
3116,Lisa Roberts,codyrichards@example.org,AUSTRALIA,APAC,NONE,FALSE
3117,Brenda Henderson,thomasrussell@example.com,NETHERLANDS,EUROPE,NONE,FALSE
3118,Nina Garcia,ssimmons@example.org,NETHERLANDS,EUROPE,NONE,FALSE
3119,Karen Kane,dominiquedaniels@example.org,NETHERLANDS,EUROPE,GOLD,TRUE
3120,David Gardner,angel62@example.com,AUSTRALIA,APAC,NONE,TRUE
3121,Carolyn Moore,creynolds@example.net,UNITED STATES,AMERICA,SILVER,TRUE
3122,Kayla Hudson,sethsanders@example.com,UNITED KINGDOM,EUROPE,NONE,FALSE
3123,Erika Lopez DVM,fordbeverly@example.org,UNITED STATES,AMERICA,NONE,TRUE
3124,Krystal Rodriguez,matthew77@example.com,FRANCE,EUROPE,NONE,FALSE
3125,Frank Morrison,bjames@example.net,UNITED STATES,AMERICA,NONE,TRUE
3126,Susan Wood,stewartsandra@example.net,UNITED STATES,AMERICA,GREEN,FALSE
3127,Donna Mejia,mcclainkimberly@example.com,UNITED STATES,AMERICA,GREEN,TRUE
3128,Mr. Kenneth Ashley,brittanyrush@example.com,AUSTRALIA,APAC,SILVER,TRUE
3129,Heather Davis,hmiller@example.com,UNITED STATES,AMERICA,NONE,TRUE
3130,Amanda Marks,kim09@example.org,UNITED KINGDOM,EUROPE,NONE,TRUE
3131,Kristopher Little,fhoffman@example.com,UNITED KINGDOM,EUROPE,SILVER,TRUE
3132,Wendy Sims,schroederbrittany@example.org,JAPAN,ASIA,GREEN,FALSE
3133,Nicholas Hernandez,brownwilliam@example.net,FRANCE,EUROPE,GREEN,TRUE
3134,Donald Duncan,moralesdawn@example.com,UNITED STATES,AMERICA,NONE,FALSE
3135,Christopher Perez,rickyclark@example.org,UNITED STATES,AMERICA,NONE,TRUE
3136,Alexis Jackson,smithstephanie@example.net,NETHERLANDS,EUROPE,GREEN,FALSE
3137,Todd Burnett,rebeccacurtis@example.com,UNITED STATES,AMERICA,SILVER,TRUE
3138,Michael Andrews,john40@example.net,FRANCE,EUROPE,NONE,TRUE
3139,Kathleen Casey,romankathryn@example.com,GERMANY,EUROPE,NONE,TRUE
3140,Matthew Harper,fgregory@example.com,SWEDEN,EUROPE,NONE,FALSE
3141,James Leach,michaeltorres@example.com,UNITED KINGDOM,EUROPE,NONE,TRUE
3142,Gary Jones,jrios@example.net,GERMANY,EUROPE,GREEN,FALSE
3143,Jennifer Pennington,elizabethbrennan@example.net,AUSTRALIA,APAC,SILVER,FALSE
3144,Edward Figueroa,donnamcintosh@example.net,UNITED STATES,AMERICA,SILVER,FALSE
3145,Jessica Moore,ncollier@example.com,UNITED KINGDOM,EUROPE,NONE,FALSE
3146,Sandra Holmes,ericvalencia@example.com,AUSTRALIA,APAC,NONE,TRUE
3147,Joseph Smith,john69@example.net,UNITED STATES,AMERICA,SILVER,FALSE
3148,Ronald King,monicadaniel@example.net,FRANCE,EUROPE,NONE,TRUE
3149,Sharon Johnson,hineskrystal@example.com,GERMANY,EUROPE,GREEN,FALSE
3150,Heather Le,amandamorales@example.org,UNITED STATES,AMERICA,SILVER,FALSE
3151,Alejandra Ellis,gerald93@example.net,UNITED STATES,AMERICA,GREEN,TRUE
3152,John Perez,lmeadows@example.com,SPAIN,EUROPE,NONE,FALSE
3153,Richard Reed,allensara@example.org,UNITED KINGDOM,EUROPE,GOLD,FALSE
3154,George Haney,gomezerica@example.net,AUSTRALIA,APAC,SILVER,TRUE
3155,Abigail Riddle,barrettsusan@example.org,NETHERLANDS,EUROPE,NONE,FALSE
3156,Greg Dyer,reginacarlson@example.net,UNITED KINGDOM,EUROPE,GREEN,FALSE
3157,Melinda Holloway,woliver@example.com,UNITED STATES,AMERICA,SILVER,TRUE
3158,Robert Hardy,rodriguezjohn@example.com,UNITED STATES,AMERICA,NONE,TRUE
3159,Denise Melton,dhoward@example.com,AUSTRALIA,APAC,GREEN,FALSE
3160,Jeffrey Lowe,lindacooper@example.net,FRANCE,EUROPE,NONE,FALSE
3161,Jack Walker,angelarhodes@example.com,JAPAN,ASIA,NONE,FALSE
3162,Troy Green,zdavila@example.net,UNITED STATES,AMERICA,NONE,FALSE
3163,Lori Richards,clayton74@example.com,UNITED STATES,AMERICA,GREEN,FALSE
3164,Emily Sutton,whale@example.com,GERMANY,EUROPE,NONE,FALSE
3165,Cody Bruce,pbryant@example.com,NETHERLANDS,EUROPE,GREEN,TRUE
3166,Brandon Bridges,contrerasmaria@example.com,GERMANY,EUROPE,NONE,TRUE
3167,Michelle Farmer,kathleenscott@example.org,UNITED STATES,AMERICA,NONE,FALSE
3168,Jeff Palmer,dixonkristen@example.com,UNITED STATES,AMERICA,SILVER,FALSE
3169,Adrian Howell,colemanjim@example.net,GERMANY,EUROPE,NONE,TRUE
3170,Cynthia Tyler,sandraharper@example.org,GERMANY,EUROPE,NONE,FALSE
3171,Johnny Brown,antonio59@example.net,SWEDEN,EUROPE,NONE,TRUE
3172,Tabitha Martinez,ralexander@example.org,GERMANY,EUROPE,NONE,TRUE
3173,Tiffany Lewis,mariaschmidt@example.net,UNITED KINGDOM,EUROPE,GOLD,FALSE
3174,Amanda Shaw,sandovaldebra@example.org,AUSTRALIA,APAC,GOLD,FALSE
3175,Lawrence Allen,michael28@example.org,UNITED KINGDOM,EUROPE,SILVER,TRUE
3176,Cynthia Sanchez,thomaswang@example.com,GERMANY,EUROPE,NONE,FALSE
3177,Cody Lynch,higginskelly@example.org,UNITED STATES,AMERICA,NONE,FALSE
3178,Lori Lee,boydjasmine@example.net,AUSTRALIA,APAC,GREEN,TRUE
3179,Jeffrey Gilbert,rosemiller@example.org,NETHERLANDS,EUROPE,GOLD,TRUE
3180,Savannah Beck,rwebb@example.net,CANADA,AMERICA,SILVER,FALSE
3181,Alan Thomas,frysharon@example.net,CANADA,AMERICA,GREEN,TRUE
3182,Steven Choi,browningjason@example.org,UNITED KINGDOM,EUROPE,SILVER,FALSE
3183,Sarah Thomas,manningjessica@example.com,GERMANY,EUROPE,NONE,FALSE
3184,Luke Moore,randyyoder@example.com,UNITED STATES,AMERICA,NONE,FALSE
3185,Michael Graham,bwilson@example.com,UNITED KINGDOM,EUROPE,GREEN,TRUE
3186,Jose Hayes,ramoskelly@example.net,NETHERLANDS,EUROPE,NONE,TRUE
3187,Sara Miller,brianhill@example.org,UNITED KINGDOM,EUROPE,NONE,FALSE
3188,William Smith,hnewton@example.org,UNITED KINGDOM,EUROPE,GREEN,TRUE
3189,Kristen Johnson,juliecollins@example.com,GERMANY,EUROPE,GREEN,TRUE
3190,Carolyn Stewart,zchavez@example.org,FRANCE,EUROPE,GREEN,TRUE
3191,Richard Nelson,joshuacohen@example.com,FRANCE,EUROPE,SILVER,FALSE
3192,Elizabeth Jones,johncoleman@example.net,FRANCE,EUROPE,GREEN,TRUE
3193,Bernard Sanchez,seanjones@example.com,NETHERLANDS,EUROPE,GOLD,TRUE
3194,David Brooks,gardnererik@example.org,UNITED KINGDOM,EUROPE,NONE,TRUE
3195,Joseph Payne,laura20@example.net,GERMANY,EUROPE,GREEN,TRUE
3196,Melinda Jones,umills@example.net,FRANCE,EUROPE,GREEN,FALSE
3197,Jason Smith,wongjacqueline@example.org,NETHERLANDS,EUROPE,SILVER,TRUE
3198,Lindsay Owens,deborah67@example.org,NETHERLANDS,EUROPE,GOLD,TRUE
3199,Alexander Anderson,holly10@example.com,UNITED STATES,AMERICA,NONE,TRUE
3200,Joyce Hamilton,ann08@example.net,FRANCE,EUROPE,NONE,FALSE
3201,Christopher Ellis,christopher19@example.org,AUSTRALIA,APAC,GREEN,TRUE
3202,Rebecca Torres,sarah69@example.com,GERMANY,EUROPE,SILVER,FALSE
3203,James Morgan,greeneshawn@example.com,JAPAN,ASIA,NONE,FALSE
3204,Jeffrey Navarro,wattsemma@example.net,UNITED KINGDOM,EUROPE,NONE,TRUE
3205,Charles Coleman,richard26@example.com,UNITED STATES,AMERICA,SILVER,TRUE
3206,Jessica Robinson,watsontroy@example.com,AUSTRALIA,APAC,NONE,FALSE
3207,Joshua Christian,cburgess@example.org,UNITED STATES,AMERICA,GOLD,FALSE
3208,Claudia Rios,elizabeth14@example.com,JAPAN,ASIA,SILVER,FALSE
3209,Stacey Thompson,nharris@example.org,UNITED STATES,AMERICA,SILVER,TRUE
3210,Michael Jones,gbutler@example.net,UNITED STATES,AMERICA,GREEN,TRUE
3211,Mark Garcia,kennethperez@example.net,UNITED STATES,AMERICA,NONE,TRUE
3212,Joseph Fisher,bgreen@example.com,UNITED STATES,AMERICA,GOLD,FALSE
3213,James Davila,ewatkins@example.org,CANADA,AMERICA,NONE,TRUE
3214,Juan Chan,aaronramirez@example.org,GERMANY,EUROPE,SILVER,TRUE
3215,Mr. Martin Morales,hannahmiller@example.com,CANADA,AMERICA,GREEN,TRUE
3216,Catherine Crane,stanleygary@example.org,SPAIN,EUROPE,NONE,TRUE
3217,Kyle Ramirez,velezbrendan@example.net,JAPAN,ASIA,NONE,TRUE
3218,Brianna Davis,gjackson@example.org,SWEDEN,EUROPE,GREEN,FALSE
3219,Caleb Lee,herrerasean@example.net,UNITED STATES,AMERICA,GREEN,TRUE
3220,Theresa Pearson,ccook@example.net,AUSTRALIA,APAC,NONE,TRUE
3221,Rachel Acosta,marissa74@example.net,FRANCE,EUROPE,GREEN,TRUE
3222,Lori Brown,sarahtaylor@example.com,UNITED STATES,AMERICA,NONE,TRUE
3223,Douglas Nash,vanessa58@example.net,CANADA,AMERICA,NONE,TRUE
3224,Manuel Alvarado,reynoldstravis@example.net,UNITED STATES,AMERICA,GOLD,TRUE
3225,Sarah Grimes,richard31@example.com,GERMANY,EUROPE,NONE,FALSE
3226,Brandon Carlson,marissa72@example.net,GERMANY,EUROPE,SILVER,FALSE
3227,Jennifer Barnes,chelsea37@example.net,UNITED STATES,AMERICA,NONE,TRUE
3228,Ann Combs,alicianorris@example.net,GERMANY,EUROPE,NONE,FALSE
3229,Stacy Brown,heidiwilson@example.org,UNITED STATES,AMERICA,NONE,TRUE
3230,Alexandria Jones,ybailey@example.net,UNITED STATES,AMERICA,NONE,FALSE
3231,Ashley Walker,robertmartinez@example.org,UNITED STATES,AMERICA,SILVER,FALSE
3232,Louis Rose,beth04@example.net,UNITED STATES,AMERICA,NONE,TRUE
3233,Amy Alvarez,carolynbrady@example.com,GERMANY,EUROPE,GREEN,TRUE
3234,Faith Walker,pmckee@example.net,UNITED STATES,AMERICA,GREEN,FALSE
3235,Laurie Blake,hernandezmelissa@example.net,SWEDEN,EUROPE,SILVER,TRUE
3236,Mark Thomas,kimberly51@example.com,UNITED KINGDOM,EUROPE,GREEN,TRUE
3237,Andrea Greene,marcusgilmore@example.org,NETHERLANDS,EUROPE,GREEN,FALSE
3238,Sarah Leach,marilyn62@example.org,CANADA,AMERICA,GREEN,FALSE
3239,Wendy Mann,hshepherd@example.net,AUSTRALIA,APAC,SILVER,TRUE
3240,Cynthia George,jonathan38@example.com,UNITED KINGDOM,EUROPE,NONE,FALSE
3241,Brandon Price,morrisonalan@example.com,CANADA,AMERICA,SILVER,TRUE
3242,Kelly Doyle,curtisroy@example.net,JAPAN,ASIA,GREEN,TRUE
3243,Stephen Riley,rtaylor@example.net,FRANCE,EUROPE,GOLD,TRUE
3244,William Carr,jacquelinemurray@example.net,NETHERLANDS,EUROPE,NONE,TRUE
3245,Chelsea Curtis,barneswilliam@example.org,GERMANY,EUROPE,NONE,TRUE
3246,Cindy Howell,sarahchavez@example.com,UNITED STATES,AMERICA,GOLD,FALSE
3247,Barbara Sandoval,theresa24@example.org,UNITED STATES,AMERICA,GOLD,TRUE
3248,Maria Moss,clifford98@example.net,FRANCE,EUROPE,NONE,FALSE
3249,Robert Jenkins,jackyoung@example.com,UNITED STATES,AMERICA,GREEN,TRUE
3250,Adrian Snow,bankskyle@example.com,AUSTRALIA,APAC,NONE,TRUE
3251,Philip Tran,eric02@example.net,UNITED STATES,AMERICA,GREEN,FALSE
3252,Robert Molina,wolfekyle@example.com,UNITED STATES,AMERICA,NONE,TRUE
3253,Steven Davis,vsandoval@example.com,JAPAN,ASIA,NONE,TRUE
3254,Aimee Lang MD,troy39@example.net,GERMANY,EUROPE,GREEN,TRUE
3255,Ana Lee,floresmariah@example.org,SWEDEN,EUROPE,NONE,TRUE
3256,Frederick Davis,romeromakayla@example.com,NETHERLANDS,EUROPE,SILVER,TRUE
3257,Mary Underwood,johnsonjames@example.com,GERMANY,EUROPE,NONE,FALSE
3258,Derek Curry,austinfrye@example.org,AUSTRALIA,APAC,NONE,TRUE
3259,Dr. Jeffrey Beck,xgreene@example.org,FRANCE,EUROPE,NONE,TRUE
3260,Cynthia Medina,carrollchristopher@example.org,UNITED KINGDOM,EUROPE,NONE,TRUE
3261,Kimberly Webster,houstonlaura@example.com,CANADA,AMERICA,NONE,FALSE
3262,Matthew Trevino,aaron62@example.net,UNITED STATES,AMERICA,GOLD,TRUE
3263,Debra Lee,emily89@example.org,FRANCE,EUROPE,GOLD,TRUE
3264,Dawn Kennedy,crosbyjoan@example.com,CANADA,AMERICA,GREEN,FALSE
3265,Logan Dennis,xparsons@example.com,UNITED STATES,AMERICA,NONE,FALSE
3266,David Hoffman,iacevedo@example.net,UNITED STATES,AMERICA,NONE,FALSE
3267,Alex Adams,lori09@example.com,UNITED KINGDOM,EUROPE,NONE,FALSE
3268,Peter Hansen,chelsea70@example.org,GERMANY,EUROPE,GREEN,TRUE
3269,Renee Jacobs,ncampbell@example.com,UNITED STATES,AMERICA,NONE,TRUE
3270,Sara Ruiz,bradley71@example.net,GERMANY,EUROPE,NONE,TRUE
3271,Abigail Gill,joshua88@example.com,SWEDEN,EUROPE,NONE,FALSE
3272,Donald Mitchell,hestrada@example.com,UNITED STATES,AMERICA,NONE,TRUE
3273,Kevin Carr,stephen61@example.com,FRANCE,EUROPE,GOLD,TRUE
3274,Sarah Johnson,fsilva@example.com,UNITED STATES,AMERICA,SILVER,FALSE
3275,Susan Miller,laurengreen@example.net,UNITED STATES,AMERICA,NONE,FALSE
3276,Joan Rogers,acalderon@example.com,UNITED STATES,AMERICA,NONE,FALSE
3277,April Morgan,racevedo@example.org,AUSTRALIA,APAC,NONE,FALSE
3278,Matthew Green,jamesbenson@example.com,UNITED STATES,AMERICA,NONE,TRUE
3279,Margaret Graham,andrew45@example.org,UNITED STATES,AMERICA,GREEN,FALSE
3280,Rachael Ortiz,toddcollins@example.org,AUSTRALIA,APAC,NONE,TRUE
3281,Nicole Baker,laurahamilton@example.com,UNITED STATES,AMERICA,GREEN,FALSE
3282,Kimberly Jackson,laurie14@example.org,AUSTRALIA,APAC,GOLD,FALSE
3283,Erin Baird,ambersavage@example.com,SWEDEN,EUROPE,NONE,FALSE
3284,Christopher Bennett,willie16@example.org,CANADA,AMERICA,NONE,FALSE
3285,Donna Sanchez,dvillarreal@example.net,FRANCE,EUROPE,NONE,FALSE
3286,Frank Bell,cortezchristopher@example.org,SWEDEN,EUROPE,GREEN,TRUE
3287,Brenda Dunn,fburke@example.net,UNITED STATES,AMERICA,GOLD,FALSE
3288,April Carter,dylan77@example.com,UNITED STATES,AMERICA,GREEN,TRUE
3289,Olivia Williams,paulperry@example.org,NETHERLANDS,EUROPE,NONE,TRUE
3290,Nicole Lewis,erin39@example.com,AUSTRALIA,APAC,GREEN,FALSE
3291,Richard Gray,jessemedina@example.net,UNITED STATES,AMERICA,NONE,TRUE
3292,Christina Wood,tdavis@example.net,GERMANY,EUROPE,GOLD,TRUE
3293,Joan Robinson,blackwellkevin@example.com,SWEDEN,EUROPE,NONE,FALSE
3294,Stephen Thompson,yzamora@example.org,NETHERLANDS,EUROPE,NONE,FALSE
3295,Jill Edwards,hicksrachel@example.net,SWEDEN,EUROPE,GREEN,TRUE
3296,Lisa Cervantes,kristen59@example.com,GERMANY,EUROPE,SILVER,FALSE
3297,Marie Everett,devon53@example.com,UNITED STATES,AMERICA,GREEN,FALSE
3298,Rachel Humphrey,riverskristen@example.com,UNITED STATES,AMERICA,GREEN,TRUE
3299,Jason Alvarez,bakeredward@example.com,UNITED STATES,AMERICA,GREEN,FALSE
3300,Henry Parker,tbell@example.org,SWEDEN,EUROPE,SILVER,TRUE
3301,Paul Miranda,brianchapman@example.org,FRANCE,EUROPE,GREEN,FALSE
3302,Amber Rosales,hogannathan@example.com,UNITED STATES,AMERICA,NONE,FALSE
3303,Brittany Garner,matthew85@example.net,FRANCE,EUROPE,NONE,TRUE
3304,Holly Peterson,robinhancock@example.org,NETHERLANDS,EUROPE,NONE,TRUE
3305,Jessica Johnson,hensleybenjamin@example.com,GERMANY,EUROPE,GREEN,TRUE
3306,Zachary Doyle,brownjohn@example.com,FRANCE,EUROPE,SILVER,FALSE
3307,Nicole Ward,mmiller@example.net,UNITED KINGDOM,EUROPE,GREEN,FALSE
3308,Kathryn Vargas,fbass@example.org,FRANCE,EUROPE,NONE,FALSE
3309,Melanie Flores,kaitlynwest@example.com,UNITED STATES,AMERICA,GOLD,FALSE
3310,Billy Cross,fwest@example.net,AUSTRALIA,APAC,SILVER,FALSE
3311,Maria Dixon,ramirezsteven@example.net,FRANCE,EUROPE,NONE,TRUE
3312,Michael Garrison,jkelley@example.net,UNITED STATES,AMERICA,NONE,FALSE
3313,Natalie Joseph,richard99@example.com,UNITED STATES,AMERICA,GREEN,TRUE
3314,Martin Jones,jacquelineholt@example.org,NETHERLANDS,EUROPE,GOLD,TRUE
3315,Laura Lopez,bodonnell@example.com,UNITED KINGDOM,EUROPE,GREEN,TRUE
3316,John Allen,jthompson@example.org,JAPAN,ASIA,GREEN,TRUE
3317,Henry Robinson,patelnicholas@example.com,UNITED STATES,AMERICA,GREEN,FALSE
3318,Mr. David Arnold,kingjessica@example.net,JAPAN,ASIA,NONE,FALSE
3319,Dean Evans,maria03@example.com,SWEDEN,EUROPE,NONE,TRUE
3320,Diane Smith,sabrinaperez@example.net,JAPAN,ASIA,GOLD,TRUE
3321,Mr. Hunter Miller,fgutierrez@example.com,FRANCE,EUROPE,SILVER,FALSE
3322,Damon Montes,charles30@example.org,GERMANY,EUROPE,SILVER,FALSE
3323,James Adams,ibarton@example.org,UNITED KINGDOM,EUROPE,SILVER,TRUE
3324,Trevor Walls,dana17@example.net,FRANCE,EUROPE,GOLD,TRUE
3325,Hailey Dean,lambalexandra@example.net,GERMANY,EUROPE,SILVER,FALSE
3326,Rebecca Jones,teresaspencer@example.com,UNITED KINGDOM,EUROPE,SILVER,FALSE
3327,Robert Franco,bennettmichael@example.net,UNITED STATES,AMERICA,NONE,TRUE
3328,Joshua Dunlap,matthewslarry@example.net,JAPAN,ASIA,SILVER,TRUE
3329,Steven Cannon,haneysusan@example.org,FRANCE,EUROPE,NONE,FALSE
3330,Sharon Lopez,jadehendrix@example.org,UNITED STATES,AMERICA,NONE,TRUE
3331,Christopher Norris,audrey30@example.net,SWEDEN,EUROPE,GREEN,FALSE
3332,Ashley Brown,eric34@example.org,GERMANY,EUROPE,GOLD,FALSE
3333,Elizabeth Morales MD,cookdanielle@example.com,UNITED STATES,AMERICA,SILVER,FALSE
3334,Anthony Brown,benjaminbrown@example.com,UNITED STATES,AMERICA,GOLD,TRUE
3335,Jerry Patel,englishchristina@example.net,GERMANY,EUROPE,NONE,TRUE
3336,Louis Turner,luis66@example.org,SWEDEN,EUROPE,GREEN,FALSE
3337,Elizabeth Travis,david82@example.net,SPAIN,EUROPE,NONE,FALSE
3338,Brenda Mcmillan,matthew06@example.com,SPAIN,EUROPE,GOLD,FALSE
3339,Taylor Lowery,johnsonteresa@example.net,UNITED STATES,AMERICA,SILVER,TRUE
3340,Vickie James,smithpaula@example.net,CANADA,AMERICA,SILVER,FALSE
3341,Mallory Moore,dennis16@example.net,UNITED STATES,AMERICA,NONE,TRUE
3342,Roger Buckley,gloriachen@example.com,AUSTRALIA,APAC,SILVER,FALSE
3343,Mark Jackson,khouston@example.com,GERMANY,EUROPE,GREEN,TRUE
3344,Amanda Lee,tyler10@example.org,UNITED STATES,AMERICA,SILVER,TRUE
3345,David Bates,travis28@example.net,UNITED KINGDOM,EUROPE,NONE,TRUE
3346,Michael Moore,williamsdeanna@example.com,UNITED STATES,AMERICA,NONE,TRUE
3347,Debra Morgan,qmoss@example.org,UNITED STATES,AMERICA,NONE,FALSE
3348,Teresa Thomas,christopher52@example.net,GERMANY,EUROPE,SILVER,FALSE
3349,Erin Forbes,mccarthydylan@example.net,CANADA,AMERICA,GREEN,TRUE
3350,Jennifer Shaffer,robertsanthony@example.org,UNITED STATES,AMERICA,NONE,TRUE
3351,Jason Howard,olivia47@example.com,UNITED STATES,AMERICA,GREEN,TRUE
3352,Lisa Peterson,scottchristopher@example.net,UNITED KINGDOM,EUROPE,GREEN,FALSE
3353,Lauren Rivera,qmccarty@example.org,FRANCE,EUROPE,SILVER,TRUE
3354,Steven Murphy,ryan23@example.net,JAPAN,ASIA,GOLD,FALSE
3355,Kiara Mcintosh,yluna@example.com,UNITED KINGDOM,EUROPE,NONE,TRUE
3356,William Davila,charlesprice@example.org,UNITED STATES,AMERICA,SILVER,TRUE
3357,Carl Pennington,dyervictoria@example.net,NETHERLANDS,EUROPE,NONE,FALSE
3358,Kristi Smith,timothy94@example.net,UNITED KINGDOM,EUROPE,GREEN,FALSE
3359,Stephanie Miller,lewisallen@example.com,UNITED KINGDOM,EUROPE,SILVER,TRUE
3360,Nathan Scott,jessica82@example.net,SPAIN,EUROPE,GREEN,TRUE
3361,Elizabeth Lawrence,greenlisa@example.net,CANADA,AMERICA,SILVER,FALSE
3362,Isaiah Parker,annchapman@example.org,FRANCE,EUROPE,NONE,TRUE
3363,Jennifer Lewis,wilkinsmark@example.org,GERMANY,EUROPE,GREEN,FALSE
3364,Nicholas Snyder,michelle86@example.net,UNITED STATES,AMERICA,NONE,TRUE
3365,Patricia Davenport,norman29@example.org,FRANCE,EUROPE,GREEN,FALSE
3366,Matthew Bates,moniquemoore@example.org,CANADA,AMERICA,NONE,FALSE
3367,Stephanie Wolf,roseeric@example.com,AUSTRALIA,APAC,NONE,TRUE
3368,Jeffrey Hicks,ronald46@example.com,SPAIN,EUROPE,NONE,TRUE
3369,Margaret Shaw,zramirez@example.net,UNITED KINGDOM,EUROPE,NONE,FALSE
3370,William Gross,mariah75@example.org,UNITED KINGDOM,EUROPE,SILVER,TRUE
3371,Hunter Gonzalez,wmorris@example.net,UNITED KINGDOM,EUROPE,SILVER,TRUE
3372,Erin Fuller,thill@example.com,JAPAN,ASIA,NONE,TRUE
3373,Angie Jennings,tara62@example.com,UNITED STATES,AMERICA,NONE,TRUE
3374,Philip Combs,tylerchristine@example.com,UNITED STATES,AMERICA,GREEN,FALSE
3375,Danny Austin,kristin15@example.net,GERMANY,EUROPE,NONE,TRUE
3376,Stephen Carr,bmoreno@example.org,FRANCE,EUROPE,NONE,FALSE
3377,Aimee Lamb,michaelgordon@example.org,FRANCE,EUROPE,NONE,TRUE
3378,Brian Mueller,millerjill@example.net,AUSTRALIA,APAC,GREEN,TRUE
3379,Mark Thompson,duane84@example.net,CANADA,AMERICA,NONE,TRUE
3380,Cindy Barton,timothyortiz@example.org,JAPAN,ASIA,GOLD,FALSE
3381,Kelly King,friedmanlinda@example.net,UNITED KINGDOM,EUROPE,GREEN,FALSE
3382,Denise Leon,reneespencer@example.org,FRANCE,EUROPE,GREEN,FALSE
3383,Felicia Robinson,nicholasibarra@example.com,CANADA,AMERICA,NONE,FALSE
3384,Paul Garcia,mark46@example.org,SWEDEN,EUROPE,SILVER,TRUE
3385,Kevin Stafford,gilbertsamuel@example.com,AUSTRALIA,APAC,NONE,FALSE
3386,Samantha Powell,tylerwilliams@example.com,AUSTRALIA,APAC,SILVER,FALSE
3387,Jennifer Horton,claire11@example.net,FRANCE,EUROPE,NONE,TRUE
3388,Michelle Nicholson,riley28@example.com,NETHERLANDS,EUROPE,NONE,FALSE
3389,Carolyn Miller,tara38@example.org,UNITED STATES,AMERICA,GREEN,FALSE
3390,Megan Gibson,ana12@example.com,FRANCE,EUROPE,GREEN,TRUE
3391,David Dunlap,raymond84@example.com,AUSTRALIA,APAC,NONE,TRUE
3392,April Hoffman,guerramaria@example.org,UNITED STATES,AMERICA,SILVER,TRUE
3393,Stephanie Terry,lawsoncalvin@example.com,NETHERLANDS,EUROPE,NONE,TRUE
3394,Barry Armstrong,kerry49@example.org,CANADA,AMERICA,NONE,FALSE
3395,Michael Jordan,christine28@example.net,GERMANY,EUROPE,GOLD,FALSE
3396,Kelly Schneider,cnelson@example.com,FRANCE,EUROPE,GREEN,TRUE
3397,Richard Aguilar,olsonmichael@example.com,FRANCE,EUROPE,NONE,FALSE
3398,Deborah Leon,danielletorres@example.com,CANADA,AMERICA,NONE,TRUE
3399,Mary Garcia,lowen@example.org,UNITED STATES,AMERICA,NONE,FALSE
3400,Sandra Baker,tuckerstacey@example.net,UNITED STATES,AMERICA,GREEN,TRUE
3401,Sean Reed,brittney71@example.org,GERMANY,EUROPE,GREEN,FALSE
3402,Ashley Herring,steven34@example.net,SPAIN,EUROPE,NONE,TRUE
3403,Cynthia Jones,heather72@example.org,GERMANY,EUROPE,GREEN,FALSE
3404,Jacob Hayden,richard13@example.com,GERMANY,EUROPE,SILVER,TRUE
3405,Vincent Walters,cody85@example.net,UNITED STATES,AMERICA,SILVER,FALSE
3406,Daniel Ortega,johnthomas@example.com,UNITED STATES,AMERICA,NONE,TRUE
3407,Hannah Smith,todd94@example.com,FRANCE,EUROPE,GREEN,FALSE
3408,Jonathan Valdez,ywilliams@example.net,UNITED STATES,AMERICA,NONE,FALSE
3409,Deborah Bowman,robertallen@example.net,UNITED STATES,AMERICA,GOLD,FALSE
3410,Rachel Little,bsmith@example.com,CANADA,AMERICA,NONE,FALSE
3411,James Watkins,gschultz@example.com,JAPAN,ASIA,GOLD,FALSE
3412,Katherine Lawrence,terrimartinez@example.com,GERMANY,EUROPE,GREEN,TRUE
3413,Laura Vang,victorcampbell@example.net,GERMANY,EUROPE,GREEN,TRUE
3414,Amanda Murray,charlotteprice@example.org,UNITED KINGDOM,EUROPE,SILVER,TRUE
3415,Gregory Byrd,changsamuel@example.org,JAPAN,ASIA,GREEN,FALSE
3416,Julia Gibbs,autumn78@example.com,NETHERLANDS,EUROPE,SILVER,FALSE
3417,Cassandra Rice,erin62@example.org,UNITED STATES,AMERICA,NONE,TRUE
3418,Holly Cochran,elizabethtownsend@example.net,UNITED KINGDOM,EUROPE,SILVER,FALSE
3419,James Wright,krystaltucker@example.org,CANADA,AMERICA,GREEN,TRUE
3420,Michael Kelly,dwilliams@example.com,SWEDEN,EUROPE,NONE,FALSE
3421,Joseph Lewis,rasmussenjerry@example.com,UNITED STATES,AMERICA,GREEN,TRUE
3422,Nicole Salazar,nelsonbrandon@example.com,CANADA,AMERICA,NONE,TRUE
3423,Emily Vasquez,theresa36@example.com,GERMANY,EUROPE,NONE,TRUE
3424,Tammy Edwards,ealexander@example.net,UNITED KINGDOM,EUROPE,GREEN,TRUE
3425,Victor Gonzalez,beckrobin@example.net,AUSTRALIA,APAC,GREEN,TRUE
3426,Regina Schroeder,jbridges@example.org,UNITED STATES,AMERICA,GOLD,FALSE
3427,Alexander Thompson,howard63@example.net,FRANCE,EUROPE,GOLD,FALSE
3428,Kevin Baker,thomaswilliam@example.net,GERMANY,EUROPE,SILVER,TRUE
3429,Todd Garcia,emilykrueger@example.org,UNITED STATES,AMERICA,NONE,FALSE
3430,Mark Jackson,lindamiller@example.org,AUSTRALIA,APAC,NONE,FALSE
3431,Rachel Payne,meganpatrick@example.com,UNITED STATES,AMERICA,SILVER,TRUE
3432,Peter Flores,crystal46@example.com,FRANCE,EUROPE,SILVER,TRUE
3433,Catherine Parks,joshua11@example.net,GERMANY,EUROPE,GREEN,FALSE
3434,Raymond Patel,christopher67@example.org,FRANCE,EUROPE,GREEN,FALSE
3435,Alicia Morgan,harrismargaret@example.net,FRANCE,EUROPE,SILVER,TRUE
3436,Melissa Robinson,xpalmer@example.org,UNITED STATES,AMERICA,NONE,FALSE
3437,Stephanie Atkins,greenemily@example.org,CANADA,AMERICA,NONE,FALSE
3438,Benjamin Stanley,jamesmorris@example.org,UNITED KINGDOM,EUROPE,GOLD,TRUE
3439,Ashley Ramos,rhondasmith@example.org,CANADA,AMERICA,SILVER,TRUE
3440,Sherry Foster,taylor70@example.net,UNITED STATES,AMERICA,NONE,FALSE
3441,Wendy Stanley,igraham@example.org,SPAIN,EUROPE,SILVER,TRUE
3442,Jamie Yang,aaron67@example.net,GERMANY,EUROPE,GREEN,TRUE
3443,Mallory Lopez,porterbobby@example.net,UNITED STATES,AMERICA,SILVER,FALSE
3444,Kelli Hoffman,dakota69@example.org,UNITED KINGDOM,EUROPE,SILVER,TRUE
3445,Stephen Lambert,pkirk@example.com,GERMANY,EUROPE,GOLD,FALSE
3446,Dawn Jordan,daniel91@example.com,UNITED STATES,AMERICA,SILVER,FALSE
3447,Mitchell Cohen,chelseasmith@example.com,JAPAN,ASIA,SILVER,FALSE
3448,Laura Sanford,obrewer@example.com,UNITED STATES,AMERICA,GREEN,TRUE
3449,Robert Bolton,hfleming@example.net,JAPAN,ASIA,GREEN,TRUE
3450,Scott Hansen,lopezvictoria@example.org,NETHERLANDS,EUROPE,GREEN,TRUE
3451,Julie Smith,gregory53@example.org,UNITED STATES,AMERICA,NONE,TRUE
3452,Marcia Sanders,kimberlypeterson@example.org,FRANCE,EUROPE,SILVER,TRUE
3453,Aaron Thompson,wduncan@example.org,UNITED STATES,AMERICA,SILVER,TRUE
3454,Katrina Richardson,wyatt29@example.org,UNITED KINGDOM,EUROPE,GREEN,FALSE
3455,Wyatt Gardner,james91@example.org,JAPAN,ASIA,SILVER,FALSE
3456,Jerry Mcclure,melissa74@example.com,GERMANY,EUROPE,NONE,TRUE
3457,Jamie Robinson,david21@example.com,UNITED KINGDOM,EUROPE,SILVER,TRUE
3458,Robert Davis,jaimeduncan@example.com,SWEDEN,EUROPE,NONE,TRUE
3459,Madison Mann,huynhmatthew@example.net,NETHERLANDS,EUROPE,NONE,TRUE
3460,Johnathan Vasquez,mlyons@example.org,AUSTRALIA,APAC,GOLD,FALSE
3461,Jonathan Solomon,charles46@example.org,SPAIN,EUROPE,NONE,FALSE
3462,Victor King,kathleenwelch@example.net,UNITED KINGDOM,EUROPE,NONE,FALSE
3463,David Cruz,darius87@example.com,UNITED KINGDOM,EUROPE,NONE,FALSE
3464,Sean Graham,smithjoshua@example.com,UNITED STATES,AMERICA,NONE,FALSE
3465,Troy Cameron,qrhodes@example.org,UNITED STATES,AMERICA,NONE,TRUE
3466,Margaret Kennedy,bradleyperez@example.com,UNITED STATES,AMERICA,NONE,FALSE
3467,Jennifer Poole,wcook@example.com,UNITED STATES,AMERICA,GREEN,FALSE
3468,Deborah Oneill,chankevin@example.com,GERMANY,EUROPE,NONE,FALSE
3469,Shannon Willis,nswanson@example.org,NETHERLANDS,EUROPE,GREEN,TRUE
3470,Wanda Hughes,megan27@example.org,GERMANY,EUROPE,GREEN,FALSE
3471,Richard Silva,lisa47@example.com,UNITED KINGDOM,EUROPE,GREEN,FALSE
3472,Ashley Williams,cmyers@example.com,UNITED STATES,AMERICA,GREEN,TRUE
3473,Patrick Barnes,khernandez@example.com,UNITED STATES,AMERICA,SILVER,TRUE
3474,James Ray,william40@example.org,CANADA,AMERICA,SILVER,TRUE
3475,Lisa Scott,wrice@example.net,UNITED STATES,AMERICA,NONE,TRUE
3476,Ryan Gray,sandrafinley@example.net,UNITED KINGDOM,EUROPE,SILVER,TRUE
3477,Andrea Stone,ecasey@example.org,UNITED KINGDOM,EUROPE,SILVER,TRUE
3478,Shannon Ware,xgonzales@example.com,AUSTRALIA,APAC,NONE,FALSE
3479,Matthew Hudson,othomas@example.com,FRANCE,EUROPE,NONE,TRUE
3480,Clinton Mcgee,yjones@example.org,AUSTRALIA,APAC,SILVER,TRUE
3481,Jeffrey Allen,david89@example.com,UNITED STATES,AMERICA,NONE,TRUE
3482,Matthew Johnson,karlmartin@example.org,CANADA,AMERICA,NONE,FALSE
3483,Paula Williams,jasonlawrence@example.org,UNITED KINGDOM,EUROPE,GREEN,FALSE
3484,James Cobb,davenportstephanie@example.com,UNITED STATES,AMERICA,NONE,FALSE
3485,Valerie Zimmerman,rossmaurice@example.org,UNITED STATES,AMERICA,NONE,TRUE
3486,Jeffrey Hobbs,kimberly94@example.org,UNITED STATES,AMERICA,SILVER,TRUE
3487,Greg Olson,johnsonpatrick@example.com,GERMANY,EUROPE,GOLD,TRUE
3488,Stephen Peters,amanda53@example.org,AUSTRALIA,APAC,GREEN,FALSE
3489,Kenneth Molina,scottmichael@example.com,AUSTRALIA,APAC,GREEN,FALSE
3490,Kendra Smith,terriortiz@example.com,UNITED STATES,AMERICA,SILVER,FALSE
3491,Holly Owen,bhawkins@example.net,NETHERLANDS,EUROPE,SILVER,FALSE
3492,Toni Stephens,sheltonbobby@example.net,FRANCE,EUROPE,GOLD,FALSE
3493,Beverly Martinez,starkaustin@example.org,NETHERLANDS,EUROPE,NONE,FALSE
3494,Michelle Nguyen,nbrandt@example.net,NETHERLANDS,EUROPE,NONE,FALSE
3495,Mary Fernandez,xknight@example.com,UNITED STATES,AMERICA,GREEN,FALSE
3496,Stephen Crawford,kingeric@example.com,UNITED STATES,AMERICA,GREEN,TRUE
3497,Rebecca Thompson,wellselizabeth@example.com,UNITED KINGDOM,EUROPE,GREEN,FALSE
3498,Brian Smith,kathleenweaver@example.net,GERMANY,EUROPE,GREEN,TRUE
3499,Aaron Nguyen,whitetony@example.com,SWEDEN,EUROPE,GREEN,TRUE
3500,Brittany Smith,jessicadouglas@example.org,UNITED STATES,AMERICA,GREEN,TRUE
3501,Stephen Ward,stacey16@example.com,UNITED STATES,AMERICA,NONE,FALSE
3502,Lisa Barrett,brownpamela@example.com,AUSTRALIA,APAC,NONE,FALSE
3503,Shannon Flores,chanmichael@example.com,UNITED STATES,AMERICA,GREEN,TRUE
3504,Laura King,marciahall@example.net,UNITED STATES,AMERICA,SILVER,TRUE
3505,John Kerr,kelly83@example.org,NETHERLANDS,EUROPE,SILVER,FALSE
3506,Walter Romero,pthomas@example.net,UNITED KINGDOM,EUROPE,SILVER,FALSE
3507,Jennifer Mann,simmonslaura@example.com,UNITED STATES,AMERICA,GREEN,TRUE
3508,William Hernandez,richardjones@example.net,CANADA,AMERICA,SILVER,TRUE
3509,Gloria Padilla,xsmith@example.org,UNITED STATES,AMERICA,GREEN,FALSE
3510,Krystal Crawford,bcaldwell@example.net,FRANCE,EUROPE,NONE,FALSE
3511,Benjamin Anderson,allisoneric@example.net,SWEDEN,EUROPE,GREEN,TRUE
3512,Beth Perez,taracole@example.org,UNITED STATES,AMERICA,NONE,TRUE
3513,Laura Rosales,grichards@example.org,GERMANY,EUROPE,NONE,TRUE
3514,Ashley Nichols,robin11@example.com,UNITED KINGDOM,EUROPE,SILVER,TRUE
3515,Rebekah Brewer,campbellfrederick@example.org,AUSTRALIA,APAC,SILVER,TRUE
3516,Julie Rivas,hturner@example.com,UNITED STATES,AMERICA,SILVER,TRUE
3517,Elizabeth Cochran,brandimoore@example.org,FRANCE,EUROPE,NONE,FALSE
3518,Bobby Frost,heatherthompson@example.net,NETHERLANDS,EUROPE,SILVER,TRUE
3519,Vanessa Conner,pluna@example.net,UNITED KINGDOM,EUROPE,GREEN,TRUE
3520,Richard Castillo,kenneth43@example.net,NETHERLANDS,EUROPE,NONE,FALSE
3521,Shannon Dean,kstone@example.net,GERMANY,EUROPE,GOLD,FALSE
3522,Jamie Woods,rebecca43@example.net,UNITED STATES,AMERICA,GOLD,FALSE
3523,Maria Conley,hinesjeremy@example.net,GERMANY,EUROPE,NONE,FALSE
3524,Margaret Martinez,aperkins@example.org,JAPAN,ASIA,SILVER,FALSE
3525,Michelle Bradley,guzmanrobert@example.com,NETHERLANDS,EUROPE,GREEN,FALSE
3526,Mr. Cameron Koch,xreyes@example.net,GERMANY,EUROPE,NONE,FALSE
3527,Beth Green,sandrawalker@example.net,SPAIN,EUROPE,NONE,FALSE
3528,Kyle Miller,sandra01@example.net,FRANCE,EUROPE,SILVER,FALSE
3529,John Rodriguez,goodwinjack@example.org,FRANCE,EUROPE,NONE,TRUE
3530,Thomas Green,robert00@example.net,GERMANY,EUROPE,SILVER,FALSE
3531,Derek Hull,jeffrivera@example.net,UNITED KINGDOM,EUROPE,GREEN,TRUE
3532,Mrs. Rebecca Martin,maryestes@example.net,SWEDEN,EUROPE,GREEN,TRUE
3533,Lisa Cohen,zcobb@example.org,AUSTRALIA,APAC,GREEN,TRUE
3534,Mrs. Linda Clarke,ryandurham@example.net,SWEDEN,EUROPE,NONE,TRUE
3535,Nicholas Young,alex32@example.net,JAPAN,ASIA,NONE,TRUE
3536,Laura Warner,reynoldsmegan@example.com,SPAIN,EUROPE,GOLD,TRUE
3537,Ryan Collins,shannonburns@example.net,GERMANY,EUROPE,NONE,TRUE
3538,Emily Hopkins,kleinjustin@example.net,JAPAN,ASIA,GREEN,TRUE
3539,James Vasquez,jenniferbrady@example.net,UNITED STATES,AMERICA,NONE,TRUE
3540,Trevor Shepherd,sophia39@example.org,AUSTRALIA,APAC,NONE,FALSE
3541,David Andrews,ramirezmelissa@example.net,UNITED STATES,AMERICA,GREEN,TRUE
3542,Leslie White,greg78@example.net,UNITED KINGDOM,EUROPE,GREEN,TRUE
3543,Jesus Wright,mcclainjohn@example.com,UNITED STATES,AMERICA,GREEN,FALSE
3544,Gerald Soto,brentodom@example.com,UNITED KINGDOM,EUROPE,SILVER,FALSE
3545,Ryan Hernandez,bmahoney@example.net,GERMANY,EUROPE,GREEN,TRUE
3546,Jacqueline Klein,pmoore@example.org,UNITED KINGDOM,EUROPE,NONE,TRUE
3547,Frederick Jones,martinezlorraine@example.com,AUSTRALIA,APAC,GOLD,TRUE
3548,Allen Erickson,stacey58@example.com,FRANCE,EUROPE,SILVER,TRUE
3549,Kevin Burch,hilledwin@example.net,UNITED KINGDOM,EUROPE,SILVER,FALSE
3550,Megan Shah,ftorres@example.net,NETHERLANDS,EUROPE,GREEN,TRUE
3551,Jacqueline Watson,andersonjesse@example.org,AUSTRALIA,APAC,NONE,FALSE
3552,Patricia Jones,richardlynn@example.net,FRANCE,EUROPE,SILVER,TRUE
3553,Haley Smith,jessicacollins@example.com,UNITED STATES,AMERICA,NONE,FALSE
3554,Valerie Jensen,srodriguez@example.com,UNITED STATES,AMERICA,GREEN,TRUE
3555,Emily Crawford,shannonphilip@example.org,UNITED KINGDOM,EUROPE,GREEN,FALSE
3556,Jose Banks,robert06@example.org,CANADA,AMERICA,SILVER,FALSE
3557,Brandi Christian,patricia63@example.com,UNITED STATES,AMERICA,GOLD,FALSE
3558,Shane Smith,uayers@example.org,UNITED KINGDOM,EUROPE,GREEN,TRUE
3559,Anthony Lawson,wmason@example.net,FRANCE,EUROPE,GREEN,TRUE
3560,Linda Murray,torresgina@example.net,UNITED STATES,AMERICA,NONE,FALSE
3561,Allison Mahoney,mcgeebrittany@example.org,GERMANY,EUROPE,SILVER,TRUE
3562,Thomas Hubbard,doconnor@example.net,FRANCE,EUROPE,GOLD,FALSE
3563,Charles Guerra,medinajamie@example.com,UNITED STATES,AMERICA,GREEN,FALSE
3564,Stephanie Douglas,jmays@example.net,UNITED STATES,AMERICA,GREEN,TRUE
3565,Walter Kennedy,christopher56@example.net,AUSTRALIA,APAC,NONE,FALSE
3566,Gregory Johnson,zcook@example.net,AUSTRALIA,APAC,GREEN,FALSE
3567,Caitlin Mendoza,smithstacy@example.net,UNITED STATES,AMERICA,GREEN,FALSE
3568,Roger Ramsey DVM,nunezsherry@example.com,SPAIN,EUROPE,NONE,FALSE
3569,Mark Ellis,robert07@example.net,UNITED KINGDOM,EUROPE,SILVER,FALSE
3570,Nathaniel Norman,brandonross@example.com,UNITED KINGDOM,EUROPE,NONE,TRUE
3571,Kelly George,dakota45@example.com,SWEDEN,EUROPE,GREEN,FALSE
3572,Christine Murray,greentimothy@example.net,AUSTRALIA,APAC,NONE,TRUE
3573,Jeffrey Rose,ecole@example.net,UNITED KINGDOM,EUROPE,NONE,FALSE
3574,John Garcia,btorres@example.org,GERMANY,EUROPE,NONE,FALSE
3575,Lawrence Diaz,tclark@example.org,NETHERLANDS,EUROPE,SILVER,FALSE
3576,Ann Williams,jclark@example.org,NETHERLANDS,EUROPE,SILVER,TRUE
3577,Brandy Moreno,roy33@example.com,UNITED STATES,AMERICA,NONE,FALSE
3578,Karen Allen,corysimpson@example.net,FRANCE,EUROPE,NONE,TRUE
3579,Mr. Christopher Perry,justin72@example.org,JAPAN,ASIA,GREEN,TRUE
3580,Briana Ortega,stephaniemoses@example.com,UNITED KINGDOM,EUROPE,NONE,TRUE
3581,Alexander Brown,kenneth08@example.net,UNITED STATES,AMERICA,GREEN,FALSE
3582,Mary Willis,ashleycrawford@example.net,NETHERLANDS,EUROPE,NONE,TRUE
3583,Joseph Mendoza,nicholas63@example.org,UNITED STATES,AMERICA,GREEN,FALSE
3584,Ricky Campbell,kelseybrown@example.org,GERMANY,EUROPE,NONE,TRUE
3585,Donna Edwards,christine30@example.com,FRANCE,EUROPE,NONE,FALSE
3586,Michelle Rodriguez,redwards@example.com,UNITED STATES,AMERICA,NONE,FALSE
3587,Brittany Harvey,michaelboyd@example.com,UNITED STATES,AMERICA,NONE,FALSE
3588,George Chavez,crystal00@example.org,GERMANY,EUROPE,NONE,TRUE
3589,Andrew Walker,benjamin67@example.com,JAPAN,ASIA,GOLD,TRUE
3590,Vanessa Garcia,christian58@example.net,AUSTRALIA,APAC,NONE,TRUE
3591,Samantha Garcia,kelseyhunter@example.org,NETHERLANDS,EUROPE,NONE,TRUE
3592,Jason Reynolds,hornjeff@example.org,UNITED STATES,AMERICA,NONE,FALSE
3593,Juan Wise MD,silvapatrick@example.org,NETHERLANDS,EUROPE,GREEN,TRUE
3594,Gabriel Wells,maria44@example.com,AUSTRALIA,APAC,NONE,FALSE
3595,Charles Lloyd,heather24@example.net,FRANCE,EUROPE,GREEN,FALSE
3596,Jenna Ramsey,mirandayoung@example.org,UNITED KINGDOM,EUROPE,GOLD,FALSE
3597,Andrew Hahn,gentryanthony@example.org,UNITED KINGDOM,EUROPE,SILVER,FALSE
3598,James Matthews,morakristin@example.net,GERMANY,EUROPE,NONE,TRUE
3599,Maureen Ortiz,qmiller@example.com,CANADA,AMERICA,NONE,TRUE
3600,Rachel Marks,rivaslisa@example.net,NETHERLANDS,EUROPE,SILVER,FALSE
3601,Ethan Gould,pamelabarber@example.com,SPAIN,EUROPE,GREEN,TRUE
3602,Maureen Lewis,novakjeffrey@example.org,UNITED STATES,AMERICA,NONE,TRUE
3603,Craig Jones,rodriguezmichaela@example.net,UNITED STATES,AMERICA,NONE,FALSE
3604,Emily Rush,sandra32@example.com,UNITED STATES,AMERICA,NONE,FALSE
3605,Jill Matthews,collinsshannon@example.net,UNITED KINGDOM,EUROPE,NONE,TRUE
3606,Aaron Garner,romanraven@example.com,GERMANY,EUROPE,NONE,FALSE
3607,Matthew Gordon,chadgonzalez@example.com,UNITED KINGDOM,EUROPE,NONE,TRUE
3608,Heather Lozano,leroy22@example.com,UNITED STATES,AMERICA,SILVER,FALSE
3609,William Greene,gibsonjoseph@example.org,AUSTRALIA,APAC,GREEN,TRUE
3610,Willie Cole,christine99@example.net,GERMANY,EUROPE,GREEN,FALSE
3611,Larry Hall,ericksonphillip@example.net,SWEDEN,EUROPE,SILVER,FALSE
3612,Cody Mccoy,chad60@example.org,GERMANY,EUROPE,GREEN,FALSE
3613,Peter Hayes,shelbywarner@example.net,UNITED KINGDOM,EUROPE,GOLD,FALSE
3614,John Gould,christophercopeland@example.org,FRANCE,EUROPE,GREEN,FALSE
3615,Joseph Sullivan,kenneth12@example.com,GERMANY,EUROPE,NONE,FALSE
3616,Andrew Galvan,brownscott@example.net,UNITED STATES,AMERICA,NONE,FALSE
3617,Kyle Mcdowell,ohampton@example.net,FRANCE,EUROPE,GREEN,TRUE
3618,Leslie Hicks,mcdonaldrachael@example.org,JAPAN,ASIA,GREEN,FALSE
3619,Brian Mcneil,ayates@example.org,JAPAN,ASIA,SILVER,TRUE
3620,Travis Hubbard,desireeedwards@example.com,NETHERLANDS,EUROPE,NONE,FALSE
3621,Rhonda Cabrera,wallacedakota@example.org,SWEDEN,EUROPE,GREEN,TRUE
3622,Kenneth Blake,haneyjoshua@example.org,CANADA,AMERICA,GOLD,FALSE
3623,Brandon Mitchell,duffylisa@example.com,UNITED KINGDOM,EUROPE,GREEN,TRUE
3624,Jenny Ramirez,jesusstanley@example.com,CANADA,AMERICA,NONE,TRUE
3625,Monica Mercer,nathaniel23@example.net,UNITED KINGDOM,EUROPE,GREEN,TRUE
3626,Mrs. Meghan Cardenas,michaelmeadows@example.org,JAPAN,ASIA,GOLD,TRUE
3627,Michael Richards,paulpowell@example.com,CANADA,AMERICA,NONE,TRUE
3628,James Rodriguez,dholland@example.org,UNITED STATES,AMERICA,NONE,TRUE
3629,Jesse Nixon,kathryn24@example.net,GERMANY,EUROPE,NONE,FALSE
3630,Nathan Hickman Jr.,megan65@example.net,UNITED KINGDOM,EUROPE,SILVER,FALSE
3631,Marc Glenn,qtran@example.org,UNITED KINGDOM,EUROPE,NONE,FALSE
3632,Blake Schaefer,joshuagonzalez@example.org,FRANCE,EUROPE,NONE,TRUE
3633,Karen Lynch,bpineda@example.org,CANADA,AMERICA,NONE,TRUE
3634,Justin Garcia,malloryford@example.org,AUSTRALIA,APAC,GREEN,TRUE
3635,Mitchell Price,angel98@example.net,SWEDEN,EUROPE,NONE,TRUE
3636,Shawn Christensen,nturner@example.net,NETHERLANDS,EUROPE,GOLD,TRUE
3637,Linda Smith,elaine55@example.com,UNITED STATES,AMERICA,NONE,TRUE
3638,Shane Greene,johnanderson@example.net,GERMANY,EUROPE,GREEN,TRUE
3639,Annette Weaver,vsanders@example.net,SWEDEN,EUROPE,NONE,TRUE
3640,Heidi Martinez,murphychristine@example.org,UNITED STATES,AMERICA,GREEN,TRUE
3641,Anthony Williams,bowerslaura@example.org,UNITED STATES,AMERICA,NONE,FALSE
3642,Nicole Miller,roger61@example.net,GERMANY,EUROPE,GOLD,FALSE
3643,Justin French,taylorchristopher@example.org,UNITED KINGDOM,EUROPE,GREEN,FALSE
3644,Michael Hawkins,dianalee@example.com,CANADA,AMERICA,NONE,TRUE
3645,Jaime Berry,duranglenda@example.net,UNITED STATES,AMERICA,NONE,FALSE
3646,Sarah Woods,emilyrobinson@example.org,NETHERLANDS,EUROPE,GREEN,TRUE
3647,Dennis Martinez,pfry@example.net,UNITED STATES,AMERICA,GREEN,TRUE
3648,Savannah Mcmillan DVM,ijones@example.org,UNITED STATES,AMERICA,NONE,FALSE
3649,Patricia Moreno MD,andrewlewis@example.org,UNITED STATES,AMERICA,SILVER,TRUE
3650,Victoria Short,castillobryan@example.net,UNITED KINGDOM,EUROPE,GREEN,TRUE
3651,Michelle Poole,jakegreen@example.org,JAPAN,ASIA,NONE,TRUE
3652,Jessica Allen,logangarrett@example.net,FRANCE,EUROPE,SILVER,FALSE
3653,Ryan Hamilton,copelanddylan@example.net,GERMANY,EUROPE,NONE,TRUE
3654,Michelle Gross,tiffanytaylor@example.net,SPAIN,EUROPE,NONE,FALSE
3655,Stephen Trujillo,lbuck@example.com,UNITED STATES,AMERICA,SILVER,TRUE
3656,Cynthia Aguilar,megan22@example.com,FRANCE,EUROPE,NONE,FALSE
3657,Lucas Gill,kevin84@example.org,UNITED KINGDOM,EUROPE,GREEN,TRUE
3658,Nicole Patterson,hhunter@example.org,AUSTRALIA,APAC,SILVER,FALSE
3659,Wesley Walker,mscott@example.net,UNITED KINGDOM,EUROPE,NONE,FALSE
3660,Erica Porter,randalllogan@example.com,GERMANY,EUROPE,GOLD,FALSE
3661,Mary Benson,khale@example.com,UNITED STATES,AMERICA,GOLD,TRUE
3662,Tanya Williams,barbara20@example.net,UNITED STATES,AMERICA,GREEN,TRUE
3663,Tiffany Mckay,ajackson@example.org,UNITED STATES,AMERICA,NONE,TRUE
3664,Tracy Foster,robinsonjames@example.net,UNITED STATES,AMERICA,GREEN,FALSE
3665,Joseph Smith,melvin99@example.net,FRANCE,EUROPE,GREEN,TRUE
3666,Julie Perez,ycordova@example.net,GERMANY,EUROPE,NONE,FALSE
3667,Ronald Davila,kathryn19@example.net,SPAIN,EUROPE,SILVER,FALSE
3668,Dawn Hayes,jonestimothy@example.org,GERMANY,EUROPE,GREEN,TRUE
3669,Tracey Bryant MD,whernandez@example.com,UNITED STATES,AMERICA,NONE,FALSE
3670,Julie Jordan,martinstacy@example.com,UNITED STATES,AMERICA,NONE,TRUE
3671,Caitlyn Clark,danielsmichael@example.org,AUSTRALIA,APAC,GOLD,FALSE
3672,Travis Lyons,courtneygamble@example.net,NETHERLANDS,EUROPE,SILVER,TRUE
3673,John Nixon,laurenwilliams@example.com,UNITED STATES,AMERICA,GREEN,FALSE
3674,Kelly Harris,danaperez@example.com,GERMANY,EUROPE,GREEN,TRUE
3675,Dr. Donna Bailey,aaronanderson@example.org,FRANCE,EUROPE,NONE,TRUE
3676,Sarah Pierce,amyking@example.net,GERMANY,EUROPE,NONE,FALSE
3677,Michael Moore,ngill@example.net,UNITED STATES,AMERICA,NONE,FALSE
3678,Austin Weber,michael10@example.org,AUSTRALIA,APAC,GREEN,TRUE
3679,Stacey Johnson,montgomeryhaley@example.com,NETHERLANDS,EUROPE,GOLD,TRUE
3680,Betty Wiley,hannahsmith@example.com,JAPAN,ASIA,NONE,FALSE
3681,Jesse Anderson,benjamin83@example.org,NETHERLANDS,EUROPE,NONE,FALSE
3682,Cheryl Nelson,nataliebowman@example.org,GERMANY,EUROPE,SILVER,FALSE
3683,Erin Harris MD,jsaunders@example.net,UNITED STATES,AMERICA,GOLD,TRUE
3684,Larry Pitts,bwalker@example.com,CANADA,AMERICA,GOLD,FALSE
3685,Sara Ruiz,albert30@example.com,UNITED STATES,AMERICA,NONE,TRUE
3686,Theodore Brown,priceryan@example.com,FRANCE,EUROPE,SILVER,FALSE
3687,April Jennings,kelly58@example.org,UNITED KINGDOM,EUROPE,NONE,FALSE
3688,Nicholas Davis,levans@example.com,GERMANY,EUROPE,SILVER,TRUE
3689,Carolyn Smith,kennethwilson@example.org,UNITED KINGDOM,EUROPE,NONE,FALSE
3690,Albert Bishop,tgilbert@example.com,GERMANY,EUROPE,NONE,TRUE
3691,Nathan Lee,mary55@example.org,AUSTRALIA,APAC,GREEN,TRUE
3692,Melissa Anderson,nguyenmary@example.org,UNITED STATES,AMERICA,SILVER,TRUE
3693,Miss Makayla Young,jody47@example.com,UNITED STATES,AMERICA,GREEN,TRUE
3694,Gerald Berg,caitlinwilliams@example.org,FRANCE,EUROPE,NONE,TRUE
3695,Thomas Parsons,luis62@example.com,NETHERLANDS,EUROPE,GREEN,TRUE
3696,Joshua Medina,fwilliams@example.com,GERMANY,EUROPE,GREEN,TRUE
3697,Kevin Montes,scotttamara@example.net,NETHERLANDS,EUROPE,GREEN,FALSE
3698,Katie Mann,iwilson@example.com,NETHERLANDS,EUROPE,GREEN,TRUE
3699,Stephen Bridges,gregoryfrey@example.org,SWEDEN,EUROPE,GREEN,FALSE
3700,Michael Moyer,donna59@example.org,FRANCE,EUROPE,GOLD,TRUE
3701,Noah Gomez,cramos@example.com,UNITED STATES,AMERICA,NONE,TRUE
3702,Vickie Davis,kristenmayo@example.net,JAPAN,ASIA,NONE,TRUE
3703,Michael Blake,jjenkins@example.com,UNITED STATES,AMERICA,NONE,FALSE
3704,Erika Parrish,millerpaul@example.net,GERMANY,EUROPE,SILVER,TRUE
3705,Stephanie Kelly,cbuck@example.org,GERMANY,EUROPE,GREEN,TRUE
3706,Mary Brandt,darrenharris@example.com,UNITED STATES,AMERICA,NONE,TRUE
3707,Linda Bennett,sextonjames@example.com,UNITED STATES,AMERICA,GREEN,TRUE
3708,Paul Anderson,adrianmcneil@example.com,GERMANY,EUROPE,GOLD,TRUE
3709,Steven Yang,jessicaarmstrong@example.net,UNITED KINGDOM,EUROPE,NONE,FALSE
3710,Stephen Singleton,stevenschultz@example.com,UNITED STATES,AMERICA,GREEN,TRUE
3711,Taylor Gaines,jasonrhodes@example.net,UNITED KINGDOM,EUROPE,GREEN,TRUE
3712,Kelly Gomez,williamgross@example.net,UNITED KINGDOM,EUROPE,SILVER,TRUE
3713,Kayla Hunt,paynekatie@example.org,AUSTRALIA,APAC,NONE,FALSE
3714,Julie Horton,josephpeggy@example.org,UNITED STATES,AMERICA,SILVER,TRUE
3715,Julie Crawford,christina94@example.com,FRANCE,EUROPE,GREEN,FALSE
3716,Michael Day,molly44@example.org,UNITED STATES,AMERICA,GOLD,TRUE
3717,Amanda Powell,juliataylor@example.net,FRANCE,EUROPE,GREEN,TRUE
3718,Gwendolyn Pena,kayla59@example.org,NETHERLANDS,EUROPE,NONE,FALSE
3719,Amanda Mcbride,john98@example.org,FRANCE,EUROPE,NONE,FALSE
3720,Kelli Blevins,murraycatherine@example.net,UNITED STATES,AMERICA,GREEN,FALSE
3721,Helen Wyatt,oromero@example.net,AUSTRALIA,APAC,SILVER,FALSE
3722,Jason Andersen MD,twoods@example.org,UNITED STATES,AMERICA,GREEN,TRUE
3723,Megan Burns DVM,brianramos@example.net,UNITED KINGDOM,EUROPE,NONE,FALSE
3724,Michael Owens,rdavis@example.net,FRANCE,EUROPE,NONE,TRUE
3725,Emily Johnson,vasquezamanda@example.com,CANADA,AMERICA,NONE,FALSE
3726,Brittany Gonzalez,justin33@example.com,UNITED STATES,AMERICA,SILVER,TRUE
3727,Lindsey Anderson,evelyn02@example.org,JAPAN,ASIA,NONE,TRUE
3728,Zachary Taylor,kedwards@example.com,JAPAN,ASIA,SILVER,FALSE
3729,Michael Page,mitchellshannon@example.com,GERMANY,EUROPE,NONE,FALSE
3730,Amy Taylor,johnolson@example.org,JAPAN,ASIA,SILVER,FALSE
3731,Ricky Rivera,richardsjennifer@example.com,AUSTRALIA,APAC,GREEN,FALSE
3732,Michael Hatfield,gentryeduardo@example.org,GERMANY,EUROPE,NONE,FALSE
3733,John Jones,qmccann@example.com,SWEDEN,EUROPE,NONE,TRUE
3734,Rebecca Lloyd,mirandadaniel@example.net,GERMANY,EUROPE,NONE,FALSE
3735,Matthew Davis,timoconnor@example.org,UNITED STATES,AMERICA,SILVER,TRUE
3736,Erika Kim,jgarcia@example.org,FRANCE,EUROPE,NONE,FALSE
3737,Susan Weaver,dianachen@example.com,SWEDEN,EUROPE,SILVER,FALSE
3738,Douglas Grant,john04@example.com,GERMANY,EUROPE,GOLD,FALSE
3739,Robert Peterson,brent63@example.net,FRANCE,EUROPE,SILVER,FALSE
3740,Aaron Jimenez,sandra33@example.net,FRANCE,EUROPE,GREEN,FALSE
3741,Jason Andersen,bakermadison@example.org,UNITED STATES,AMERICA,GREEN,TRUE
3742,Christopher Harmon,richardbennett@example.net,JAPAN,ASIA,GREEN,TRUE
3743,Dr. Tiffany Coleman,whitegina@example.org,NETHERLANDS,EUROPE,GREEN,TRUE
3744,Jeremy Rush,moralesstephen@example.net,UNITED KINGDOM,EUROPE,NONE,FALSE
3745,Mason Moon,hardincarlos@example.com,UNITED KINGDOM,EUROPE,NONE,TRUE
3746,Carrie Brown,johnnycarr@example.com,UNITED KINGDOM,EUROPE,GOLD,TRUE
3747,John Martin,reyesjessica@example.net,AUSTRALIA,APAC,GREEN,TRUE
3748,Melissa Fischer,briannareid@example.org,GERMANY,EUROPE,NONE,FALSE
3749,Brooke Gillespie,danielhorn@example.org,UNITED STATES,AMERICA,SILVER,TRUE
3750,Bradley Thompson,dwilliams@example.net,GERMANY,EUROPE,NONE,FALSE
3751,Charles Hall,rwallace@example.org,SPAIN,EUROPE,NONE,FALSE
3752,Anthony Mitchell,travis88@example.com,UNITED STATES,AMERICA,GREEN,TRUE
3753,Stephanie Mahoney,rossedward@example.net,UNITED KINGDOM,EUROPE,NONE,FALSE
3754,Sandra Burgess,choitina@example.org,NETHERLANDS,EUROPE,SILVER,TRUE
3755,Kenneth Brown,jonathan65@example.net,JAPAN,ASIA,NONE,FALSE
3756,Brenda Ibarra,kortiz@example.com,GERMANY,EUROPE,GREEN,FALSE
3757,Samantha Lucas,scott45@example.org,UNITED KINGDOM,EUROPE,GREEN,FALSE
3758,Daniel Pierce,taylor88@example.com,NETHERLANDS,EUROPE,NONE,FALSE
3759,Aaron Terry,robert77@example.com,UNITED KINGDOM,EUROPE,SILVER,TRUE
3760,Amy Hamilton,rebeccapalmer@example.net,JAPAN,ASIA,GREEN,FALSE
3761,Thomas Gardner,raymondbrown@example.net,NETHERLANDS,EUROPE,GOLD,TRUE
3762,Robert Thomas,emcdaniel@example.net,UNITED STATES,AMERICA,GREEN,TRUE
3763,Jamie Wilson,smithjames@example.com,FRANCE,EUROPE,NONE,FALSE
3764,Jose Coleman,paul68@example.net,UNITED STATES,AMERICA,SILVER,TRUE
3765,Dakota Vaughn,egray@example.net,FRANCE,EUROPE,NONE,FALSE
3766,Makayla Thomas,priscillabeard@example.com,UNITED STATES,AMERICA,NONE,TRUE
3767,Michael Allen,emily41@example.com,UNITED STATES,AMERICA,NONE,FALSE
3768,Angela Munoz,angela87@example.org,UNITED STATES,AMERICA,NONE,TRUE
3769,Bailey Smith,gtucker@example.com,NETHERLANDS,EUROPE,GREEN,TRUE
3770,John Banks,ruizjustin@example.com,CANADA,AMERICA,NONE,TRUE
3771,Jeff Kelley,jessica96@example.com,GERMANY,EUROPE,SILVER,TRUE
3772,Maria Carter,santiagomark@example.org,GERMANY,EUROPE,GOLD,TRUE
3773,Timothy Duncan,williamstaylor@example.org,JAPAN,ASIA,NONE,FALSE
3774,Norman Johnson Jr.,brandon54@example.net,UNITED STATES,AMERICA,GOLD,FALSE
3775,Michael Conrad,jacquelinewilliamson@example.org,UNITED STATES,AMERICA,NONE,FALSE
3776,William Jackson,ndiaz@example.net,UNITED KINGDOM,EUROPE,GOLD,TRUE
3777,Matthew Craig,danielle96@example.com,JAPAN,ASIA,SILVER,TRUE
3778,Nicole Hayes,jonathan25@example.org,SWEDEN,EUROPE,GOLD,TRUE
3779,Michael Gilbert,elizabeth20@example.com,UNITED STATES,AMERICA,GOLD,TRUE
3780,Duane Bailey,scottwilliams@example.net,GERMANY,EUROPE,NONE,TRUE
3781,Anna Villanueva,johnpineda@example.net,AUSTRALIA,APAC,GREEN,FALSE
3782,Sheena Clarke,xfigueroa@example.net,UNITED STATES,AMERICA,GREEN,TRUE
3783,Jamie Wilson,awang@example.net,JAPAN,ASIA,SILVER,TRUE
3784,Jon Davis,qturner@example.org,NETHERLANDS,EUROPE,GOLD,TRUE
3785,Kelly Gilbert,fblack@example.com,UNITED STATES,AMERICA,GOLD,TRUE
3786,Logan Robertson,stephanierobles@example.net,JAPAN,ASIA,SILVER,TRUE
3787,Douglas Williams,sean45@example.org,AUSTRALIA,APAC,NONE,TRUE
3788,Laura Kim,jonathanhubbard@example.com,UNITED KINGDOM,EUROPE,NONE,FALSE
3789,Jeremy Garza,valenzuelachristopher@example.org,UNITED STATES,AMERICA,GOLD,TRUE
3790,Kelly Owen,haydenjohn@example.net,JAPAN,ASIA,NONE,TRUE
3791,Jorge Spencer,candace21@example.org,NETHERLANDS,EUROPE,GREEN,TRUE
3792,Kenneth Wilson,brianhopkins@example.net,UNITED STATES,AMERICA,NONE,FALSE
3793,Marilyn Steele,richbill@example.org,UNITED STATES,AMERICA,GREEN,FALSE
3794,Scott Baker,christina72@example.org,GERMANY,EUROPE,NONE,FALSE
3795,Gary Payne,lynnholmes@example.com,GERMANY,EUROPE,GOLD,FALSE
3796,Kimberly Garcia,tanyanash@example.com,UNITED KINGDOM,EUROPE,SILVER,TRUE
3797,Michael Lynch,sean60@example.com,UNITED STATES,AMERICA,NONE,FALSE
3798,David Bryant,olsonamy@example.com,UNITED KINGDOM,EUROPE,GREEN,TRUE
3799,Victoria Hobbs,bakerchristian@example.org,SWEDEN,EUROPE,NONE,FALSE
3800,Mr. Robert Cooper Jr.,rodneylin@example.com,GERMANY,EUROPE,NONE,TRUE
3801,Kathy Banks,ilawrence@example.net,CANADA,AMERICA,GREEN,FALSE
3802,John Carter,william74@example.org,AUSTRALIA,APAC,GREEN,FALSE
3803,Aaron Hull,jenniferperkins@example.net,SWEDEN,EUROPE,NONE,TRUE
3804,Mrs. Stephanie Smith,sydney62@example.net,UNITED KINGDOM,EUROPE,NONE,TRUE
3805,Matthew Brown,johnhuang@example.net,UNITED STATES,AMERICA,NONE,TRUE
3806,Ashley Pittman,kristin79@example.org,AUSTRALIA,APAC,SILVER,TRUE
3807,Richard Bailey,morsechad@example.com,SWEDEN,EUROPE,GREEN,TRUE
3808,Robert Taylor,jacquelineallen@example.org,GERMANY,EUROPE,NONE,FALSE
3809,Roberta Johnson,qrogers@example.net,UNITED STATES,AMERICA,NONE,FALSE
3810,Eugene Hall,tjohnson@example.org,AUSTRALIA,APAC,GREEN,FALSE
3811,Thomas Allen,lewisscott@example.net,FRANCE,EUROPE,GREEN,TRUE
3812,Stephen Santos,ajones@example.net,SWEDEN,EUROPE,NONE,TRUE
3813,Diane Bryant,robert11@example.org,UNITED KINGDOM,EUROPE,GOLD,FALSE
3814,Christine Hale,lstephens@example.net,GERMANY,EUROPE,NONE,TRUE
3815,Kimberly Yates,ubutler@example.net,AUSTRALIA,APAC,SILVER,FALSE
3816,Hannah Hensley,william63@example.com,UNITED STATES,AMERICA,NONE,FALSE
3817,Michael Phillips,martinmelissa@example.net,UNITED STATES,AMERICA,NONE,FALSE
3818,Gina Jones,robinmills@example.net,GERMANY,EUROPE,GREEN,TRUE
3819,Kevin Pruitt,mary94@example.com,AUSTRALIA,APAC,GOLD,TRUE
3820,Michelle Fox,gregory82@example.net,GERMANY,EUROPE,NONE,FALSE
3821,Wanda Cole,murphybradley@example.org,JAPAN,ASIA,SILVER,FALSE
3822,Sara Jackson,udavis@example.org,AUSTRALIA,APAC,GREEN,TRUE
3823,Christopher Smith,hduffy@example.com,JAPAN,ASIA,SILVER,FALSE
3824,Beth Ramos,igardner@example.com,UNITED STATES,AMERICA,SILVER,FALSE
3825,Michaela Strickland,thomasrice@example.net,UNITED STATES,AMERICA,SILVER,FALSE
3826,Allen Sanchez,wagnerroberta@example.com,GERMANY,EUROPE,NONE,TRUE
3827,Sandra Kim,fryeadrian@example.org,AUSTRALIA,APAC,NONE,FALSE
3828,Crystal Walker,lisa57@example.org,UNITED STATES,AMERICA,NONE,TRUE
3829,Jeffery Lee,micheleyork@example.com,SWEDEN,EUROPE,GOLD,FALSE
3830,Dr. Andrew Scott II,janice73@example.org,AUSTRALIA,APAC,SILVER,FALSE
3831,Patty Walker,georgecooper@example.com,FRANCE,EUROPE,SILVER,FALSE
3832,Alison Fletcher,bobby25@example.com,UNITED STATES,AMERICA,GREEN,TRUE
3833,Terry Boyd,tinaflynn@example.com,JAPAN,ASIA,NONE,FALSE
3834,Elaine Garcia,imaddox@example.org,JAPAN,ASIA,GOLD,FALSE
3835,Kevin Walsh,ricardo73@example.net,CANADA,AMERICA,NONE,FALSE
3836,Richard Russo,tfranklin@example.com,NETHERLANDS,EUROPE,GREEN,TRUE
3837,Tammy Baker,oporter@example.org,CANADA,AMERICA,SILVER,TRUE
3838,Christopher Charles,justinguzman@example.com,GERMANY,EUROPE,SILVER,FALSE
3839,Tamara Kim,hopkinsrodney@example.org,NETHERLANDS,EUROPE,NONE,TRUE
3840,Lucas Case,susan64@example.org,UNITED STATES,AMERICA,NONE,TRUE
3841,Alexander Peters MD,millersherry@example.org,NETHERLANDS,EUROPE,NONE,TRUE
3842,Tyler Johnston,bensonjohn@example.net,NETHERLANDS,EUROPE,SILVER,TRUE
3843,Dr. James Stephens II,ddunn@example.com,GERMANY,EUROPE,SILVER,FALSE
3844,Kimberly Bolton,fernandezandre@example.org,FRANCE,EUROPE,NONE,FALSE
3845,Daniel Bryant,markellis@example.org,UNITED KINGDOM,EUROPE,NONE,FALSE
3846,Joanna Martin,ujones@example.com,NETHERLANDS,EUROPE,GREEN,TRUE
3847,Jeffrey Oliver,lterry@example.net,UNITED KINGDOM,EUROPE,NONE,FALSE
3848,Heather Simpson,cheryl55@example.org,SWEDEN,EUROPE,NONE,FALSE
3849,Erika Wong,tanderson@example.net,CANADA,AMERICA,NONE,FALSE
3850,Brian Palmer,priscilla83@example.net,SPAIN,EUROPE,GOLD,FALSE
3851,Christopher Edwards,douglas07@example.net,GERMANY,EUROPE,GOLD,TRUE
3852,Maria Mason,fosterlawrence@example.org,JAPAN,ASIA,GREEN,FALSE
3853,Michelle Davis,travis45@example.org,SWEDEN,EUROPE,NONE,FALSE
3854,Dan Clarke,thomascruz@example.net,UNITED STATES,AMERICA,GREEN,FALSE
3855,Julie Johnson,kevinbrown@example.net,UNITED STATES,AMERICA,SILVER,TRUE
3856,Scott Jackson,floydjoann@example.com,UNITED STATES,AMERICA,SILVER,TRUE
3857,Donna Doyle,brandilutz@example.com,UNITED STATES,AMERICA,GREEN,TRUE
3858,Mathew Bauer,johnstonchristopher@example.net,GERMANY,EUROPE,GREEN,TRUE
3859,Juan Williams,michaelarmstrong@example.net,FRANCE,EUROPE,GREEN,TRUE
3860,Michelle Campbell,qfranklin@example.org,NETHERLANDS,EUROPE,SILVER,FALSE
3861,Thomas Young,markrussell@example.org,GERMANY,EUROPE,NONE,FALSE
3862,Linda Blevins,harriskevin@example.net,UNITED STATES,AMERICA,NONE,FALSE
3863,Deborah Shaw,thomas33@example.net,UNITED STATES,AMERICA,SILVER,FALSE
3864,Loretta Holt,apatterson@example.org,SPAIN,EUROPE,GREEN,TRUE
3865,David Weiss,tateedward@example.org,FRANCE,EUROPE,GOLD,TRUE
3866,Sonya Zimmerman,mcknightbenjamin@example.com,SWEDEN,EUROPE,SILVER,TRUE
3867,Elizabeth Johnson,hawkinsdeanna@example.net,GERMANY,EUROPE,NONE,TRUE
3868,James Jenkins,eric19@example.org,SPAIN,EUROPE,GREEN,TRUE
3869,Sheila Johnson,chadrobinson@example.com,JAPAN,ASIA,NONE,FALSE
3870,Justin Velasquez,clintonhaley@example.org,UNITED KINGDOM,EUROPE,SILVER,FALSE
3871,Sierra Garrett,tbrown@example.net,UNITED KINGDOM,EUROPE,SILVER,TRUE
3872,Wanda Pruitt,smithdiana@example.net,UNITED STATES,AMERICA,SILVER,TRUE
3873,Kristine Montgomery,uroberts@example.org,UNITED STATES,AMERICA,SILVER,TRUE
3874,Nathan Harrington,hinesvalerie@example.com,NETHERLANDS,EUROPE,GREEN,FALSE
3875,Deborah Richardson,rubiochase@example.net,UNITED STATES,AMERICA,GREEN,FALSE
3876,James Brown,wchavez@example.net,UNITED STATES,AMERICA,GREEN,FALSE
3877,Michael Delgado,jeremypetersen@example.net,NETHERLANDS,EUROPE,GREEN,TRUE
3878,James Conley,gmoyer@example.net,UNITED STATES,AMERICA,NONE,FALSE
3879,Matthew Farrell,stewartpamela@example.com,AUSTRALIA,APAC,NONE,TRUE
3880,Tricia Finley,nheath@example.org,GERMANY,EUROPE,GREEN,FALSE
3881,Sergio Johnson,brittney46@example.net,UNITED KINGDOM,EUROPE,SILVER,FALSE
3882,Tracy Sanders,michelletaylor@example.org,UNITED KINGDOM,EUROPE,NONE,TRUE
3883,Joel Johnson,harmonlucas@example.org,FRANCE,EUROPE,NONE,FALSE
3884,Lauren Delacruz,hillbrandon@example.com,GERMANY,EUROPE,NONE,TRUE
3885,Clayton Evans,lloydrichard@example.net,UNITED KINGDOM,EUROPE,NONE,FALSE
3886,Elaine Keith,cindycurtis@example.org,NETHERLANDS,EUROPE,SILVER,TRUE
3887,Kyle Smith,hlopez@example.com,UNITED STATES,AMERICA,GREEN,TRUE
3888,Sara Thomas,andrea54@example.com,UNITED STATES,AMERICA,NONE,TRUE
3889,Seth Lewis,shannonstephanie@example.org,AUSTRALIA,APAC,GREEN,FALSE
3890,Tamara Stone,kimberlyyoung@example.com,GERMANY,EUROPE,SILVER,TRUE
3891,Susan Kelley,kgonzalez@example.net,CANADA,AMERICA,GREEN,FALSE
3892,Troy Patel,scottjoe@example.com,FRANCE,EUROPE,SILVER,TRUE
3893,Joseph Gutierrez,zachary74@example.org,NETHERLANDS,EUROPE,NONE,FALSE
3894,John Davis,rossdaniel@example.com,UNITED STATES,AMERICA,GREEN,FALSE
3895,Christopher Ramos,qjohnson@example.com,UNITED STATES,AMERICA,GREEN,TRUE
3896,Abigail Garcia,johnny15@example.com,FRANCE,EUROPE,GOLD,FALSE
3897,Brian Collins,jacquelinesnow@example.org,UNITED KINGDOM,EUROPE,NONE,FALSE
3898,James Garcia,mlowery@example.com,FRANCE,EUROPE,NONE,FALSE
3899,Jose Jackson,pattonmatthew@example.net,GERMANY,EUROPE,GREEN,TRUE
3900,Jamie Bell,gregory68@example.org,SPAIN,EUROPE,SILVER,TRUE
3901,Paul Buckley,vincentdavis@example.com,GERMANY,EUROPE,SILVER,FALSE
3902,Christina Wiley,crystal54@example.com,UNITED KINGDOM,EUROPE,SILVER,TRUE
3903,Heather Jenkins,ojohnson@example.org,CANADA,AMERICA,GOLD,TRUE
3904,Anna Moses,edwinrowe@example.org,FRANCE,EUROPE,NONE,FALSE
3905,Jamie Matthews,gloria17@example.net,UNITED KINGDOM,EUROPE,NONE,TRUE
3906,Christine Yates,amandabarrett@example.org,UNITED STATES,AMERICA,NONE,TRUE
3907,Erika Shelton,ysmith@example.net,UNITED STATES,AMERICA,GREEN,FALSE
3908,Allen Moran,russellsamantha@example.com,UNITED KINGDOM,EUROPE,GREEN,FALSE
3909,Brian Lopez,melissa03@example.com,GERMANY,EUROPE,NONE,TRUE
3910,Lori Hoffman,monicaali@example.com,FRANCE,EUROPE,SILVER,TRUE
3911,Michael Thompson,vreilly@example.net,UNITED STATES,AMERICA,NONE,FALSE
3912,Gabriela Mckinney,lisa95@example.com,UNITED STATES,AMERICA,GREEN,TRUE
3913,Paul Patterson,kelly17@example.net,GERMANY,EUROPE,NONE,TRUE
3914,Heather Graham,gcooper@example.org,GERMANY,EUROPE,NONE,FALSE
3915,Ashley Rasmussen,wongsean@example.com,CANADA,AMERICA,GREEN,TRUE
3916,Kevin Logan,brenda35@example.net,UNITED STATES,AMERICA,GREEN,FALSE
3917,Jason Lewis,madelinehenderson@example.net,NETHERLANDS,EUROPE,GREEN,FALSE
3918,Katelyn Davis,brownsean@example.com,UNITED KINGDOM,EUROPE,SILVER,TRUE
3919,Theresa Martinez,daisy57@example.com,NETHERLANDS,EUROPE,GREEN,FALSE
3920,Nancy Allen,morgan94@example.net,JAPAN,ASIA,GREEN,TRUE
3921,Michael Castaneda,colleenvance@example.org,UNITED KINGDOM,EUROPE,GREEN,FALSE
3922,Gregory Hernandez,daniellewebb@example.net,UNITED STATES,AMERICA,GOLD,TRUE
3923,Kaitlyn Howard,kbarrett@example.net,UNITED STATES,AMERICA,SILVER,TRUE
3924,Daniel Hull,ymcclure@example.com,FRANCE,EUROPE,NONE,FALSE
3925,Tiffany Kennedy,petersonann@example.net,UNITED STATES,AMERICA,NONE,TRUE
3926,Amy Warren,rmoyer@example.net,GERMANY,EUROPE,NONE,TRUE
3927,Diamond Randolph,freemanbarbara@example.org,NETHERLANDS,EUROPE,NONE,FALSE
3928,Barbara Turner MD,patrick11@example.net,UNITED KINGDOM,EUROPE,NONE,TRUE
3929,Daisy Chang,tcox@example.org,UNITED STATES,AMERICA,GREEN,TRUE
3930,Elizabeth Hull,susanli@example.net,UNITED STATES,AMERICA,GOLD,TRUE
3931,Kimberly Pearson,tara23@example.com,JAPAN,ASIA,SILVER,TRUE
3932,Miss Tracy Hansen DVM,dellis@example.com,CANADA,AMERICA,GREEN,FALSE
3933,Stacy Chen,john51@example.org,UNITED STATES,AMERICA,GOLD,TRUE
3934,Matthew Wise,piercefrank@example.org,NETHERLANDS,EUROPE,SILVER,FALSE
3935,Kenneth Richards,awade@example.net,UNITED STATES,AMERICA,SILVER,FALSE
3936,Joshua Ward,andrealewis@example.net,UNITED STATES,AMERICA,GOLD,TRUE
3937,Heather Brown,richard82@example.org,UNITED STATES,AMERICA,GREEN,FALSE
3938,April Smith,wsmith@example.net,CANADA,AMERICA,NONE,TRUE
3939,Victoria Griffin,tonyfrank@example.net,UNITED STATES,AMERICA,SILVER,FALSE
3940,Nicole Butler,lwalton@example.org,NETHERLANDS,EUROPE,NONE,TRUE
3941,Jonathan Pittman,duncanpamela@example.net,CANADA,AMERICA,NONE,FALSE
3942,Jonathan Wheeler,tvasquez@example.net,GERMANY,EUROPE,NONE,TRUE
3943,Jason Sutton,ebailey@example.com,GERMANY,EUROPE,NONE,FALSE
3944,Debra Peterson,scott67@example.com,AUSTRALIA,APAC,NONE,FALSE
3945,Donald Ayala,waynegriffin@example.net,CANADA,AMERICA,NONE,FALSE
3946,John Bell,leematthew@example.org,UNITED STATES,AMERICA,GREEN,FALSE
3947,Amy Kim,randyfrey@example.org,NETHERLANDS,EUROPE,NONE,FALSE
3948,Calvin Paul,michael57@example.org,UNITED KINGDOM,EUROPE,GOLD,TRUE
3949,Logan Baldwin,duartesteven@example.com,NETHERLANDS,EUROPE,GREEN,FALSE
3950,Amanda James,christopher85@example.org,FRANCE,EUROPE,GREEN,TRUE
3951,Denise Ross,irichardson@example.com,JAPAN,ASIA,GOLD,TRUE
3952,Christina Wolf,brownlauren@example.org,UNITED KINGDOM,EUROPE,GREEN,TRUE
3953,Thomas Russell,jamesvasquez@example.org,SPAIN,EUROPE,NONE,TRUE
3954,David Hernandez,heidi28@example.org,GERMANY,EUROPE,SILVER,FALSE
3955,Steven Wall,tylerthompson@example.com,NETHERLANDS,EUROPE,SILVER,FALSE
3956,Christine Johnson,jennifersummers@example.net,GERMANY,EUROPE,SILVER,TRUE
3957,Stacey Smith,douglas34@example.org,JAPAN,ASIA,SILVER,FALSE
3958,Jeremy Adams,jesusgill@example.net,GERMANY,EUROPE,GREEN,TRUE
3959,Mark Eaton,amandarichardson@example.net,GERMANY,EUROPE,GREEN,FALSE
3960,Angela Ward,omacdonald@example.org,UNITED STATES,AMERICA,NONE,FALSE
3961,Daniel Garcia,karen17@example.com,UNITED KINGDOM,EUROPE,GREEN,TRUE
3962,Janice Smith,tphillips@example.com,UNITED KINGDOM,EUROPE,GREEN,TRUE
3963,Nicholas Vazquez,richardsonelizabeth@example.net,UNITED STATES,AMERICA,GREEN,FALSE
3964,Julie Barnett,uroberts@example.org,FRANCE,EUROPE,NONE,TRUE
3965,Lori Cole,xboyd@example.net,GERMANY,EUROPE,GOLD,TRUE
3966,Nicholas Anderson,cynthiaarmstrong@example.org,NETHERLANDS,EUROPE,NONE,FALSE
3967,Lisa Lawson,ericamiller@example.com,UNITED STATES,AMERICA,NONE,FALSE
3968,Christopher Wheeler,katherine65@example.com,GERMANY,EUROPE,NONE,TRUE
3969,Melanie Luna,martinfoster@example.com,GERMANY,EUROPE,GREEN,TRUE
3970,Nancy Warren,powellstephen@example.com,GERMANY,EUROPE,NONE,FALSE
3971,John Pitts PhD,jwright@example.net,UNITED STATES,AMERICA,GREEN,FALSE
3972,Luis Zamora,hallmatthew@example.com,UNITED STATES,AMERICA,SILVER,FALSE
3973,John Jackson,nguyenashlee@example.com,GERMANY,EUROPE,SILVER,TRUE
3974,Michael Phillips,mperez@example.com,FRANCE,EUROPE,GREEN,TRUE
3975,Sylvia Roberts,angelabailey@example.net,UNITED STATES,AMERICA,GREEN,FALSE
3976,Jack Osborne,james70@example.net,JAPAN,ASIA,NONE,FALSE
3977,Andre Hernandez PhD,batesjill@example.com,UNITED STATES,AMERICA,SILVER,FALSE
3978,Jamie Bennett,michaelmyers@example.com,FRANCE,EUROPE,NONE,FALSE
3979,Michael Lopez,justinwagner@example.com,GERMANY,EUROPE,GREEN,TRUE
3980,Linda Jones,gsmith@example.net,CANADA,AMERICA,SILVER,FALSE
3981,Larry Turner,ufoster@example.org,UNITED KINGDOM,EUROPE,NONE,FALSE
3982,Christine Trevino,roberttorres@example.com,UNITED KINGDOM,EUROPE,NONE,TRUE
3983,Kristin Duncan,elizabethpalmer@example.net,UNITED KINGDOM,EUROPE,GREEN,FALSE
3984,Todd Davis,ynorton@example.net,UNITED STATES,AMERICA,GOLD,TRUE
3985,Linda Simpson,xcarter@example.net,GERMANY,EUROPE,GREEN,FALSE
3986,Holly Herring,smithmichael@example.com,UNITED STATES,AMERICA,NONE,FALSE
3987,Michelle Barnes,jonathan73@example.net,AUSTRALIA,APAC,SILVER,FALSE
3988,Cynthia Alexander,manningkristin@example.net,UNITED KINGDOM,EUROPE,NONE,FALSE
3989,Jonathan Armstrong,paul51@example.net,UNITED STATES,AMERICA,GREEN,FALSE
3990,Joshua Shannon,lramos@example.net,AUSTRALIA,APAC,GREEN,FALSE
3991,Kimberly Young,qhill@example.com,UNITED STATES,AMERICA,GREEN,TRUE
3992,Robert Romero,wesleyfoster@example.net,AUSTRALIA,APAC,GOLD,TRUE
3993,Chase Williams,zramirez@example.net,AUSTRALIA,APAC,NONE,FALSE
3994,Carol Arias,kim35@example.com,UNITED STATES,AMERICA,NONE,TRUE
3995,Linda Thompson,lopezcurtis@example.com,UNITED KINGDOM,EUROPE,GOLD,TRUE
3996,Rodney Gordon,smithamy@example.org,GERMANY,EUROPE,NONE,FALSE
3997,Eric Howell,tsimmons@example.net,SWEDEN,EUROPE,SILVER,FALSE
3998,Christy Powell,bhill@example.net,FRANCE,EUROPE,NONE,TRUE
3999,Barbara Harmon,simmonsjacob@example.org,UNITED KINGDOM,EUROPE,GREEN,TRUE
4000,Amanda Webster,whale@example.net,SPAIN,EUROPE,GOLD,TRUE
4001,Michelle Dawson,littlerebecca@example.org,UNITED KINGDOM,EUROPE,GREEN,TRUE
4002,Ronald Martinez,jasonwatson@example.net,UNITED STATES,AMERICA,GREEN,FALSE
4003,Mike Morales,briggszachary@example.com,FRANCE,EUROPE,GREEN,TRUE
4004,Pamela Johnson,kristen73@example.net,SWEDEN,EUROPE,NONE,FALSE
4005,William Wilkerson,lopezkelly@example.com,UNITED KINGDOM,EUROPE,SILVER,FALSE
4006,Anna Weaver,angelica61@example.net,FRANCE,EUROPE,NONE,FALSE
4007,Keith Lane,robingarrett@example.net,GERMANY,EUROPE,NONE,TRUE
4008,Shawn Rogers,powersjodi@example.net,FRANCE,EUROPE,GREEN,FALSE
4009,Timothy Jenkins,bmiller@example.net,AUSTRALIA,APAC,GREEN,FALSE
4010,John Herrera DDS,carlaharris@example.org,JAPAN,ASIA,NONE,TRUE
4011,Theresa Atkinson,andre19@example.com,AUSTRALIA,APAC,NONE,TRUE
4012,Victor Robinson,charleslee@example.net,SWEDEN,EUROPE,GOLD,TRUE
4013,Vernon Williams,blake03@example.com,GERMANY,EUROPE,NONE,TRUE
4014,Angel Hickman,jcox@example.com,UNITED STATES,AMERICA,NONE,TRUE
4015,Mitchell Scott,pricedaniel@example.net,UNITED STATES,AMERICA,GREEN,FALSE
4016,Theresa White,vmccormick@example.org,GERMANY,EUROPE,SILVER,FALSE
4017,Marie Rangel,xvargas@example.org,JAPAN,ASIA,GREEN,FALSE
4018,John Davis,wilsonryan@example.net,GERMANY,EUROPE,GREEN,FALSE
4019,Bradley Martinez,michellepage@example.org,GERMANY,EUROPE,NONE,TRUE
4020,Lisa Franklin,jameswhite@example.com,FRANCE,EUROPE,NONE,TRUE
4021,Nichole Mack,brianfrench@example.org,FRANCE,EUROPE,NONE,TRUE
4022,Duane Bates,speters@example.net,UNITED STATES,AMERICA,NONE,TRUE
4023,Whitney Ochoa,keithjane@example.net,CANADA,AMERICA,NONE,TRUE
4024,Phillip Dalton,rasmussenmichael@example.com,UNITED STATES,AMERICA,SILVER,FALSE
4025,Austin Webster,laurasmith@example.org,GERMANY,EUROPE,NONE,TRUE
4026,Donald Garcia,kingjulie@example.com,SWEDEN,EUROPE,SILVER,FALSE
4027,Sherri Miles,qmeadows@example.org,UNITED KINGDOM,EUROPE,SILVER,TRUE
4028,Kristen Young,qelliott@example.com,NETHERLANDS,EUROPE,GREEN,FALSE
4029,Heather Wilkins,garzalisa@example.net,AUSTRALIA,APAC,NONE,TRUE
4030,Terry Mason,scarey@example.com,AUSTRALIA,APAC,SILVER,TRUE
4031,James Wheeler,gabriellelittle@example.com,UNITED KINGDOM,EUROPE,GREEN,TRUE
4032,Amanda Scott,christian29@example.net,FRANCE,EUROPE,GREEN,FALSE
4033,Manuel Gibson,lvelez@example.com,UNITED STATES,AMERICA,GREEN,TRUE
4034,Megan Burton,shawn69@example.org,AUSTRALIA,APAC,NONE,FALSE
4035,Renee Lee,myersmelissa@example.com,GERMANY,EUROPE,SILVER,FALSE
4036,Joseph Mccoy Jr.,emily68@example.com,JAPAN,ASIA,NONE,FALSE
4037,Alexis Church,zanderson@example.com,NETHERLANDS,EUROPE,GREEN,TRUE
4038,Angela Blake,utaylor@example.net,UNITED KINGDOM,EUROPE,SILVER,TRUE
4039,Adam Lopez,josephpugh@example.net,FRANCE,EUROPE,NONE,TRUE
4040,Lynn Hartman,cwebb@example.org,NETHERLANDS,EUROPE,NONE,FALSE
4041,James Combs,sunderwood@example.org,SPAIN,EUROPE,SILVER,TRUE
4042,Steven Underwood,ncrane@example.org,UNITED STATES,AMERICA,GREEN,FALSE
4043,Brittany Hernandez,susanpeterson@example.com,NETHERLANDS,EUROPE,NONE,TRUE
4044,Jeanette Johnson,julie89@example.com,UNITED STATES,AMERICA,NONE,TRUE
4045,Sherry Chavez,coxmelinda@example.com,UNITED KINGDOM,EUROPE,NONE,TRUE
4046,Alejandra Ward,marksaunders@example.org,UNITED STATES,AMERICA,NONE,FALSE
4047,Kayla Watson,nsmith@example.net,CANADA,AMERICA,SILVER,TRUE
4048,Matthew Allen,jessicadawson@example.org,AUSTRALIA,APAC,NONE,FALSE
4049,Sophia Morse,sabrina31@example.com,CANADA,AMERICA,GREEN,TRUE
4050,Margaret Jones,aguirreamanda@example.com,GERMANY,EUROPE,NONE,TRUE
4051,Deborah Meadows,erinreid@example.com,UNITED KINGDOM,EUROPE,GREEN,TRUE
4052,Kimberly Norris,brandon21@example.org,UNITED STATES,AMERICA,GREEN,TRUE
4053,Joseph Perez,travisbentley@example.net,GERMANY,EUROPE,GREEN,TRUE
4054,Kelly Shaw,choilinda@example.net,CANADA,AMERICA,GOLD,TRUE
4055,Scott Martin,dcooper@example.net,AUSTRALIA,APAC,NONE,TRUE
4056,Nicole Graham,erinward@example.com,UNITED STATES,AMERICA,GREEN,TRUE
4057,Douglas Raymond,michelle63@example.net,GERMANY,EUROPE,SILVER,FALSE
4058,Joseph Patel,kaitlyngay@example.net,UNITED STATES,AMERICA,GREEN,TRUE
4059,Eric Adkins,danielleharris@example.org,GERMANY,EUROPE,GREEN,TRUE
4060,John Fox,angelarivera@example.org,UNITED KINGDOM,EUROPE,GREEN,TRUE
4061,Jacob Spencer,williamruiz@example.org,UNITED STATES,AMERICA,NONE,FALSE
4062,Mrs. Kaitlyn James,ierickson@example.org,GERMANY,EUROPE,NONE,FALSE
4063,Tracy Evans,qmiller@example.org,UNITED KINGDOM,EUROPE,NONE,TRUE
4064,John Clark,jenniferprice@example.com,JAPAN,ASIA,SILVER,FALSE
4065,Ashley Waters,randydavis@example.net,CANADA,AMERICA,NONE,TRUE
4066,Ryan Joseph,scottstephanie@example.org,GERMANY,EUROPE,GREEN,TRUE
4067,Robert Smith,smiller@example.com,UNITED KINGDOM,EUROPE,GOLD,TRUE
4068,Richard Harper,michael74@example.com,UNITED KINGDOM,EUROPE,SILVER,FALSE
4069,Cindy Larson,hdavis@example.net,UNITED KINGDOM,EUROPE,NONE,FALSE
4070,Cristina Cardenas,kristen72@example.net,CANADA,AMERICA,NONE,FALSE
4071,Luis Johnson,bradyjulie@example.net,UNITED STATES,AMERICA,NONE,TRUE
4072,Edward Greene,tdiaz@example.net,NETHERLANDS,EUROPE,GREEN,FALSE
4073,Robin Love,grossalexandra@example.org,GERMANY,EUROPE,GREEN,FALSE
4074,Karen Powell,darrellarmstrong@example.org,AUSTRALIA,APAC,NONE,TRUE
4075,Mr. Jesus Levine II,travisroberts@example.org,GERMANY,EUROPE,SILVER,FALSE
4076,Christine Wilson,jacobpitts@example.com,UNITED STATES,AMERICA,NONE,TRUE
4077,Andrew Hobbs,robertsjamie@example.org,CANADA,AMERICA,NONE,TRUE
4078,Dr. Sherry Humphrey,laurenpeters@example.com,SWEDEN,EUROPE,GREEN,TRUE
4079,Nathan Crawford,stevensjeffrey@example.com,UNITED KINGDOM,EUROPE,NONE,FALSE
4080,Zachary Farmer,rsmith@example.com,AUSTRALIA,APAC,GREEN,FALSE
4081,Mitchell Martin,davidrasmussen@example.net,SPAIN,EUROPE,GREEN,TRUE
4082,Beth Carpenter,michelegordon@example.net,UNITED STATES,AMERICA,NONE,TRUE
4083,Justin Green,qanderson@example.net,JAPAN,ASIA,GREEN,TRUE
4084,Linda Gonzalez,escobarjennifer@example.com,FRANCE,EUROPE,NONE,TRUE
4085,Yvette Jordan,eileenjohnson@example.com,UNITED KINGDOM,EUROPE,GREEN,TRUE
4086,Vincent Johnson,amy31@example.org,FRANCE,EUROPE,SILVER,FALSE
4087,Matthew Baker,adriana49@example.net,UNITED KINGDOM,EUROPE,SILVER,FALSE
4088,Vincent Barrett,jbell@example.com,FRANCE,EUROPE,NONE,FALSE
4089,Allen Price,taylorfleming@example.com,CANADA,AMERICA,GREEN,TRUE
4090,Alicia Hansen,kristinaking@example.net,GERMANY,EUROPE,NONE,TRUE
4091,Michael Barber,sara85@example.net,GERMANY,EUROPE,GREEN,FALSE
4092,Carol Dean,mberry@example.org,UNITED STATES,AMERICA,SILVER,FALSE
4093,Samuel Lee,frogers@example.org,JAPAN,ASIA,NONE,FALSE
4094,Joel Stone MD,ashley58@example.com,JAPAN,ASIA,SILVER,TRUE
4095,Roy Parker,mscott@example.org,NETHERLANDS,EUROPE,NONE,TRUE
4096,Connie Cervantes,choidenise@example.com,UNITED STATES,AMERICA,GREEN,FALSE
4097,Richard Wyatt,jameslawson@example.net,GERMANY,EUROPE,GOLD,FALSE
4098,Sarah Wilson,johnsoncharles@example.org,GERMANY,EUROPE,SILVER,TRUE
4099,Felicia Fox,parkerisaac@example.org,FRANCE,EUROPE,NONE,TRUE
4100,David Montgomery,greenbrenda@example.org,FRANCE,EUROPE,NONE,FALSE
4101,Sean Warren,ydavis@example.com,GERMANY,EUROPE,NONE,FALSE
4102,Michele Smith,cooperrebecca@example.org,SWEDEN,EUROPE,NONE,TRUE
4103,Tammy James,omurray@example.com,UNITED KINGDOM,EUROPE,GREEN,TRUE
4104,William Silva,zwilson@example.org,UNITED STATES,AMERICA,GREEN,TRUE
4105,Judith Reynolds,emilybrown@example.net,UNITED STATES,AMERICA,NONE,TRUE
4106,Latoya Gonzales,paulapruitt@example.net,UNITED KINGDOM,EUROPE,GOLD,TRUE
4107,Mrs. Sarah Brewer,robyn79@example.org,UNITED STATES,AMERICA,NONE,FALSE
4108,Shawn Owens,wilsonmatthew@example.net,UNITED STATES,AMERICA,NONE,FALSE
4109,Sandra Owens,zharris@example.org,GERMANY,EUROPE,SILVER,FALSE
4110,Sarah Smith,aromero@example.net,SWEDEN,EUROPE,GOLD,FALSE
4111,Kimberly Davidson,cwebster@example.net,FRANCE,EUROPE,GREEN,TRUE
4112,Larry Gonzalez,vincent79@example.com,FRANCE,EUROPE,GREEN,FALSE
4113,Tiffany Moon,fhill@example.org,GERMANY,EUROPE,NONE,TRUE
4114,Curtis Burns,zbarrett@example.com,CANADA,AMERICA,NONE,TRUE
4115,Rhonda Lindsey,april66@example.net,JAPAN,ASIA,GOLD,FALSE
4116,Kevin Baker,wgarner@example.com,UNITED STATES,AMERICA,NONE,TRUE
4117,Rhonda Allen,umeadows@example.net,GERMANY,EUROPE,NONE,FALSE
4118,Mark King,john72@example.net,UNITED KINGDOM,EUROPE,NONE,TRUE
4119,Kristin Nelson,oedwards@example.net,NETHERLANDS,EUROPE,NONE,FALSE
4120,Faith Johnson,wballard@example.com,GERMANY,EUROPE,SILVER,TRUE
4121,Teresa Mejia,xwarren@example.org,UNITED STATES,AMERICA,GREEN,FALSE
4122,Christina Ferguson,lcarpenter@example.net,AUSTRALIA,APAC,SILVER,FALSE
4123,Danielle Burke,theresa80@example.net,UNITED STATES,AMERICA,SILVER,TRUE
4124,Roberta Johnson,stephenbrown@example.com,FRANCE,EUROPE,SILVER,TRUE
4125,Aaron Hobbs,gregorymayo@example.com,FRANCE,EUROPE,SILVER,TRUE
4126,Emily Williams,rickblack@example.net,UNITED STATES,AMERICA,NONE,FALSE
4127,Kevin Harris,sandra74@example.net,GERMANY,EUROPE,NONE,TRUE
4128,Michael Cuevas,vshields@example.org,AUSTRALIA,APAC,NONE,TRUE
4129,Samuel Lynn,ygonzalez@example.net,NETHERLANDS,EUROPE,NONE,TRUE
4130,Deborah Rogers,kimberlyerickson@example.net,UNITED KINGDOM,EUROPE,GREEN,TRUE
4131,Robert Brown,smithcourtney@example.com,SWEDEN,EUROPE,SILVER,TRUE
4132,Robert Rodriguez,danny48@example.com,UNITED STATES,AMERICA,GREEN,TRUE
4133,Julia Knight,mharris@example.org,AUSTRALIA,APAC,NONE,FALSE
4134,Alison Miller,jason57@example.net,JAPAN,ASIA,SILVER,FALSE
4135,Michael Kennedy,melissajohnson@example.com,UNITED KINGDOM,EUROPE,SILVER,FALSE
4136,Patricia Parks,wjohnson@example.com,UNITED STATES,AMERICA,GREEN,FALSE
4137,Jamie Rose,ryan70@example.com,UNITED STATES,AMERICA,NONE,TRUE
4138,Ryan Lyons,pughcarol@example.org,UNITED KINGDOM,EUROPE,NONE,FALSE
4139,Jennifer Davis,ashleyanderson@example.com,NETHERLANDS,EUROPE,GREEN,TRUE
4140,Jack Newman,susan13@example.org,CANADA,AMERICA,GREEN,TRUE
4141,Dr. Jeremy Cook DDS,burnscarl@example.org,UNITED STATES,AMERICA,NONE,TRUE
4142,Nicole Kirk,david06@example.com,NETHERLANDS,EUROPE,NONE,FALSE
4143,Andrew Gibson,kathleenbecker@example.com,JAPAN,ASIA,SILVER,FALSE
4144,Nicholas Hunt,lindaperez@example.net,AUSTRALIA,APAC,GREEN,TRUE
4145,Heather Lewis,donna04@example.com,NETHERLANDS,EUROPE,GREEN,TRUE
4146,Karen Palmer,lopezmichelle@example.net,FRANCE,EUROPE,GREEN,FALSE
4147,Katie Conner,qlara@example.org,UNITED STATES,AMERICA,GREEN,TRUE
4148,Angela Vasquez,julie84@example.com,SPAIN,EUROPE,SILVER,TRUE
4149,Stacy Pierce DDS,wendy93@example.org,GERMANY,EUROPE,GREEN,FALSE
4150,Cody Garrett,xsims@example.com,JAPAN,ASIA,NONE,TRUE
4151,Micheal Peterson,xharvey@example.org,GERMANY,EUROPE,SILVER,TRUE
4152,Isaiah Clark,nolancatherine@example.net,UNITED STATES,AMERICA,GREEN,FALSE
4153,Jennifer Gonzalez,chunglynn@example.org,JAPAN,ASIA,GREEN,TRUE
4154,Heather Brandt,joseph03@example.org,UNITED KINGDOM,EUROPE,GREEN,FALSE
4155,Marvin Wilson,joshua02@example.net,UNITED STATES,AMERICA,NONE,FALSE
4156,Tim Johnson,michelleburton@example.com,SWEDEN,EUROPE,GREEN,TRUE
4157,Justin Morse,johnsondavid@example.org,UNITED KINGDOM,EUROPE,NONE,TRUE
4158,Kim Lyons,imahoney@example.org,UNITED STATES,AMERICA,NONE,FALSE
4159,Shannon Casey,knightrenee@example.org,GERMANY,EUROPE,SILVER,FALSE
4160,Hannah Schmidt,hrobinson@example.com,JAPAN,ASIA,NONE,TRUE
4161,Roger Greene,brendafox@example.net,CANADA,AMERICA,NONE,TRUE
4162,Ronald Rivera,joel15@example.org,JAPAN,ASIA,NONE,FALSE
4163,Katelyn Heath,kathyberg@example.com,AUSTRALIA,APAC,NONE,FALSE
4164,Sarah Matthews,gordonjack@example.com,CANADA,AMERICA,NONE,TRUE
4165,John Barnes,rogersmatthew@example.org,NETHERLANDS,EUROPE,NONE,TRUE
4166,Timothy Martinez,nluna@example.com,UNITED STATES,AMERICA,GREEN,FALSE
4167,Deborah Shaw,zgarcia@example.com,UNITED KINGDOM,EUROPE,GREEN,FALSE
4168,Michael Phillips,brenda15@example.net,UNITED STATES,AMERICA,NONE,FALSE
4169,Kenneth Pena,richard40@example.org,GERMANY,EUROPE,SILVER,FALSE
4170,Alyssa Cantu,xlarson@example.com,SWEDEN,EUROPE,SILVER,TRUE
4171,Lindsay Marsh,michealcook@example.net,UNITED STATES,AMERICA,NONE,FALSE
4172,Antonio Sherman,elizabethgriffin@example.com,UNITED STATES,AMERICA,GREEN,FALSE
4173,Randall Hayes,rpeck@example.com,FRANCE,EUROPE,NONE,TRUE
4174,Catherine Campbell,martinezwillie@example.org,FRANCE,EUROPE,NONE,FALSE
4175,Nancy Burnett,timothyharrison@example.org,GERMANY,EUROPE,SILVER,TRUE
4176,Antonio Mitchell,patricia94@example.net,UNITED KINGDOM,EUROPE,NONE,FALSE
4177,Laura Mclaughlin,umosley@example.org,GERMANY,EUROPE,NONE,FALSE
4178,Casey Byrd,kristin71@example.org,NETHERLANDS,EUROPE,NONE,TRUE
4179,Kevin Cooper,conradkimberly@example.com,UNITED STATES,AMERICA,NONE,FALSE
4180,Marcus Moody,yturner@example.org,GERMANY,EUROPE,SILVER,FALSE
4181,Victoria Henry,msanders@example.org,UNITED STATES,AMERICA,SILVER,TRUE
4182,Ruth Fry,joshuacrawford@example.net,JAPAN,ASIA,SILVER,FALSE
4183,Amy Campbell,matthew34@example.com,UNITED STATES,AMERICA,GREEN,FALSE
4184,Victor Barron,sandra21@example.com,SPAIN,EUROPE,GREEN,FALSE
4185,Tina Alvarado MD,wlyons@example.com,UNITED KINGDOM,EUROPE,GREEN,FALSE
4186,Anthony Hoover,katherine49@example.org,AUSTRALIA,APAC,NONE,TRUE
4187,Jason Robbins,james71@example.com,UNITED STATES,AMERICA,NONE,TRUE
4188,Melanie Hansen,claytonrobbins@example.com,FRANCE,EUROPE,NONE,FALSE
4189,Courtney Hawkins,osbornechristina@example.org,NETHERLANDS,EUROPE,SILVER,TRUE
4190,Mary Fisher,debbie01@example.org,UNITED STATES,AMERICA,SILVER,TRUE
4191,Richard Arnold,davismike@example.org,NETHERLANDS,EUROPE,NONE,FALSE
4192,Christopher Mitchell,carrjames@example.net,UNITED KINGDOM,EUROPE,NONE,FALSE
4193,Michelle Shepard,lsanchez@example.org,CANADA,AMERICA,NONE,FALSE
4194,Aaron Caldwell,amyfields@example.net,UNITED STATES,AMERICA,SILVER,FALSE
4195,Matthew Crane,allisoncampbell@example.com,CANADA,AMERICA,NONE,TRUE
4196,Nicole Gutierrez,preynolds@example.net,SPAIN,EUROPE,NONE,FALSE
4197,Shirley Brock,stephenskerry@example.net,UNITED KINGDOM,EUROPE,NONE,TRUE
4198,Edward Newton,egraham@example.com,AUSTRALIA,APAC,NONE,TRUE
4199,Robert Parker,scottdeborah@example.org,UNITED STATES,AMERICA,GREEN,TRUE
4200,Pamela Gill,crussell@example.net,UNITED STATES,AMERICA,SILVER,TRUE
4201,Erin Davis,twallace@example.com,CANADA,AMERICA,SILVER,FALSE
4202,Caroline Price,talvarado@example.com,CANADA,AMERICA,GREEN,TRUE
4203,Leonard Mcgrath,john55@example.com,UNITED STATES,AMERICA,SILVER,TRUE
4204,Matthew Gonzalez,alejandro26@example.net,GERMANY,EUROPE,NONE,TRUE
4205,Sarah Mcmillan,ladams@example.com,UNITED KINGDOM,EUROPE,SILVER,FALSE
4206,Michael Morton,benjamindavid@example.net,SPAIN,EUROPE,NONE,TRUE
4207,Charles Harrington,johnbarton@example.net,SWEDEN,EUROPE,NONE,FALSE
4208,Maria Adams,dtaylor@example.org,UNITED STATES,AMERICA,NONE,TRUE
4209,David Mann,brian61@example.org,UNITED KINGDOM,EUROPE,NONE,FALSE
4210,Katherine Turner,tyler30@example.com,UNITED STATES,AMERICA,NONE,FALSE
4211,Erin Cruz,emma76@example.net,SWEDEN,EUROPE,NONE,TRUE
4212,Sydney Pollard,jshaw@example.net,NETHERLANDS,EUROPE,SILVER,TRUE
4213,Stephen Rogers,sabrinawalsh@example.com,GERMANY,EUROPE,NONE,FALSE
4214,Debbie Scott,jason63@example.org,FRANCE,EUROPE,NONE,FALSE
4215,Jacob Rodriguez,qkelly@example.com,FRANCE,EUROPE,NONE,FALSE
4216,Antonio Hernandez,dramos@example.net,AUSTRALIA,APAC,NONE,FALSE
4217,Jacob Williams,christopher91@example.net,FRANCE,EUROPE,NONE,TRUE
4218,Hannah Raymond,ballardrobert@example.net,FRANCE,EUROPE,SILVER,TRUE
4219,Danny Koch,brandon14@example.org,UNITED STATES,AMERICA,GREEN,TRUE
4220,Sandra Mckinney,anolan@example.net,NETHERLANDS,EUROPE,GOLD,FALSE
4221,Charlotte Burns DDS,chandavid@example.org,UNITED KINGDOM,EUROPE,NONE,TRUE
4222,April Williams,doyletravis@example.org,CANADA,AMERICA,NONE,TRUE
4223,Cameron Miller,michael49@example.com,UNITED STATES,AMERICA,NONE,TRUE
4224,Kyle Cook,thomaswarner@example.com,NETHERLANDS,EUROPE,NONE,TRUE
4225,Jessica Bernard,jason83@example.org,UNITED KINGDOM,EUROPE,GREEN,FALSE
4226,Sean Burton,vdennis@example.net,FRANCE,EUROPE,SILVER,FALSE
4227,Daniel Patterson,larsoneric@example.org,NETHERLANDS,EUROPE,NONE,TRUE
4228,Joshua Bryant,linda37@example.org,GERMANY,EUROPE,GREEN,FALSE
4229,Jeremy Levy,bradleysanchez@example.net,AUSTRALIA,APAC,SILVER,TRUE
4230,Douglas Marsh,robertjenkins@example.com,AUSTRALIA,APAC,NONE,TRUE
4231,Casey Harris,strongtammy@example.com,UNITED STATES,AMERICA,NONE,TRUE
4232,Jennifer Thomas,vnguyen@example.org,UNITED STATES,AMERICA,NONE,FALSE
4233,Todd Shannon,richardsnow@example.net,GERMANY,EUROPE,SILVER,FALSE
4234,Jesse Edwards,smithsusan@example.net,GERMANY,EUROPE,GREEN,TRUE
4235,Sylvia Leblanc,lwilliams@example.org,UNITED STATES,AMERICA,SILVER,FALSE
4236,Tyler Barton,christophermills@example.com,UNITED STATES,AMERICA,GOLD,FALSE
4237,Michael Harris,teresadiaz@example.org,UNITED KINGDOM,EUROPE,SILVER,TRUE
4238,Crystal Horton,alvingrimes@example.com,UNITED STATES,AMERICA,SILVER,TRUE
4239,Morgan Haynes,pittsrobert@example.com,UNITED STATES,AMERICA,GREEN,FALSE
4240,Stephanie Perkins,dustinrodriguez@example.net,SWEDEN,EUROPE,SILVER,TRUE
4241,Charles Thompson,robert85@example.net,UNITED KINGDOM,EUROPE,SILVER,TRUE
4242,Erin Rodriguez,thomasaustin@example.org,NETHERLANDS,EUROPE,GREEN,FALSE
4243,Marissa Brown,amy05@example.org,NETHERLANDS,EUROPE,SILVER,TRUE
4244,Daniel Mitchell,jennifer36@example.org,UNITED STATES,AMERICA,GOLD,TRUE
4245,Abigail Olson,holly37@example.net,UNITED KINGDOM,EUROPE,NONE,TRUE
4246,April Weiss,david43@example.com,UNITED STATES,AMERICA,SILVER,FALSE
4247,Amanda Lucas,hartmanalex@example.net,CANADA,AMERICA,SILVER,FALSE
4248,Antonio Fuentes,jane92@example.net,NETHERLANDS,EUROPE,SILVER,FALSE
4249,Sandra Walker,samanthaburton@example.net,SWEDEN,EUROPE,NONE,TRUE
4250,Anna May,oscar17@example.com,UNITED KINGDOM,EUROPE,GREEN,TRUE
4251,Jaime Gomez,snyderjodi@example.net,NETHERLANDS,EUROPE,NONE,TRUE
4252,Cynthia Gallagher,pollardgina@example.net,JAPAN,ASIA,SILVER,FALSE
4253,Roger Miller,jobrien@example.org,SWEDEN,EUROPE,GOLD,FALSE
4254,Matthew Freeman,wandabennett@example.net,UNITED STATES,AMERICA,NONE,TRUE
4255,Mr. Micheal Scott V,tbell@example.net,SPAIN,EUROPE,SILVER,FALSE
4256,Willie Kelly,tiffanycook@example.org,GERMANY,EUROPE,NONE,TRUE
4257,Isabella Smith,yphelps@example.com,AUSTRALIA,APAC,SILVER,TRUE
4258,Dean White,harrisonnicole@example.com,NETHERLANDS,EUROPE,NONE,FALSE
4259,Matthew Griffith,qrodriguez@example.org,GERMANY,EUROPE,NONE,FALSE
4260,Peter Spence,efrench@example.org,UNITED KINGDOM,EUROPE,NONE,FALSE
4261,Kayla Grimes,johnsoncatherine@example.org,UNITED STATES,AMERICA,SILVER,FALSE
4262,Aaron Banks,megan08@example.org,UNITED KINGDOM,EUROPE,SILVER,FALSE
4263,Amber Brennan,victorsullivan@example.org,UNITED KINGDOM,EUROPE,SILVER,TRUE
4264,Haley Anthony,fmarshall@example.com,SPAIN,EUROPE,GOLD,FALSE
4265,Angela Lambert,yanderson@example.net,UNITED KINGDOM,EUROPE,SILVER,TRUE
4266,Tyler Garcia,ronald96@example.com,UNITED STATES,AMERICA,GOLD,FALSE
4267,Victor Cole,suzanne56@example.net,AUSTRALIA,APAC,GREEN,TRUE
4268,Melissa Mooney,edwardgomez@example.org,AUSTRALIA,APAC,NONE,TRUE
4269,Isabella Allen,urobles@example.net,UNITED STATES,AMERICA,GREEN,FALSE
4270,Lisa Bell,crawforddaniel@example.com,UNITED STATES,AMERICA,NONE,FALSE
4271,Sherry Sharp,mfowler@example.com,UNITED KINGDOM,EUROPE,NONE,TRUE
4272,Kristen Simon,qacosta@example.net,UNITED STATES,AMERICA,NONE,FALSE
4273,William Porter,nathanielmercer@example.net,FRANCE,EUROPE,NONE,FALSE
4274,Theresa Pena,javier35@example.com,GERMANY,EUROPE,NONE,FALSE
4275,Leslie Walton,michaelmejia@example.org,UNITED STATES,AMERICA,SILVER,TRUE
4276,Amy James,ronald91@example.org,AUSTRALIA,APAC,SILVER,TRUE
4277,John Ray,khayden@example.org,UNITED STATES,AMERICA,GREEN,TRUE
4278,David Johnson,sanchezangela@example.net,UNITED STATES,AMERICA,GREEN,FALSE
4279,Frank Long,zacharyrojas@example.com,FRANCE,EUROPE,NONE,TRUE
4280,David Cameron,rodneyjackson@example.org,FRANCE,EUROPE,NONE,FALSE
4281,Destiny Dunn,gking@example.org,NETHERLANDS,EUROPE,GREEN,TRUE
4282,Justin Powell,kellyrichardson@example.com,FRANCE,EUROPE,GREEN,TRUE
4283,William Owen,bethmiller@example.net,UNITED STATES,AMERICA,NONE,FALSE
4284,Jeffrey Bullock,mcguireashley@example.com,CANADA,AMERICA,GREEN,TRUE
4285,Roberta Gonzales,stewarttammy@example.net,UNITED STATES,AMERICA,NONE,FALSE
4286,Misty Norman,ellisjames@example.org,AUSTRALIA,APAC,GREEN,FALSE
4287,Christine Davidson,michaelshaw@example.net,JAPAN,ASIA,SILVER,TRUE
4288,Michael Simpson,vincentdonald@example.com,GERMANY,EUROPE,SILVER,TRUE
4289,Malik Robertson,oscarmiles@example.com,SPAIN,EUROPE,SILVER,TRUE
4290,Harold Butler,james91@example.com,GERMANY,EUROPE,SILVER,TRUE
4291,Stacy Gibbs,drakeamanda@example.com,NETHERLANDS,EUROPE,GOLD,TRUE
4292,Kenneth Nelson,joseph10@example.net,UNITED STATES,AMERICA,SILVER,FALSE
4293,Elijah Hodge,mgreen@example.com,UNITED STATES,AMERICA,NONE,TRUE
4294,Kevin Wilson,rodriguezalicia@example.org,GERMANY,EUROPE,SILVER,FALSE
4295,Sherry Mendez,lewiseric@example.net,UNITED STATES,AMERICA,GOLD,FALSE
4296,Jacqueline Maddox,jason48@example.net,UNITED STATES,AMERICA,GREEN,TRUE
4297,Brandon Moran,wyattkevin@example.com,SWEDEN,EUROPE,NONE,TRUE
4298,Marvin Harrell,rmitchell@example.org,FRANCE,EUROPE,NONE,TRUE
4299,Eric Everett,justin20@example.org,GERMANY,EUROPE,SILVER,TRUE
4300,Sandra Peterson,laura92@example.org,CANADA,AMERICA,NONE,TRUE
4301,Laura Smith,potterjohn@example.com,FRANCE,EUROPE,NONE,TRUE
4302,James Gentry,marissa47@example.net,GERMANY,EUROPE,GREEN,TRUE
4303,Matthew Butler,sarafox@example.org,FRANCE,EUROPE,NONE,TRUE
4304,Kenneth Ayala,myersmatthew@example.org,AUSTRALIA,APAC,GREEN,FALSE
4305,Phillip Miller,aaronjackson@example.com,AUSTRALIA,APAC,GOLD,FALSE
4306,Katherine Ross,mrobertson@example.com,AUSTRALIA,APAC,SILVER,TRUE
4307,Matthew Miller,joseph33@example.net,NETHERLANDS,EUROPE,GREEN,TRUE
4308,James Simon,taylormatthew@example.net,AUSTRALIA,APAC,NONE,TRUE
4309,Andrea Conway,andrea79@example.org,CANADA,AMERICA,GREEN,TRUE
4310,Monica Dunn,padillagregory@example.com,UNITED STATES,AMERICA,GREEN,TRUE
4311,Carolyn Olsen,daycurtis@example.com,NETHERLANDS,EUROPE,NONE,TRUE
4312,Kevin Lawson,robertsjustin@example.org,UNITED STATES,AMERICA,GREEN,FALSE
4313,Jose Cox,lvalenzuela@example.org,UNITED STATES,AMERICA,NONE,TRUE
4314,Diane Jackson,eric12@example.net,UNITED STATES,AMERICA,GREEN,TRUE
4315,Jerry Wu,brettbarrera@example.net,UNITED STATES,AMERICA,NONE,FALSE
4316,Eric Montgomery,npowell@example.com,CANADA,AMERICA,SILVER,TRUE
4317,Melissa Thomas,sheilagreene@example.org,UNITED STATES,AMERICA,NONE,TRUE
4318,Joyce Barnett,gentrylarry@example.com,UNITED STATES,AMERICA,GREEN,TRUE
4319,Laura Ferrell,james21@example.net,CANADA,AMERICA,SILVER,TRUE
4320,Stephanie Garcia,holmesnicole@example.org,SWEDEN,EUROPE,GREEN,TRUE
4321,James Rich,paigeyoung@example.org,FRANCE,EUROPE,NONE,TRUE
4322,Taylor Dudley,dylanbarber@example.net,GERMANY,EUROPE,SILVER,FALSE
4323,Jennifer Bender,obass@example.org,UNITED STATES,AMERICA,NONE,FALSE
4324,Mrs. Whitney Edwards DVM,erik86@example.com,UNITED STATES,AMERICA,SILVER,TRUE
4325,Robin Wells,collinsdennis@example.net,UNITED KINGDOM,EUROPE,NONE,FALSE
4326,Willie Peck,bbowman@example.net,FRANCE,EUROPE,NONE,FALSE
4327,John Williams,itucker@example.org,UNITED STATES,AMERICA,GREEN,TRUE
4328,Matthew White,megan00@example.org,FRANCE,EUROPE,SILVER,TRUE
4329,Melissa Khan,melissa09@example.net,UNITED STATES,AMERICA,NONE,FALSE
4330,Tracy Thomas,ibrock@example.com,JAPAN,ASIA,GREEN,TRUE
4331,Jeffrey Roberts,kimlisa@example.net,CANADA,AMERICA,GREEN,FALSE
4332,Christine Thompson,wgoodwin@example.net,UNITED KINGDOM,EUROPE,NONE,TRUE
4333,Lauren Flores,jeffreysandoval@example.net,GERMANY,EUROPE,GOLD,TRUE
4334,Timothy Ray,qwong@example.net,JAPAN,ASIA,NONE,FALSE
4335,Roy Dunn,eblack@example.net,GERMANY,EUROPE,GOLD,FALSE
4336,Denise Curtis,michaelsloan@example.net,UNITED STATES,AMERICA,GREEN,FALSE
4337,Joseph Guzman,chadmiller@example.com,AUSTRALIA,APAC,SILVER,FALSE
4338,Leslie Craig,lucasedwards@example.com,UNITED KINGDOM,EUROPE,NONE,FALSE
4339,Hannah Briggs,simpsonnicholas@example.net,UNITED KINGDOM,EUROPE,GOLD,FALSE
4340,Tamara Barrera,donna99@example.com,SWEDEN,EUROPE,SILVER,TRUE
4341,Gregory Gray,abush@example.org,UNITED STATES,AMERICA,SILVER,TRUE
4342,Cynthia Michael,rhonda51@example.net,JAPAN,ASIA,NONE,FALSE
4343,Dawn Ramirez,joshua22@example.com,GERMANY,EUROPE,NONE,FALSE
4344,Gabrielle Gonzalez,jeannewton@example.net,GERMANY,EUROPE,GREEN,TRUE
4345,Edward Perkins,donnagomez@example.net,CANADA,AMERICA,NONE,FALSE
4346,Sydney Johnson,vjimenez@example.org,UNITED STATES,AMERICA,NONE,TRUE
4347,Vanessa Roman,wperez@example.com,SWEDEN,EUROPE,SILVER,TRUE
4348,Alexandra Castaneda,kingtravis@example.com,UNITED STATES,AMERICA,NONE,TRUE
4349,Susan Taylor,dennis78@example.com,NETHERLANDS,EUROPE,GREEN,TRUE
4350,Tina Kaiser,nicolemckenzie@example.org,GERMANY,EUROPE,NONE,FALSE
4351,Roger Rodriguez,alexanderolivia@example.net,FRANCE,EUROPE,NONE,FALSE
4352,Martha Hudson,michaelvalencia@example.net,UNITED STATES,AMERICA,NONE,FALSE
4353,Michael Curry,stephaniewilson@example.org,UNITED KINGDOM,EUROPE,GREEN,FALSE
4354,Evan Perkins,katherinejimenez@example.org,UNITED KINGDOM,EUROPE,NONE,FALSE
4355,Eric Skinner,johntravis@example.org,UNITED STATES,AMERICA,NONE,TRUE
4356,Kathy Martin MD,vdennis@example.net,UNITED STATES,AMERICA,GOLD,TRUE
4357,Megan Johnson,lisapatel@example.net,GERMANY,EUROPE,NONE,FALSE
4358,Dana Butler,jennifer00@example.org,UNITED STATES,AMERICA,NONE,FALSE
4359,Christian Jones,andrew17@example.org,SWEDEN,EUROPE,NONE,TRUE
4360,Dennis Henderson,ewalters@example.net,GERMANY,EUROPE,SILVER,FALSE
4361,Ricky Lee,campbellcatherine@example.com,FRANCE,EUROPE,SILVER,FALSE
4362,Sarah Clark,sydneyramirez@example.net,UNITED STATES,AMERICA,GREEN,FALSE
4363,Jon Lewis,kristopheranderson@example.org,UNITED STATES,AMERICA,NONE,FALSE
4364,Austin Williams,phillipsrandall@example.org,AUSTRALIA,APAC,NONE,FALSE
4365,Eduardo Gonzalez,matthewcook@example.net,SWEDEN,EUROPE,NONE,TRUE
4366,Eric Williams,jwolf@example.net,SWEDEN,EUROPE,GOLD,FALSE
4367,Meghan Carlson,rodney72@example.net,GERMANY,EUROPE,SILVER,TRUE
4368,James Norman,despinoza@example.com,SPAIN,EUROPE,NONE,TRUE
4369,Nicolas Hardin,robinsontimothy@example.net,SWEDEN,EUROPE,NONE,FALSE
4370,Richard Obrien,patelaudrey@example.net,UNITED KINGDOM,EUROPE,NONE,TRUE
4371,Mark Martin,william30@example.com,SPAIN,EUROPE,SILVER,TRUE
4372,Kevin Flores,znoble@example.org,CANADA,AMERICA,SILVER,FALSE
4373,Rachel Clayton,juanryan@example.net,FRANCE,EUROPE,GOLD,TRUE
4374,Vernon Riley,umaxwell@example.net,UNITED STATES,AMERICA,GREEN,TRUE
4375,Mark Pope,nancy58@example.com,UNITED STATES,AMERICA,GREEN,TRUE
4376,Susan Rodriguez,john62@example.org,GERMANY,EUROPE,SILVER,FALSE
4377,Douglas Torres,katiesilva@example.com,UNITED STATES,AMERICA,NONE,TRUE
4378,Justin King,uperez@example.com,SPAIN,EUROPE,SILVER,TRUE
4379,Alejandra Rowland,estuart@example.com,UNITED KINGDOM,EUROPE,SILVER,TRUE
4380,Justin Ramirez,mcdanielmichael@example.net,GERMANY,EUROPE,NONE,FALSE
4381,Michelle Campos,joseph07@example.net,GERMANY,EUROPE,NONE,TRUE
4382,Megan Bryant,dawnmerritt@example.org,UNITED KINGDOM,EUROPE,GREEN,TRUE
4383,Rebecca Farmer,yangstanley@example.org,UNITED KINGDOM,EUROPE,NONE,TRUE
4384,Alexa Ramirez,troy11@example.org,UNITED STATES,AMERICA,NONE,TRUE
4385,Brian Wallace,amedina@example.com,UNITED KINGDOM,EUROPE,GOLD,TRUE
4386,Stephen Cisneros,andrea67@example.org,NETHERLANDS,EUROPE,SILVER,TRUE
4387,Dawn Hill,smartinez@example.com,NETHERLANDS,EUROPE,GREEN,TRUE
4388,Tonya Brown,anna67@example.org,FRANCE,EUROPE,NONE,TRUE
4389,Alan Wilson,aowens@example.org,SWEDEN,EUROPE,SILVER,FALSE
4390,Gabriel Frank,donna30@example.com,CANADA,AMERICA,GREEN,FALSE
4391,Eric Bennett,kbarton@example.net,GERMANY,EUROPE,SILVER,FALSE
4392,Mary Scott,fischerdanielle@example.org,NETHERLANDS,EUROPE,SILVER,FALSE
4393,Tyler Palmer,langscott@example.net,UNITED STATES,AMERICA,GOLD,TRUE
4394,Kathryn Lawrence,joseskinner@example.org,AUSTRALIA,APAC,NONE,TRUE
4395,Alex Wyatt,garciasarah@example.org,GERMANY,EUROPE,NONE,TRUE
4396,Jorge Saunders,john31@example.com,UNITED KINGDOM,EUROPE,NONE,TRUE
4397,Melissa Ochoa,hicksdavid@example.com,GERMANY,EUROPE,GOLD,FALSE
4398,Bobby Montoya,smithjoseph@example.com,JAPAN,ASIA,GREEN,TRUE
4399,Nicholas Moore,eshaffer@example.com,NETHERLANDS,EUROPE,GREEN,FALSE
4400,Robert Ponce,jason25@example.org,JAPAN,ASIA,SILVER,FALSE
4401,Megan Harris,underwoodjonathan@example.net,FRANCE,EUROPE,SILVER,FALSE
4402,Kevin Mora,bowmananthony@example.org,CANADA,AMERICA,GREEN,FALSE
4403,David Morales MD,bowersmichael@example.org,CANADA,AMERICA,GREEN,FALSE
4404,William Parker,deborahcoleman@example.com,UNITED STATES,AMERICA,GOLD,TRUE
4405,Theresa Goodman,lisa84@example.net,GERMANY,EUROPE,GOLD,TRUE
4406,Reginald Wilson,rrodriguez@example.com,UNITED STATES,AMERICA,NONE,FALSE
4407,Lisa Baldwin,joseph26@example.net,JAPAN,ASIA,NONE,FALSE
4408,Donald Wilcox,jason58@example.org,AUSTRALIA,APAC,SILVER,FALSE
4409,Cameron Davidson,brian14@example.net,AUSTRALIA,APAC,GREEN,FALSE
4410,Sarah Collins,whitejames@example.org,GERMANY,EUROPE,NONE,FALSE
4411,Jacob Hall,william35@example.net,AUSTRALIA,APAC,NONE,FALSE
4412,Joseph Rogers,fstewart@example.net,JAPAN,ASIA,NONE,TRUE
4413,Anita Parks,xstokes@example.com,AUSTRALIA,APAC,GREEN,FALSE
4414,Samantha Barr,henry77@example.com,GERMANY,EUROPE,SILVER,FALSE
4415,Mr. Theodore Cunningham,laura30@example.com,UNITED KINGDOM,EUROPE,GREEN,TRUE
4416,Robert Williams,hughesamanda@example.net,SWEDEN,EUROPE,GREEN,TRUE
4417,Jeanette Payne,susanpowers@example.com,UNITED STATES,AMERICA,NONE,TRUE
4418,Rebekah Crawford,kristenochoa@example.net,UNITED STATES,AMERICA,GREEN,FALSE
4419,Matthew Roberts,gsmith@example.org,UNITED STATES,AMERICA,GREEN,FALSE
4420,Stephen King,xmoore@example.com,AUSTRALIA,APAC,NONE,FALSE
4421,Heather Gonzalez,wwilliams@example.com,GERMANY,EUROPE,NONE,TRUE
4422,Roy Mendez,donaldchen@example.com,FRANCE,EUROPE,NONE,FALSE
4423,Jeremiah Thomas,michaelhurley@example.org,FRANCE,EUROPE,GOLD,TRUE
4424,Elizabeth Martinez,nayala@example.org,NETHERLANDS,EUROPE,SILVER,TRUE
4425,Matthew Hall,john98@example.net,GERMANY,EUROPE,NONE,TRUE
4426,Derek Moore,eric36@example.org,AUSTRALIA,APAC,GREEN,FALSE
4427,Kathryn Lozano,vswanson@example.com,UNITED STATES,AMERICA,GOLD,TRUE
4428,Nicole Gomez,megan81@example.org,UNITED STATES,AMERICA,NONE,FALSE
4429,Corey Rodriguez,erin27@example.net,UNITED STATES,AMERICA,GREEN,FALSE
4430,Darryl Horn,rachel23@example.net,GERMANY,EUROPE,NONE,TRUE
4431,Jennifer Wade,thomasgarcia@example.com,SPAIN,EUROPE,NONE,FALSE
4432,Debra Johnson,tiffany46@example.com,SWEDEN,EUROPE,NONE,FALSE
4433,Annette Martin,fhall@example.org,NETHERLANDS,EUROPE,NONE,FALSE
4434,Hayley Pace,amandamorrison@example.org,CANADA,AMERICA,NONE,TRUE
4435,Matthew Shelton,briana28@example.net,UNITED STATES,AMERICA,GREEN,FALSE
4436,Jessica Velazquez,yhenry@example.com,UNITED STATES,AMERICA,NONE,TRUE
4437,Mario Flores,jay37@example.org,UNITED STATES,AMERICA,GREEN,FALSE
4438,Brandi Alexander,cathycarrillo@example.net,UNITED STATES,AMERICA,GREEN,TRUE
4439,Roger Cooper,smithnicolas@example.com,UNITED KINGDOM,EUROPE,GREEN,FALSE
4440,Christopher Scott,stephanie86@example.net,UNITED STATES,AMERICA,GREEN,TRUE
4441,Janet Tyler,jay71@example.com,SWEDEN,EUROPE,SILVER,FALSE
4442,Karen Rodriguez,kellyadam@example.net,AUSTRALIA,APAC,NONE,TRUE
4443,Ana Chavez,ortegaashley@example.com,FRANCE,EUROPE,GREEN,FALSE
4444,Marcus Skinner,ocole@example.org,GERMANY,EUROPE,NONE,TRUE
4445,Miss Virginia Small,shelly48@example.com,JAPAN,ASIA,SILVER,FALSE
4446,William Moore,xsantiago@example.net,UNITED STATES,AMERICA,NONE,TRUE
4447,Stephanie Johnson,robertmoran@example.org,AUSTRALIA,APAC,NONE,TRUE
4448,Kaitlyn Thompson,kmiller@example.org,GERMANY,EUROPE,GREEN,TRUE
4449,Sarah Cantrell,hector95@example.net,UNITED KINGDOM,EUROPE,GOLD,FALSE
4450,Andrew Young,hesslisa@example.net,UNITED STATES,AMERICA,NONE,FALSE
4451,Julie Bell,yward@example.net,FRANCE,EUROPE,SILVER,TRUE
4452,Christopher Smith,bauermichelle@example.net,UNITED STATES,AMERICA,NONE,TRUE
4453,Austin Rogers,stephanienavarro@example.org,FRANCE,EUROPE,GREEN,FALSE
4454,Tasha Williams,wsnyder@example.net,GERMANY,EUROPE,NONE,TRUE
4455,Kari Peterson,stefanie09@example.com,UNITED STATES,AMERICA,NONE,FALSE
4456,Anne Rogers,christine72@example.org,CANADA,AMERICA,GREEN,TRUE
4457,Marco Byrd,seanshaw@example.com,SWEDEN,EUROPE,NONE,FALSE
4458,Thomas Roberts,benjaminmcguire@example.org,GERMANY,EUROPE,NONE,FALSE
4459,Debra Bates,fleminghaley@example.com,FRANCE,EUROPE,NONE,FALSE
4460,John Hughes,sarahjacobs@example.org,NETHERLANDS,EUROPE,SILVER,FALSE
4461,Sue Rodriguez,ccole@example.com,UNITED STATES,AMERICA,GREEN,TRUE
4462,Meghan Powers,velliott@example.net,JAPAN,ASIA,NONE,TRUE
4463,Theresa Patel,enelson@example.org,UNITED STATES,AMERICA,GREEN,TRUE
4464,Matthew Pineda,bdavidson@example.com,GERMANY,EUROPE,NONE,FALSE
4465,Kathy Weber,umedina@example.org,FRANCE,EUROPE,NONE,TRUE
4466,Anthony Rasmussen,bailey16@example.net,AUSTRALIA,APAC,NONE,TRUE
4467,Michael Harper,saragreen@example.org,SWEDEN,EUROPE,GREEN,FALSE
4468,Mrs. Alexis Alexander,benjamin93@example.com,UNITED STATES,AMERICA,GOLD,TRUE
4469,Robert Massey,phillip92@example.com,UNITED STATES,AMERICA,GREEN,TRUE
4470,Stephanie Taylor,basskiara@example.org,AUSTRALIA,APAC,GOLD,FALSE
4471,Tiffany Moore,tamaraparsons@example.org,GERMANY,EUROPE,NONE,FALSE
4472,James Webb,vanessamoore@example.org,UNITED STATES,AMERICA,GREEN,TRUE
4473,Juan Peterson,kristin15@example.org,CANADA,AMERICA,GOLD,TRUE
4474,Eric Peterson,ajames@example.net,GERMANY,EUROPE,GREEN,TRUE
4475,Misty Smith,sabrina83@example.com,GERMANY,EUROPE,NONE,TRUE
4476,Amber Mckay,harrisrenee@example.org,UNITED STATES,AMERICA,NONE,TRUE
4477,Vanessa Underwood,mmorgan@example.org,GERMANY,EUROPE,NONE,FALSE
4478,Erica Oconnor,christina97@example.net,FRANCE,EUROPE,GREEN,TRUE
4479,Rose Johnson,bsolis@example.org,GERMANY,EUROPE,GREEN,TRUE
4480,Dominic Bennett,kristin37@example.org,NETHERLANDS,EUROPE,NONE,FALSE
4481,Rachel Quinn MD,sbraun@example.org,NETHERLANDS,EUROPE,NONE,FALSE
4482,Jeffrey Keller,sallen@example.com,AUSTRALIA,APAC,GOLD,TRUE
4483,Shaun Knox,zzimmerman@example.com,GERMANY,EUROPE,GREEN,FALSE
4484,Nancy Scott,martha66@example.org,JAPAN,ASIA,NONE,TRUE
4485,Donna Ryan,rparker@example.org,NETHERLANDS,EUROPE,NONE,TRUE
4486,Isaiah Hall Jr.,swansoncassandra@example.net,FRANCE,EUROPE,NONE,FALSE
4487,Jason Fletcher,christophermartin@example.org,UNITED KINGDOM,EUROPE,GREEN,TRUE
4488,Laura Richards,davidhart@example.org,GERMANY,EUROPE,NONE,TRUE
4489,Michael Martinez,dorothysmith@example.net,NETHERLANDS,EUROPE,SILVER,FALSE
4490,Jorge Leblanc,robert71@example.com,UNITED STATES,AMERICA,NONE,FALSE
4491,Mary Rodriguez,ysantos@example.com,UNITED STATES,AMERICA,GOLD,TRUE
4492,Ethan Kelley,barbaramcclain@example.com,GERMANY,EUROPE,NONE,TRUE
4493,Nancy Wood,yvasquez@example.net,AUSTRALIA,APAC,NONE,TRUE
4494,Nicole Ross,lisa66@example.com,UNITED STATES,AMERICA,NONE,FALSE
4495,Karen Long,david85@example.net,NETHERLANDS,EUROPE,NONE,TRUE
4496,Jeffrey Rivera,sara17@example.com,UNITED STATES,AMERICA,SILVER,TRUE
4497,Kenneth Medina,lmoreno@example.net,NETHERLANDS,EUROPE,GREEN,FALSE
4498,Whitney Mcdonald,joy22@example.org,NETHERLANDS,EUROPE,NONE,FALSE
4499,Michael Spencer,perrycatherine@example.net,GERMANY,EUROPE,NONE,TRUE
4500,Julie Shelton,rglover@example.org,UNITED STATES,AMERICA,NONE,FALSE
4501,Robert Taylor,bvalencia@example.org,SPAIN,EUROPE,NONE,TRUE
4502,Danielle Mcbride,scottbrian@example.org,UNITED STATES,AMERICA,SILVER,FALSE
4503,Cheryl Knight,johnsmith@example.org,UNITED STATES,AMERICA,NONE,FALSE
4504,Brian Melton,elizabeth65@example.com,SWEDEN,EUROPE,NONE,TRUE
4505,Erica Mills,nathan45@example.org,AUSTRALIA,APAC,SILVER,FALSE
4506,Ashley Jones,robertellis@example.com,UNITED STATES,AMERICA,SILVER,TRUE
4507,Michael Mills,charles79@example.net,UNITED STATES,AMERICA,GREEN,TRUE
4508,Jonathan Marquez,douglasmark@example.com,AUSTRALIA,APAC,GOLD,TRUE
4509,Suzanne Reynolds,dianeharris@example.net,JAPAN,ASIA,NONE,FALSE
4510,Laura Page,ebeck@example.com,UNITED STATES,AMERICA,NONE,TRUE
4511,Tammy Murphy,smckee@example.org,GERMANY,EUROPE,GREEN,FALSE
4512,Nicole Kaiser,banderson@example.net,SPAIN,EUROPE,NONE,TRUE
4513,John Padilla,brittanylong@example.net,JAPAN,ASIA,GOLD,FALSE
4514,Diane Reynolds,mary79@example.com,FRANCE,EUROPE,GOLD,FALSE
4515,John Acosta,davisnatalie@example.org,JAPAN,ASIA,NONE,FALSE
4516,Tara Sweeney,lawsonbrian@example.net,GERMANY,EUROPE,NONE,FALSE
4517,Nathan Lowe,marylopez@example.net,JAPAN,ASIA,GOLD,TRUE
4518,Brian Anderson,dana90@example.net,GERMANY,EUROPE,NONE,TRUE
4519,Guy Hogan,margaretochoa@example.net,JAPAN,ASIA,NONE,TRUE
4520,Michael Hernandez,myersronald@example.org,GERMANY,EUROPE,NONE,TRUE
4521,Cynthia Lewis,benjamin24@example.org,UNITED KINGDOM,EUROPE,NONE,FALSE
4522,Janet Morris,bestalexis@example.org,UNITED STATES,AMERICA,GREEN,FALSE
4523,Emily Blackburn,cameron42@example.org,CANADA,AMERICA,NONE,TRUE
4524,Douglas Evans,brandon45@example.org,UNITED STATES,AMERICA,GREEN,TRUE
4525,Nichole Lewis,shellyrobertson@example.net,AUSTRALIA,APAC,GREEN,FALSE
4526,Sonia Franklin,qjohnson@example.com,UNITED KINGDOM,EUROPE,GREEN,FALSE
4527,Timothy Harris,solomonalexander@example.com,FRANCE,EUROPE,SILVER,TRUE
4528,Justin Young,jacqueline32@example.com,GERMANY,EUROPE,NONE,FALSE
4529,Marvin Burns,matthew76@example.org,UNITED KINGDOM,EUROPE,SILVER,TRUE
4530,Jeremy Alvarez,matthewcollins@example.org,CANADA,AMERICA,NONE,FALSE
4531,Timothy White,gsullivan@example.com,CANADA,AMERICA,GOLD,FALSE
4532,Danielle Robinson,catherinewhite@example.net,CANADA,AMERICA,GREEN,FALSE
4533,Charles Jones,peckcorey@example.com,UNITED STATES,AMERICA,NONE,TRUE
4534,Courtney Wright,kimthomas@example.net,UNITED STATES,AMERICA,GREEN,TRUE
4535,Lisa Mcclure,patriciaburnett@example.com,CANADA,AMERICA,GREEN,FALSE
4536,Michael Collier,guerracarrie@example.net,SWEDEN,EUROPE,NONE,TRUE
4537,Connie Ellison,hernandezscott@example.net,UNITED KINGDOM,EUROPE,GREEN,TRUE
4538,Michael Cox,fcontreras@example.com,JAPAN,ASIA,NONE,TRUE
4539,Angela Stevenson,lshepard@example.org,GERMANY,EUROPE,NONE,TRUE
4540,Timothy Myers,carly00@example.net,UNITED STATES,AMERICA,NONE,FALSE
4541,David Long,philiproberts@example.org,UNITED STATES,AMERICA,GREEN,FALSE
4542,Nicole Elliott,qchapman@example.org,GERMANY,EUROPE,NONE,TRUE
4543,Philip Leblanc,welchsteven@example.org,UNITED STATES,AMERICA,SILVER,TRUE
4544,Steve Alexander,luismurray@example.org,UNITED STATES,AMERICA,NONE,FALSE
4545,Katie Khan,udorsey@example.net,JAPAN,ASIA,GOLD,FALSE
4546,Mr. Thomas Lopez,jeffery00@example.net,GERMANY,EUROPE,SILVER,FALSE
4547,Anthony Henderson,matthewsimon@example.com,FRANCE,EUROPE,NONE,TRUE
4548,Karen Griffin,justin58@example.com,GERMANY,EUROPE,GREEN,FALSE
4549,Christopher Barrett,ppena@example.com,GERMANY,EUROPE,NONE,TRUE
4550,Jason Robinson,jenniferwilkins@example.com,UNITED STATES,AMERICA,SILVER,TRUE
4551,Valerie Santiago,shawna15@example.com,CANADA,AMERICA,SILVER,TRUE
4552,Nancy Cook,nedwards@example.com,UNITED STATES,AMERICA,SILVER,TRUE
4553,Nicole Roth,daniel76@example.net,UNITED STATES,AMERICA,SILVER,FALSE
4554,Heather Montoya,robin65@example.com,GERMANY,EUROPE,GOLD,TRUE
4555,Richard Davidson,janicewest@example.com,SPAIN,EUROPE,NONE,FALSE
4556,Keith Foster,zachary21@example.org,FRANCE,EUROPE,SILVER,TRUE
4557,Catherine Clay,christopher45@example.com,FRANCE,EUROPE,NONE,TRUE
4558,Kevin Richardson,shawnanderson@example.com,JAPAN,ASIA,SILVER,FALSE
4559,Andrew Jones,shariparker@example.org,AUSTRALIA,APAC,NONE,FALSE
4560,Ryan Williams,walkertommy@example.org,UNITED KINGDOM,EUROPE,NONE,FALSE
4561,Brenda Smith,michaeltodd@example.com,GERMANY,EUROPE,SILVER,FALSE
4562,Megan Obrien,catherinewood@example.org,UNITED STATES,AMERICA,GREEN,FALSE
4563,Megan Raymond,ashley28@example.com,AUSTRALIA,APAC,NONE,TRUE
4564,Robert Rhodes,james08@example.com,FRANCE,EUROPE,GREEN,TRUE
4565,Christy Lutz,karen67@example.net,UNITED KINGDOM,EUROPE,NONE,FALSE
4566,Amber Rowland,lanceross@example.com,UNITED STATES,AMERICA,NONE,TRUE
4567,Eric Hoffman,anoble@example.net,UNITED STATES,AMERICA,NONE,FALSE
4568,Madeline Clark,rwagner@example.net,JAPAN,ASIA,GREEN,TRUE
4569,Nicholas Moreno,beth56@example.org,JAPAN,ASIA,SILVER,TRUE
4570,Rebecca Bennett,jasongentry@example.org,CANADA,AMERICA,SILVER,FALSE
4571,Nicholas Moore,crystaltorres@example.com,UNITED STATES,AMERICA,NONE,TRUE
4572,Sally Obrien,thomasbrown@example.net,UNITED KINGDOM,EUROPE,NONE,FALSE
4573,Christopher Norman,jonking@example.com,SWEDEN,EUROPE,GREEN,TRUE
4574,Brian Gomez,carol61@example.net,GERMANY,EUROPE,GREEN,TRUE
4575,James Palmer,waynedunn@example.net,SWEDEN,EUROPE,GREEN,FALSE
4576,Melissa Sosa,josephking@example.com,AUSTRALIA,APAC,NONE,FALSE
4577,Nicole Frazier,christopher69@example.net,JAPAN,ASIA,GOLD,FALSE
4578,Robert Hall,joshua88@example.org,GERMANY,EUROPE,NONE,TRUE
4579,Cynthia Garcia,amymartinez@example.net,SWEDEN,EUROPE,SILVER,FALSE
4580,Debra Fisher,ballarddeanna@example.org,CANADA,AMERICA,NONE,TRUE
4581,Johnny Montes II,davisemily@example.org,GERMANY,EUROPE,SILVER,FALSE
4582,Robert Jones,codyduran@example.org,NETHERLANDS,EUROPE,GREEN,FALSE
4583,Mark Allen,coxjavier@example.org,SWEDEN,EUROPE,NONE,TRUE
4584,Roger Walsh,erikacarter@example.org,JAPAN,ASIA,GREEN,FALSE
4585,Cassandra Jackson,whitedavid@example.net,UNITED STATES,AMERICA,SILVER,FALSE
4586,Karen Johnson,whitemichael@example.org,FRANCE,EUROPE,SILVER,FALSE
4587,Tiffany Davis,utucker@example.com,UNITED STATES,AMERICA,NONE,FALSE
4588,Melissa Smith,vaughndiana@example.net,FRANCE,EUROPE,GREEN,TRUE
4589,Dr. Tiffany Bennett MD,lorithompson@example.com,UNITED STATES,AMERICA,GREEN,FALSE
4590,Kendra Scott,kristendixon@example.com,UNITED KINGDOM,EUROPE,NONE,FALSE
4591,Thomas Edwards,ntorres@example.org,JAPAN,ASIA,GOLD,FALSE
4592,William Brown,esmith@example.org,UNITED KINGDOM,EUROPE,SILVER,FALSE
4593,Charlotte Johnson,brian93@example.net,UNITED STATES,AMERICA,GREEN,TRUE
4594,Michelle Smith DVM,justinreeves@example.net,UNITED STATES,AMERICA,NONE,TRUE
4595,Ryan Jackson,awade@example.org,UNITED STATES,AMERICA,NONE,TRUE
4596,Kyle Mckinney,josephjones@example.org,UNITED STATES,AMERICA,NONE,FALSE
4597,Noah Bell,xcruz@example.org,JAPAN,ASIA,NONE,TRUE
4598,Amanda Martin,danielkim@example.net,UNITED STATES,AMERICA,GREEN,TRUE
4599,Dylan Rice,garyhughes@example.net,CANADA,AMERICA,NONE,TRUE
4600,Paul Miller,hwagner@example.com,UNITED STATES,AMERICA,SILVER,TRUE
4601,Mrs. Sandra Herrera,stephaniesmith@example.com,GERMANY,EUROPE,GREEN,TRUE
4602,Colin Sanders,karen67@example.org,UNITED STATES,AMERICA,NONE,FALSE
4603,Carolyn Williams,christopher53@example.net,SWEDEN,EUROPE,NONE,FALSE
4604,Diane Nunez,latoya19@example.net,SPAIN,EUROPE,NONE,TRUE
4605,Benjamin Ortega,westlaura@example.org,FRANCE,EUROPE,NONE,FALSE
4606,Kathryn Martin,robert77@example.org,UNITED STATES,AMERICA,GREEN,FALSE
4607,Jonathan King,dbishop@example.net,UNITED KINGDOM,EUROPE,GOLD,TRUE
4608,Matthew Perez,santosphilip@example.net,UNITED STATES,AMERICA,GREEN,TRUE
4609,Andrew Peck,marcrobbins@example.org,SWEDEN,EUROPE,NONE,TRUE
4610,Steven Ramos,cdavidson@example.org,UNITED STATES,AMERICA,NONE,TRUE
4611,Brenda Lopez,wilsonhannah@example.org,AUSTRALIA,APAC,NONE,FALSE
4612,Isaac Davis,bryanlee@example.org,AUSTRALIA,APAC,NONE,FALSE
4613,Craig Reyes,joneschristine@example.org,FRANCE,EUROPE,NONE,FALSE
4614,Christopher Williams,caleb74@example.com,UNITED STATES,AMERICA,NONE,FALSE
4615,Michelle Murray,wnelson@example.com,JAPAN,ASIA,NONE,TRUE
4616,Susan Hawkins,crystaldavis@example.com,NETHERLANDS,EUROPE,GREEN,FALSE
4617,Jo Keller,parkerkenneth@example.net,SPAIN,EUROPE,GREEN,FALSE
4618,David Mcgrath,rayrobin@example.org,UNITED KINGDOM,EUROPE,SILVER,TRUE
4619,Tiffany Hill DVM,sporter@example.com,CANADA,AMERICA,GOLD,FALSE
4620,Jason Jones,david96@example.net,UNITED KINGDOM,EUROPE,GREEN,FALSE
4621,John Carroll,colekirk@example.org,GERMANY,EUROPE,GREEN,FALSE
4622,Karen Meza,andersonelijah@example.org,CANADA,AMERICA,GREEN,TRUE
4623,Darlene Galloway,kevinwagner@example.org,UNITED STATES,AMERICA,SILVER,TRUE
4624,Matthew Morris,jessicabrown@example.com,AUSTRALIA,APAC,GREEN,FALSE
4625,Maria White,alexandria87@example.org,UNITED STATES,AMERICA,NONE,TRUE
4626,Jonathan Thompson,nbernard@example.net,UNITED STATES,AMERICA,GREEN,TRUE
4627,Cheryl Fuller,jackie02@example.net,UNITED STATES,AMERICA,NONE,FALSE
4628,Amanda Ochoa,barbaramorales@example.com,GERMANY,EUROPE,NONE,FALSE
4629,Larry Rice,smitchell@example.com,GERMANY,EUROPE,GREEN,TRUE
4630,Jesse Richards,luisblake@example.net,CANADA,AMERICA,GREEN,FALSE
4631,Michael Morrison,zstanley@example.org,GERMANY,EUROPE,NONE,TRUE
4632,Brittney Wright,mariavincent@example.org,UNITED STATES,AMERICA,NONE,TRUE
4633,Lydia Brown,jenkinsjames@example.com,FRANCE,EUROPE,GOLD,TRUE
4634,Audrey Vazquez,christopherross@example.org,JAPAN,ASIA,GREEN,TRUE
4635,Michael Cooper,klewis@example.net,AUSTRALIA,APAC,NONE,TRUE
4636,Catherine Robinson,stephen44@example.com,UNITED STATES,AMERICA,NONE,FALSE
4637,Robert Wilson,james42@example.org,JAPAN,ASIA,NONE,FALSE
4638,John Baker,kelly95@example.com,FRANCE,EUROPE,SILVER,TRUE
4639,Carol Hess,hayden46@example.org,UNITED STATES,AMERICA,GOLD,FALSE
4640,Stephanie Jones,martinezrenee@example.com,GERMANY,EUROPE,SILVER,FALSE
4641,Maria Thompson,donna42@example.net,FRANCE,EUROPE,NONE,FALSE
4642,Kathryn Ramos,scott35@example.org,UNITED KINGDOM,EUROPE,GREEN,FALSE
4643,Lisa Rice,pbrooks@example.net,JAPAN,ASIA,GREEN,TRUE
4644,Heather Dickerson,marshalllisa@example.com,JAPAN,ASIA,GREEN,TRUE
4645,Tony Jones,melissacastillo@example.net,UNITED KINGDOM,EUROPE,NONE,FALSE
4646,Michael Young,susan82@example.com,NETHERLANDS,EUROPE,NONE,TRUE
4647,Craig Jones,taylorrichard@example.com,NETHERLANDS,EUROPE,GREEN,FALSE
4648,Cynthia Mendoza,tcase@example.org,UNITED STATES,AMERICA,GREEN,FALSE
4649,Victoria Reid,crystal06@example.com,UNITED STATES,AMERICA,GREEN,FALSE
4650,Leslie Wilson,graymichelle@example.net,UNITED KINGDOM,EUROPE,NONE,FALSE
4651,Paul Gentry,ibarradylan@example.org,GERMANY,EUROPE,GOLD,FALSE
4652,Katherine Sosa,cruzalbert@example.org,UNITED STATES,AMERICA,NONE,TRUE
4653,Deborah Miller,garciarachel@example.com,JAPAN,ASIA,NONE,FALSE
4654,Nicholas Lee,qwilliams@example.org,JAPAN,ASIA,NONE,TRUE
4655,William Martin,gmccormick@example.org,UNITED STATES,AMERICA,GREEN,TRUE
4656,Ashley Thompson,qoneal@example.net,NETHERLANDS,EUROPE,NONE,TRUE
4657,Kimberly Thomas,jeffersonchristine@example.com,JAPAN,ASIA,GREEN,FALSE
4658,Robin Goodwin,qwagner@example.org,UNITED KINGDOM,EUROPE,GREEN,FALSE
4659,Antonio Jones,ramirezjoseph@example.com,UNITED STATES,AMERICA,NONE,TRUE
4660,Martin Walker,tjackson@example.net,SPAIN,EUROPE,GREEN,FALSE
4661,Andrea Petty,gene59@example.net,GERMANY,EUROPE,SILVER,FALSE
4662,Denise Hester,nterry@example.com,GERMANY,EUROPE,GOLD,TRUE
4663,Lisa Jackson,anthonyedwards@example.com,CANADA,AMERICA,GREEN,FALSE
4664,Mary Burke,peterhamilton@example.com,UNITED STATES,AMERICA,NONE,TRUE
4665,Mario Williams,catherineblair@example.net,AUSTRALIA,APAC,NONE,TRUE
4666,Aaron Campbell,ashleyhester@example.com,UNITED KINGDOM,EUROPE,NONE,FALSE
4667,Jessica Johnson,alyssasaunders@example.net,UNITED STATES,AMERICA,NONE,FALSE
4668,Mark Reyes,bondrobert@example.com,GERMANY,EUROPE,NONE,FALSE
4669,John Stark,knoxmark@example.org,UNITED STATES,AMERICA,GREEN,TRUE
4670,Anita Davis,david22@example.com,UNITED STATES,AMERICA,SILVER,FALSE
4671,Matthew Melendez,walterdavid@example.com,GERMANY,EUROPE,GOLD,TRUE
4672,Edward Shaw,marcbrooks@example.com,UNITED STATES,AMERICA,NONE,TRUE
4673,Donald Sanchez,lgallagher@example.com,SPAIN,EUROPE,GREEN,FALSE
4674,Jermaine Kline,kiara57@example.org,GERMANY,EUROPE,NONE,FALSE
4675,Dr. Justin Brady,jessica25@example.org,UNITED KINGDOM,EUROPE,SILVER,TRUE
4676,Tony Hurley,robert90@example.org,UNITED KINGDOM,EUROPE,NONE,TRUE
4677,Renee Mejia,melissachapman@example.net,UNITED STATES,AMERICA,GOLD,TRUE
4678,Lisa Hart,kmurphy@example.org,SPAIN,EUROPE,GREEN,TRUE
4679,Jennifer Scott,thomaslori@example.net,NETHERLANDS,EUROPE,GOLD,TRUE
4680,Debra Kim,castrokatherine@example.com,UNITED STATES,AMERICA,GREEN,FALSE
4681,Angela Anderson,robertsingh@example.com,FRANCE,EUROPE,GREEN,FALSE
4682,Connie Neal,chad39@example.com,FRANCE,EUROPE,SILVER,FALSE
4683,David Martin,robert42@example.net,FRANCE,EUROPE,NONE,FALSE
4684,Christopher Nelson,donald63@example.org,UNITED STATES,AMERICA,SILVER,TRUE
4685,Jason Jones,mfox@example.com,UNITED KINGDOM,EUROPE,NONE,TRUE
4686,Christopher Reyes,wendy33@example.net,UNITED KINGDOM,EUROPE,GREEN,TRUE
4687,Donna Joseph,castillolinda@example.com,JAPAN,ASIA,GREEN,TRUE
4688,David Duke,bruceochoa@example.com,UNITED KINGDOM,EUROPE,NONE,TRUE
4689,Joseph Turner,bdelgado@example.org,UNITED STATES,AMERICA,GREEN,TRUE
4690,Megan Mccoy,christopherruiz@example.net,CANADA,AMERICA,NONE,FALSE
4691,Monique Sutton,johnsonjohn@example.com,AUSTRALIA,APAC,NONE,FALSE
4692,Dr. Timothy Jimenez,dlogan@example.org,UNITED STATES,AMERICA,NONE,FALSE
4693,Gloria Finley,wcollins@example.com,UNITED STATES,AMERICA,NONE,TRUE
4694,Stephen Clark,austinlinda@example.net,AUSTRALIA,APAC,NONE,TRUE
4695,Hunter Stevenson,rodriguezbrent@example.com,UNITED KINGDOM,EUROPE,NONE,TRUE
4696,Laura Watson,lynnmedina@example.net,JAPAN,ASIA,SILVER,TRUE
4697,Cheryl Wright,harriserika@example.org,CANADA,AMERICA,NONE,FALSE
4698,Matthew Edwards,marshalldouglas@example.com,NETHERLANDS,EUROPE,NONE,FALSE
4699,Charles Flynn,cruzjuan@example.org,UNITED STATES,AMERICA,NONE,FALSE
4700,Zachary Francis,kevin87@example.com,FRANCE,EUROPE,GREEN,FALSE
4701,Timothy Conway,jhaley@example.org,UNITED STATES,AMERICA,GOLD,TRUE
4702,Dawn Taylor,lwright@example.net,UNITED KINGDOM,EUROPE,SILVER,FALSE
4703,Jeffrey Murphy,whull@example.org,FRANCE,EUROPE,SILVER,TRUE
4704,Brooke Yang,william37@example.com,GERMANY,EUROPE,SILVER,TRUE
4705,Caitlyn Payne,alyssa89@example.org,UNITED STATES,AMERICA,NONE,FALSE
4706,Stefanie Higgins,maria51@example.com,UNITED STATES,AMERICA,NONE,TRUE
4707,Felicia Aguilar,lee64@example.com,UNITED STATES,AMERICA,GREEN,TRUE
4708,Randall Thomas,johnsoncharles@example.com,CANADA,AMERICA,SILVER,FALSE
4709,Shane Good,xsimpson@example.com,CANADA,AMERICA,NONE,TRUE
4710,Steve Cobb,mgill@example.net,NETHERLANDS,EUROPE,SILVER,FALSE
4711,Andrew Barry,nicholas09@example.net,UNITED KINGDOM,EUROPE,GREEN,TRUE
4712,Jessica Thomas,rebecca28@example.net,UNITED STATES,AMERICA,NONE,TRUE
4713,Robert Collins,murrayrachel@example.org,FRANCE,EUROPE,GREEN,FALSE
4714,Kathleen Nelson,pwilliams@example.org,SWEDEN,EUROPE,GREEN,TRUE
4715,Daniel Evans,imatthews@example.net,FRANCE,EUROPE,GOLD,FALSE
4716,Janice Adams,lmorris@example.com,CANADA,AMERICA,GREEN,FALSE
4717,Matthew Robbins,mistywolf@example.com,JAPAN,ASIA,SILVER,FALSE
4718,Steven Morgan Jr.,erin66@example.net,CANADA,AMERICA,SILVER,TRUE
4719,Andrea Howard,urodriguez@example.com,JAPAN,ASIA,GOLD,FALSE
4720,Megan Miller,lperry@example.com,UNITED STATES,AMERICA,GREEN,FALSE
4721,Ms. Jennifer Francis,oking@example.org,FRANCE,EUROPE,GREEN,TRUE
4722,Stephen Edwards,ewilson@example.org,CANADA,AMERICA,SILVER,FALSE
4723,Geoffrey Joyce,davidescobar@example.org,FRANCE,EUROPE,GREEN,FALSE
4724,Jacqueline Lawson,watkinschristopher@example.org,SWEDEN,EUROPE,GREEN,FALSE
4725,Jessica Bradley,angela69@example.com,JAPAN,ASIA,GOLD,FALSE
4726,Kelly Duncan,fstevenson@example.net,SWEDEN,EUROPE,GREEN,FALSE
4727,Danny Bailey,qsims@example.net,NETHERLANDS,EUROPE,GREEN,FALSE
4728,Kenneth Rivas,henrybailey@example.net,CANADA,AMERICA,NONE,FALSE
4729,Jennifer Anderson,pughdennis@example.com,UNITED STATES,AMERICA,NONE,FALSE
4730,Thomas Miranda,freemanjames@example.org,CANADA,AMERICA,NONE,FALSE
4731,Ann Petersen,rsanchez@example.net,GERMANY,EUROPE,GOLD,FALSE
4732,Joseph Contreras,lisasmith@example.org,UNITED STATES,AMERICA,NONE,FALSE
4733,Adam Lopez,pruiz@example.net,UNITED STATES,AMERICA,NONE,TRUE
4734,Jesse Myers,gabriel98@example.com,UNITED KINGDOM,EUROPE,GOLD,TRUE
4735,April Evans,masseyjennifer@example.org,JAPAN,ASIA,NONE,FALSE
4736,Caitlin Harris,karenparker@example.net,UNITED STATES,AMERICA,GREEN,FALSE
4737,Jeremy Hancock,yclark@example.com,UNITED STATES,AMERICA,SILVER,FALSE
4738,Nathaniel Cobb,jmiller@example.net,UNITED STATES,AMERICA,NONE,TRUE
4739,Brittany Sanford,mcdanielruben@example.net,SWEDEN,EUROPE,GOLD,TRUE
4740,Lauren Wagner,qlevy@example.org,UNITED STATES,AMERICA,NONE,FALSE
4741,Christina Banks,mckinneyclifford@example.org,NETHERLANDS,EUROPE,NONE,FALSE
4742,Angela Washington,pachecojason@example.com,UNITED STATES,AMERICA,NONE,TRUE
4743,James Long,timothy81@example.net,FRANCE,EUROPE,GOLD,FALSE
4744,Jason Sweeney,matthew33@example.net,CANADA,AMERICA,SILVER,FALSE
4745,Anthony Thompson DDS,vanessa03@example.com,CANADA,AMERICA,GREEN,FALSE
4746,Gregory Barker,kellereric@example.com,UNITED STATES,AMERICA,GREEN,FALSE
4747,Beth Norris,robert19@example.net,UNITED STATES,AMERICA,NONE,FALSE
4748,Robert Clayton,brianpowell@example.com,GERMANY,EUROPE,NONE,TRUE
4749,Joy Jones,srivera@example.net,FRANCE,EUROPE,SILVER,FALSE
4750,Joshua Jones,ernest98@example.org,GERMANY,EUROPE,NONE,TRUE
4751,Stephanie Blankenship,murphyjoshua@example.com,UNITED STATES,AMERICA,GREEN,TRUE
4752,Jason Andrews,ricardomiller@example.com,UNITED KINGDOM,EUROPE,GREEN,TRUE
4753,Ryan Taylor,susanwarner@example.com,UNITED KINGDOM,EUROPE,GREEN,FALSE
4754,Keith Murphy,jeanette90@example.org,JAPAN,ASIA,NONE,TRUE
4755,Kristina Baker,jake45@example.com,UNITED STATES,AMERICA,GREEN,TRUE
4756,Dr. Jason Foster,samanthaherrera@example.com,CANADA,AMERICA,GREEN,FALSE
4757,Gerald Waters,mannbrandi@example.org,CANADA,AMERICA,NONE,FALSE
4758,Linda Cortez,jrobertson@example.org,GERMANY,EUROPE,NONE,FALSE
4759,Marilyn Figueroa,susan93@example.com,UNITED STATES,AMERICA,NONE,FALSE
4760,Tammy Riley,christopher70@example.com,UNITED KINGDOM,EUROPE,SILVER,TRUE
4761,Justin Murphy,robertthornton@example.com,UNITED KINGDOM,EUROPE,GREEN,FALSE
4762,Whitney Gonzales,caldwellanthony@example.org,NETHERLANDS,EUROPE,GOLD,TRUE
4763,Michelle Pierce,hardingeric@example.net,NETHERLANDS,EUROPE,GREEN,TRUE
4764,Jennifer Woods,scottblackburn@example.org,UNITED STATES,AMERICA,NONE,FALSE
4765,Courtney Schroeder,valeriebennett@example.com,UNITED KINGDOM,EUROPE,GREEN,TRUE
4766,Mr. Brian Fuller,baileydonna@example.com,GERMANY,EUROPE,SILVER,FALSE
4767,Dustin Atkins Jr.,cburns@example.com,CANADA,AMERICA,NONE,FALSE
4768,Robert Harris,charlesking@example.net,CANADA,AMERICA,NONE,FALSE
4769,Tracy Vang,vanessa88@example.com,GERMANY,EUROPE,NONE,FALSE
4770,Daisy Guerrero,zachary86@example.net,UNITED STATES,AMERICA,GREEN,FALSE
4771,Samuel Rivera,taylorbrittany@example.org,JAPAN,ASIA,NONE,TRUE
4772,Stephen Anderson,tracey80@example.net,GERMANY,EUROPE,NONE,TRUE
4773,Garrett Williams,atkinsonkimberly@example.com,UNITED STATES,AMERICA,NONE,TRUE
4774,Ethan Cobb,williamschad@example.net,GERMANY,EUROPE,SILVER,TRUE
4775,Tracy Schaefer,gclark@example.com,AUSTRALIA,APAC,GOLD,FALSE
4776,Jeremy Chang,crystalchandler@example.com,GERMANY,EUROPE,NONE,FALSE
4777,James Armstrong,spencerjoshua@example.org,SWEDEN,EUROPE,SILVER,TRUE
4778,Joseph Shah,hjimenez@example.org,FRANCE,EUROPE,NONE,FALSE
4779,Curtis Smith,david84@example.net,UNITED KINGDOM,EUROPE,GREEN,FALSE
4780,Casey Mccoy,millerrebecca@example.net,SPAIN,EUROPE,SILVER,TRUE
4781,Perry Burke,lanegabriel@example.net,FRANCE,EUROPE,NONE,FALSE
4782,Roger Edwards,vhowell@example.net,SWEDEN,EUROPE,SILVER,TRUE
4783,Michael Wolf,johndaniels@example.com,UNITED STATES,AMERICA,GREEN,FALSE
4784,Victoria Price,ojohnson@example.com,UNITED KINGDOM,EUROPE,SILVER,TRUE
4785,Sarah Mills,paula13@example.com,NETHERLANDS,EUROPE,NONE,TRUE
4786,Daniel Salazar,ipierce@example.com,AUSTRALIA,APAC,NONE,FALSE
4787,Michael Delgado,ricewilliam@example.com,CANADA,AMERICA,GREEN,TRUE
4788,Michael Carroll,cynthiasalas@example.com,FRANCE,EUROPE,SILVER,FALSE
4789,Catherine Goodwin,williamrich@example.com,FRANCE,EUROPE,NONE,FALSE
4790,Timothy Hansen,david31@example.org,SPAIN,EUROPE,GREEN,TRUE
4791,Katrina Brown,zcalderon@example.com,UNITED STATES,AMERICA,NONE,FALSE
4792,Kevin Huerta DDS,kathrynbaxter@example.org,SWEDEN,EUROPE,NONE,TRUE
4793,Kerry Haas,cflores@example.com,SWEDEN,EUROPE,NONE,FALSE
4794,Jonathan Goodwin,johnhuff@example.org,UNITED STATES,AMERICA,GREEN,TRUE
4795,James Burns,prodriguez@example.org,GERMANY,EUROPE,NONE,FALSE
4796,Kyle Bates,nicholaspeterson@example.com,UNITED KINGDOM,EUROPE,NONE,TRUE
4797,Thomas Campbell,qwoods@example.net,UNITED STATES,AMERICA,NONE,TRUE
4798,Michael Parker,shauncannon@example.com,UNITED STATES,AMERICA,NONE,TRUE
4799,Eric Roman,tonyamorris@example.net,CANADA,AMERICA,GOLD,TRUE
4800,Ryan Munoz,mannlisa@example.com,UNITED KINGDOM,EUROPE,GREEN,TRUE
4801,Pamela Garcia,edwardsryan@example.org,UNITED STATES,AMERICA,NONE,FALSE
4802,Kimberly Cooper,steve46@example.com,UNITED STATES,AMERICA,SILVER,TRUE
4803,Mariah Brown MD,walleramy@example.net,UNITED STATES,AMERICA,NONE,TRUE
4804,Wendy Villarreal,jonathonmorris@example.org,UNITED KINGDOM,EUROPE,SILVER,FALSE
4805,John Hicks,owilliams@example.com,AUSTRALIA,APAC,SILVER,FALSE
4806,Stephanie Bennett,melissawaters@example.net,CANADA,AMERICA,GREEN,FALSE
4807,Eric Mata,devon57@example.org,UNITED STATES,AMERICA,NONE,FALSE
4808,Evan Gilmore,jennifer82@example.com,FRANCE,EUROPE,SILVER,TRUE
4809,Joshua Colon,lindaali@example.net,UNITED STATES,AMERICA,NONE,FALSE
4810,Susan Marshall,hrodriguez@example.net,CANADA,AMERICA,NONE,TRUE
4811,Patricia Espinoza,dcarpenter@example.net,UNITED STATES,AMERICA,NONE,TRUE
4812,Jason Trujillo,cynthiajohnson@example.net,AUSTRALIA,APAC,SILVER,TRUE
4813,Marisa Ramirez,sgoodwin@example.org,AUSTRALIA,APAC,NONE,FALSE
4814,Brendan Ritter,samanthahogan@example.org,JAPAN,ASIA,GREEN,FALSE
4815,Kenneth Ramirez,sarahmiles@example.org,NETHERLANDS,EUROPE,SILVER,TRUE
4816,Melissa Camacho,plopez@example.net,FRANCE,EUROPE,GREEN,FALSE
4817,Sharon Davis,joshua54@example.org,UNITED STATES,AMERICA,GREEN,FALSE
4818,Lisa Flores,christophercannon@example.org,UNITED STATES,AMERICA,NONE,TRUE
4819,Hannah Walker,rebeccamoore@example.org,GERMANY,EUROPE,NONE,FALSE
4820,Connor Contreras,parkersean@example.net,UNITED STATES,AMERICA,GREEN,FALSE
4821,Heather Garcia,fpena@example.org,AUSTRALIA,APAC,GREEN,FALSE
4822,Patrick Richardson,ithompson@example.com,UNITED STATES,AMERICA,NONE,TRUE
4823,Emily Carter,kennethhughes@example.net,FRANCE,EUROPE,GREEN,FALSE
4824,Samantha Hahn,jasonray@example.com,UNITED STATES,AMERICA,NONE,TRUE
4825,Cassandra Harper,randall36@example.org,FRANCE,EUROPE,NONE,FALSE
4826,Dale Smith,paul17@example.org,CANADA,AMERICA,NONE,TRUE
4827,Tracy Hernandez,youngjared@example.com,AUSTRALIA,APAC,SILVER,TRUE
4828,Anthony Bryan,krista74@example.net,CANADA,AMERICA,GREEN,FALSE
4829,Brandon Roman,jonathanpearson@example.org,CANADA,AMERICA,NONE,TRUE
4830,Melanie Perez,brownstephanie@example.org,SPAIN,EUROPE,NONE,FALSE
4831,David Bennett,tracimaddox@example.net,UNITED STATES,AMERICA,NONE,FALSE
4832,Russell Torres,karen85@example.com,UNITED STATES,AMERICA,GREEN,TRUE
4833,Tammy Bean,franciscoandrews@example.org,SPAIN,EUROPE,SILVER,TRUE
4834,Ashley Smith,alison10@example.com,CANADA,AMERICA,NONE,FALSE
4835,Patricia Burgess,whitepedro@example.org,CANADA,AMERICA,SILVER,TRUE
4836,Kevin Walsh,qgreen@example.com,CANADA,AMERICA,NONE,TRUE
4837,Ronald Weber,ivance@example.com,UNITED STATES,AMERICA,GOLD,FALSE
4838,Vincent Butler,sgardner@example.com,UNITED KINGDOM,EUROPE,GREEN,FALSE
4839,Dr. Connie Carey,jordanbrian@example.org,AUSTRALIA,APAC,NONE,TRUE
4840,Denise Prince,michaelnewton@example.org,CANADA,AMERICA,NONE,FALSE
4841,Robert May,mcdanielkatelyn@example.net,NETHERLANDS,EUROPE,GREEN,TRUE
4842,Allison Sanchez,mooneydanielle@example.net,FRANCE,EUROPE,GREEN,FALSE
4843,Jeffery Wallace,amber33@example.net,AUSTRALIA,APAC,GREEN,FALSE
4844,Bryan Gallagher,spencer55@example.com,UNITED KINGDOM,EUROPE,NONE,TRUE
4845,Andrea Hart,kellychang@example.org,AUSTRALIA,APAC,NONE,FALSE
4846,Robert White,kellydesiree@example.org,FRANCE,EUROPE,SILVER,TRUE
4847,Shannon Frazier,danielalexander@example.com,UNITED STATES,AMERICA,GREEN,FALSE
4848,Barbara Ochoa,klawson@example.com,UNITED KINGDOM,EUROPE,NONE,TRUE
4849,Sarah Malone,tdoyle@example.org,UNITED STATES,AMERICA,SILVER,FALSE
4850,Thomas Brown,john32@example.com,NETHERLANDS,EUROPE,GREEN,FALSE
4851,Perry Tucker,ycervantes@example.org,GERMANY,EUROPE,GREEN,TRUE
4852,Katie Campbell,blakesarah@example.net,GERMANY,EUROPE,GOLD,TRUE
4853,Karen Long,jason99@example.com,GERMANY,EUROPE,NONE,FALSE
4854,Nicholas Todd,leetricia@example.net,UNITED KINGDOM,EUROPE,NONE,FALSE
4855,David Davis,irios@example.net,JAPAN,ASIA,NONE,FALSE
4856,Kaylee Burnett,theresa48@example.com,NETHERLANDS,EUROPE,NONE,FALSE
4857,Felicia Johnson,david23@example.com,UNITED KINGDOM,EUROPE,NONE,FALSE
4858,Brian Mendez MD,jonathan93@example.net,UNITED KINGDOM,EUROPE,GOLD,FALSE
4859,Benjamin Martinez,melissa00@example.org,UNITED KINGDOM,EUROPE,NONE,FALSE
4860,Heather Rice,rose86@example.com,GERMANY,EUROPE,GOLD,TRUE
4861,Katelyn Clark,kimberly96@example.com,GERMANY,EUROPE,NONE,TRUE
4862,Aaron Taylor,dgray@example.com,UNITED STATES,AMERICA,SILVER,FALSE
4863,Rebecca Baker,adamgarcia@example.org,UNITED KINGDOM,EUROPE,GREEN,FALSE
4864,Jose Clark,michaelmathews@example.net,UNITED STATES,AMERICA,NONE,TRUE
4865,Laurie Campbell,jason35@example.org,JAPAN,ASIA,GREEN,TRUE
4866,Chad Lawson,timothy75@example.org,UNITED STATES,AMERICA,NONE,FALSE
4867,Jessica Castro,robinsonjoy@example.com,UNITED STATES,AMERICA,NONE,FALSE
4868,John Jones,edward81@example.org,UNITED STATES,AMERICA,SILVER,TRUE
4869,John Tanner,chelseasuarez@example.net,UNITED STATES,AMERICA,SILVER,FALSE
4870,Louis Smith,john52@example.net,GERMANY,EUROPE,GREEN,TRUE
4871,Sarah Williams,jacob98@example.com,GERMANY,EUROPE,SILVER,TRUE
4872,Donna Grimes,millerchristine@example.net,GERMANY,EUROPE,GREEN,TRUE
4873,Nathan Gibson MD,pharris@example.com,UNITED KINGDOM,EUROPE,NONE,FALSE
4874,Amanda Hodges,johnstonrobert@example.net,UNITED STATES,AMERICA,GREEN,TRUE
4875,Eric Carson,vdavila@example.net,UNITED KINGDOM,EUROPE,GREEN,FALSE
4876,Jerry Lynch,chananthony@example.org,CANADA,AMERICA,NONE,FALSE
4877,Danielle Cooper,rebekahmorales@example.net,UNITED STATES,AMERICA,SILVER,FALSE
4878,Tammy Stone,carterdaniel@example.net,AUSTRALIA,APAC,SILVER,TRUE
4879,Stephen Patterson DDS,anthonyfoley@example.org,UNITED KINGDOM,EUROPE,NONE,TRUE
4880,Stephanie Shaw,zstanley@example.org,UNITED STATES,AMERICA,NONE,TRUE
4881,Jessica Leblanc,hugheswilliam@example.org,NETHERLANDS,EUROPE,NONE,TRUE
4882,David Hines,johnsonamanda@example.com,NETHERLANDS,EUROPE,NONE,TRUE
4883,Justin Reeves,hfitzpatrick@example.org,CANADA,AMERICA,SILVER,TRUE
4884,Robert Benson,trandouglas@example.net,GERMANY,EUROPE,GREEN,FALSE
4885,Carol Henry,rhonda24@example.net,UNITED KINGDOM,EUROPE,GREEN,FALSE
4886,Lauren Weber,hjohnson@example.com,UNITED KINGDOM,EUROPE,GREEN,FALSE
4887,Michael Byrd,nancy37@example.net,UNITED KINGDOM,EUROPE,GREEN,TRUE
4888,Michael Ramirez,nnolan@example.org,GERMANY,EUROPE,NONE,TRUE
4889,Isabella Powell,hjohnson@example.com,UNITED KINGDOM,EUROPE,NONE,TRUE
4890,Sandra Scott,nelsonkevin@example.org,UNITED STATES,AMERICA,NONE,FALSE
4891,Nicholas Johnson,cwood@example.org,JAPAN,ASIA,GREEN,FALSE
4892,Scott Martinez,xedwards@example.org,SWEDEN,EUROPE,NONE,FALSE
4893,William Tucker,kwarren@example.org,UNITED KINGDOM,EUROPE,SILVER,TRUE
4894,Kathy Villanueva,eric34@example.com,UNITED STATES,AMERICA,GREEN,TRUE
4895,Michelle Johnston PhD,paulabrooks@example.net,UNITED KINGDOM,EUROPE,SILVER,TRUE
4896,Karen Lee,urussell@example.com,UNITED KINGDOM,EUROPE,GREEN,TRUE
4897,Todd Hicks,shuff@example.net,UNITED STATES,AMERICA,SILVER,FALSE
4898,Dana Estrada,kentmary@example.com,AUSTRALIA,APAC,GOLD,TRUE
4899,Kevin Dominguez,deborah90@example.com,JAPAN,ASIA,SILVER,FALSE
4900,Kathleen Martinez,james60@example.net,NETHERLANDS,EUROPE,SILVER,TRUE
4901,Dylan Walker,scottsylvia@example.org,SPAIN,EUROPE,GREEN,TRUE
4902,Troy Brown,david16@example.net,GERMANY,EUROPE,GREEN,FALSE
4903,Johnny Bell,afrank@example.com,UNITED STATES,AMERICA,GOLD,FALSE
4904,Christopher West,bgarcia@example.org,SPAIN,EUROPE,GREEN,FALSE
4905,Erika Jenkins,gregory72@example.net,CANADA,AMERICA,SILVER,TRUE
4906,Sydney Watts,williamsoto@example.com,AUSTRALIA,APAC,SILVER,FALSE
4907,Jennifer Sanders,melaniegonzales@example.org,CANADA,AMERICA,SILVER,TRUE
4908,Emily Sampson,obowman@example.net,UNITED KINGDOM,EUROPE,GREEN,FALSE
4909,Jordan Forbes,nina25@example.com,UNITED STATES,AMERICA,NONE,FALSE
4910,Douglas Roman,tinawilliams@example.org,NETHERLANDS,EUROPE,SILVER,FALSE
4911,Alex Steele,floreslaura@example.com,NETHERLANDS,EUROPE,NONE,FALSE
4912,Robert Long,younganthony@example.net,CANADA,AMERICA,GREEN,TRUE
4913,Kaitlin Davis,erictownsend@example.org,FRANCE,EUROPE,NONE,FALSE
4914,Michelle Reyes,usullivan@example.com,GERMANY,EUROPE,GREEN,FALSE
4915,Erika Fitzgerald,joshuaburton@example.net,UNITED STATES,AMERICA,GOLD,FALSE
4916,Scott Levine,jeffrey32@example.net,GERMANY,EUROPE,NONE,TRUE
4917,Susan Owens,diazpamela@example.org,UNITED KINGDOM,EUROPE,GREEN,FALSE
4918,Kelly Mckay,hwalker@example.org,UNITED STATES,AMERICA,GREEN,TRUE
4919,Robert Mathews,vphillips@example.com,GERMANY,EUROPE,SILVER,TRUE
4920,Brian Wilson,vsmith@example.com,FRANCE,EUROPE,NONE,FALSE
4921,Vicki Smith,cindybrooks@example.net,FRANCE,EUROPE,NONE,TRUE
4922,Johnathan Yates,christopher35@example.net,FRANCE,EUROPE,NONE,TRUE
4923,Sara Coffey,urios@example.net,UNITED STATES,AMERICA,GREEN,FALSE
4924,Chris Ross,ryan06@example.net,FRANCE,EUROPE,NONE,FALSE
4925,Max Brown,olsonkathleen@example.net,GERMANY,EUROPE,SILVER,FALSE
4926,Jillian Crane,clinejames@example.net,CANADA,AMERICA,NONE,FALSE
4927,George Jones,shawngonzalez@example.com,GERMANY,EUROPE,SILVER,FALSE
4928,Felicia Lucas,webertravis@example.net,UNITED STATES,AMERICA,NONE,FALSE
4929,Craig Adams,sandersfelicia@example.org,GERMANY,EUROPE,NONE,FALSE
4930,Todd Ballard,pcarrillo@example.org,GERMANY,EUROPE,SILVER,TRUE
4931,Bethany Leonard,rebecca70@example.net,AUSTRALIA,APAC,NONE,TRUE
4932,Anna Mayo,nelsonhannah@example.org,GERMANY,EUROPE,GREEN,FALSE
4933,Jessica Gilbert,bradley89@example.net,AUSTRALIA,APAC,GREEN,FALSE
4934,Jermaine Gibbs,angela12@example.com,CANADA,AMERICA,GREEN,FALSE
4935,Katherine Howe,alansmith@example.org,GERMANY,EUROPE,NONE,FALSE
4936,Joshua Watkins,riveradestiny@example.net,NETHERLANDS,EUROPE,GREEN,TRUE
4937,Bryan Smith,justinfranco@example.com,SPAIN,EUROPE,SILVER,FALSE
4938,Kristen Figueroa DDS,morgantina@example.net,CANADA,AMERICA,GREEN,FALSE
4939,Tyler Holmes,lpatrick@example.net,SWEDEN,EUROPE,GREEN,FALSE
4940,Cody Garcia,yvonnedavis@example.net,UNITED KINGDOM,EUROPE,NONE,FALSE
4941,Eric Johnson,susanjones@example.com,JAPAN,ASIA,NONE,TRUE
4942,Tonya Gallegos,douglas12@example.net,FRANCE,EUROPE,NONE,TRUE
4943,Monica Knight,randymoore@example.com,UNITED STATES,AMERICA,NONE,TRUE
4944,Debra Hicks,brenda59@example.org,UNITED STATES,AMERICA,NONE,TRUE
4945,Jasmine Atkins,aaronwalker@example.net,UNITED STATES,AMERICA,SILVER,FALSE
4946,Natasha Wood,tyler16@example.com,GERMANY,EUROPE,GREEN,FALSE
4947,Samuel Ellison,clarkjustin@example.net,UNITED STATES,AMERICA,NONE,TRUE
4948,Sarah Turner,groberts@example.com,UNITED KINGDOM,EUROPE,NONE,FALSE
4949,Andrew Cruz,james22@example.org,UNITED STATES,AMERICA,NONE,FALSE
4950,Zachary Kaiser,gcruz@example.org,UNITED STATES,AMERICA,NONE,FALSE
4951,Steven Caldwell,lisa57@example.com,UNITED STATES,AMERICA,SILVER,FALSE
4952,James Gordon,wattsmelissa@example.org,UNITED STATES,AMERICA,GREEN,TRUE
4953,Emily Brandt,miguelschultz@example.com,GERMANY,EUROPE,NONE,TRUE
4954,Megan Wells,anne81@example.net,UNITED STATES,AMERICA,GREEN,FALSE
4955,Jeffrey Reyes,laustin@example.com,JAPAN,ASIA,GREEN,TRUE
4956,Linda Patrick,kgraham@example.org,JAPAN,ASIA,NONE,TRUE
4957,Joshua Miller,theodorehall@example.com,JAPAN,ASIA,NONE,FALSE
4958,Daniel Stevenson,tammy78@example.net,GERMANY,EUROPE,NONE,FALSE
4959,Amanda Stein,patriciasmith@example.com,UNITED KINGDOM,EUROPE,GREEN,FALSE
4960,Michael Johnson Jr.,michael02@example.net,UNITED STATES,AMERICA,SILVER,FALSE
4961,Peter Mitchell,xwalker@example.net,JAPAN,ASIA,NONE,TRUE
4962,Brandon Beard,heather91@example.org,UNITED STATES,AMERICA,GREEN,TRUE
4963,Charlotte Allen,wilcoxryan@example.net,UNITED KINGDOM,EUROPE,NONE,FALSE
4964,Tracy Gates,beasleyrobert@example.com,UNITED STATES,AMERICA,GREEN,TRUE
4965,Dawn Olson,karenmarquez@example.org,JAPAN,ASIA,SILVER,FALSE
4966,Shane Phillips,williamwright@example.com,UNITED STATES,AMERICA,NONE,FALSE
4967,Carrie Smith,daysergio@example.net,GERMANY,EUROPE,SILVER,FALSE
4968,Marc Reed,jacobfitzpatrick@example.com,SWEDEN,EUROPE,NONE,TRUE
4969,Frederick Vargas,dennisanderson@example.com,UNITED KINGDOM,EUROPE,NONE,FALSE
4970,Randy Bryant,michael50@example.org,NETHERLANDS,EUROPE,NONE,FALSE
4971,Mary Boyd DVM,christopherwalls@example.com,UNITED STATES,AMERICA,GREEN,FALSE
4972,Jessica Johnson,olopez@example.net,SWEDEN,EUROPE,NONE,FALSE
4973,Michelle Ferguson,gregory04@example.com,FRANCE,EUROPE,NONE,TRUE
4974,Michael Holt,miguelshaw@example.net,AUSTRALIA,APAC,NONE,FALSE
4975,Paul Brown,ujohnston@example.org,GERMANY,EUROPE,GREEN,TRUE
4976,Cassandra Peterson,deannabrown@example.com,UNITED STATES,AMERICA,NONE,TRUE
4977,Brad Barnes,svargas@example.com,AUSTRALIA,APAC,GREEN,FALSE
4978,Jill Chavez,meyerkathleen@example.net,JAPAN,ASIA,SILVER,FALSE
4979,Cindy Perry,marksmolly@example.com,NETHERLANDS,EUROPE,NONE,FALSE
4980,Donna Walsh,janetbrown@example.net,UNITED KINGDOM,EUROPE,NONE,TRUE
4981,Nicole Thompson,susan01@example.net,FRANCE,EUROPE,NONE,TRUE
4982,Daniel Freeman,rtaylor@example.org,UNITED STATES,AMERICA,NONE,FALSE
4983,Rachael Gray,kelly99@example.com,SWEDEN,EUROPE,SILVER,FALSE
4984,Laura Zimmerman,lisabauer@example.org,UNITED STATES,AMERICA,NONE,TRUE
4985,Nathan Martinez,davisjonathan@example.net,UNITED KINGDOM,EUROPE,SILVER,FALSE
4986,Mary Carlson,fwhite@example.com,UNITED KINGDOM,EUROPE,GREEN,TRUE
4987,Kevin Rodriguez PhD,cunninghamraymond@example.org,UNITED STATES,AMERICA,SILVER,FALSE
4988,Rachel Ritter,beckalan@example.net,NETHERLANDS,EUROPE,SILVER,FALSE
4989,Todd Robertson,rmccullough@example.org,UNITED KINGDOM,EUROPE,GREEN,TRUE
4990,Karen Nunez,nancy96@example.com,GERMANY,EUROPE,SILVER,FALSE
4991,Matthew Harvey,melissadodson@example.com,CANADA,AMERICA,GOLD,TRUE
4992,Caleb Marshall,caleb34@example.org,JAPAN,ASIA,GOLD,FALSE
4993,Cynthia Hall,rford@example.com,GERMANY,EUROPE,SILVER,TRUE
4994,Kathleen Lewis,paulwhitaker@example.com,NETHERLANDS,EUROPE,GREEN,FALSE
4995,Karen Williams,smithjeanne@example.net,UNITED STATES,AMERICA,NONE,FALSE
4996,Brandon Smith,rjones@example.net,AUSTRALIA,APAC,GREEN,FALSE
4997,Jordan Sosa,qmiller@example.net,GERMANY,EUROPE,NONE,FALSE
4998,Karen Baker,tlong@example.com,UNITED KINGDOM,EUROPE,NONE,FALSE
4999,Kathleen Barnett,vhernandez@example.org,UNITED STATES,AMERICA,GREEN,TRUE
5000,Paul Jackson,michealhenderson@example.net,GERMANY,EUROPE,NONE,TRUE
